frame_idx,time_s,joint_idx,joint_name,x,y,z,event_label
0,0.0,0,hip_center,0.000638909637928009,0.0007153357728384435,-0.000270807184278965,
0,0.0,1,right_hip,-0.06968044489622116,-0.00082131422823295,0.014501441270112991,
0,0.0,2,right_knee,-0.1143626868724823,0.24543921649456024,-0.021252620965242386,
0,0.0,3,right_ankle,-0.15997210144996643,0.4755263328552246,0.03666337952017784,
0,0.0,4,left_hip,0.0709577351808548,0.002251974307000637,-0.015042945742607117,
0,0.0,5,left_knee,0.11142154783010483,0.24498452246189117,-0.028852669522166252,
0,0.0,6,left_ankle,0.14625929296016693,0.47089073061943054,0.03481679409742355,
0,0.0,7,spine,0.004133882001042366,-0.11962735652923584,-0.08842408657073975,
0,0.0,8,thorax,0.007629080675542355,-0.2399778515100479,-0.17658308148384094,
0,0.0,9,neck,-0.00795332994312048,-0.2683052718639374,-0.2135791927576065,
0,0.0,10,head,-0.019434191286563873,-0.3001837432384491,-0.2492169737815857,
0,0.0,11,left_shoulder,0.10237155854701996,-0.2400428056716919,-0.16652512550354004,
0,0.0,12,left_elbow,0.09330042451620102,-0.08329038321971893,-0.1563066989183426,
0,0.0,13,left_wrist,0.0740693211555481,0.06955356895923615,-0.14730308949947357,
0,0.0,14,right_shoulder,-0.08660130947828293,-0.22503124177455902,-0.17563927173614502,
0,0.0,15,right_elbow,-0.047364480793476105,-0.06274764239788055,-0.15639257431030273,
0,0.0,16,right_wrist,0.009709753096103668,0.07352152466773987,-0.14524292945861816,
1,0.033367,0,hip_center,0.0006346669979393482,0.0007034327136352658,-0.0002605051267892122,
1,0.033367,1,right_hip,-0.06968693435192108,-0.0008130933856591582,0.014503121376037598,
1,0.033367,2,right_knee,-0.114262156188488,0.24546261131763458,-0.02127993479371071,
1,0.033367,3,right_ankle,-0.15985801815986633,0.47556161880493164,0.036599669605493546,
1,0.033367,4,left_hip,0.07095575332641602,0.0022199423983693123,-0.015024022199213505,
1,0.033367,5,left_knee,0.11150488257408142,0.24493232369422913,-0.028937941417098045,
1,0.033367,6,left_ankle,0.1463567018508911,0.47083187103271484,0.03474745154380798,
1,0.033367,7,spine,0.004148139618337154,-0.11962488293647766,-0.088432677090168,
1,0.033367,8,thorax,0.007661845535039902,-0.23996099829673767,-0.1766105592250824,
1,0.033367,9,neck,-0.007865166291594505,-0.26834020018577576,-0.21359026432037354,
1,0.033367,10,head,-0.01931886002421379,-0.30023816227912903,-0.2492193579673767,
1,0.033367,11,left_shoulder,0.10239878296852112,-0.24005429446697235,-0.16650089621543884,
1,0.033367,12,left_elbow,0.09336257725954056,-0.0833006501197815,-0.15627016127109528,
1,0.033367,13,left_wrist,0.0741017609834671,0.06954072415828705,-0.1472862958908081,
1,0.033367,14,right_shoulder,-0.08657009899616241,-0.22501973807811737,-0.17573942244052887,
1,0.033367,15,right_elbow,-0.04724970459938049,-0.06275701522827148,-0.15648721158504486,
1,0.033367,16,right_wrist,0.009853202849626541,0.07349470257759094,-0.14527162909507751,
2,0.066733,0,hip_center,0.0006278399960137904,0.0006827782490290701,-0.00024095652042888105,
2,0.066733,1,right_hip,-0.0696960911154747,-0.0007938530179671943,0.014515604823827744,
2,0.066733,2,right_knee,-0.11408720165491104,0.24551407992839813,-0.021274663507938385,
2,0.066733,3,right_ankle,-0.1596590280532837,0.475633442401886,0.03654283285140991,
2,0.066733,4,left_hip,0.07095124572515488,0.0021593687124550343,-0.014997403137385845,
2,0.066733,5,left_knee,0.11165639758110046,0.2448386251926422,-0.029033008962869644,
2,0.066733,6,left_ankle,0.1465376913547516,0.4707367420196533,0.03464118763804436,
2,0.066733,7,spine,0.0041773575358092785,-0.11961964517831802,-0.08844698965549469,
2,0.066733,8,thorax,0.0077271354384720325,-0.23992986977100372,-0.1766587793827057,
2,0.066733,9,neck,-0.007728243712335825,-0.26836949586868286,-0.2136220633983612,
2,0.066733,10,head,-0.019146796315908432,-0.30028676986694336,-0.24924513697624207,
2,0.066733,11,left_shoulder,0.10245441645383835,-0.24007202684879303,-0.16645951569080353,
2,0.066733,12,left_elbow,0.09346956014633179,-0.08331690728664398,-0.1562064290046692,
2,0.066733,13,left_wrist,0.07415637373924255,0.06952129304409027,-0.1472811996936798,
2,0.066733,14,right_shoulder,-0.0865062028169632,-0.22499090433120728,-0.17590801417827606,
2,0.066733,15,right_elbow,-0.047049108892679214,-0.06276364624500275,-0.1566365659236908,
2,0.066733,16,right_wrist,0.010100580751895905,0.07346104085445404,-0.14533108472824097,
3,0.1001,0,hip_center,0.0006196280010044575,0.0006577807944267988,-0.00021965931227896363,
3,0.1001,1,right_hip,-0.06970679014921188,-0.0007637965027242899,0.014530479907989502,
3,0.1001,2,right_knee,-0.11385301500558853,0.2455918788909912,-0.021233879029750824,
3,0.1001,3,right_ankle,-0.159393772482872,0.4757431149482727,0.03648114949464798,
3,0.1001,4,left_hip,0.07094551622867584,0.0020792637951672077,-0.014969684183597565,
3,0.1001,5,left_knee,0.11187003552913666,0.2447158545255661,-0.029104728251695633,
3,0.1001,6,left_ankle,0.14678584039211273,0.47063058614730835,0.03449177369475365,
3,0.1001,7,spine,0.004221578128635883,-0.11961282789707184,-0.08846694976091385,
3,0.1001,8,thorax,0.007823857478797436,-0.2398911714553833,-0.1767200529575348,
3,0.1001,9,neck,-0.007567470893263817,-0.26837384700775146,-0.21367692947387695,
3,0.1001,10,head,-0.01895087957382202,-0.300301730632782,-0.2493017613887787,
3,0.1001,11,left_shoulder,0.10253820568323135,-0.24008819460868835,-0.16640235483646393,
3,0.1001,12,left_elbow,0.0936141163110733,-0.08333216607570648,-0.15611009299755096,
3,0.1001,13,left_wrist,0.07423799484968185,0.06950399279594421,-0.14728689193725586,
3,0.1001,14,right_shoulder,-0.08640893548727036,-0.22494223713874817,-0.17611229419708252,
3,0.1001,15,right_elbow,-0.04677577689290047,-0.06276288628578186,-0.15679892897605896,
3,0.1001,16,right_wrist,0.010435003787279129,0.07342873513698578,-0.14540448784828186,
4,0.133467,0,hip_center,0.0006122832419350743,0.0006287287687882781,-0.00019329859060235322,
4,0.133467,1,right_hip,-0.06971516460180283,-0.0007234115619212389,0.014558438211679459,
4,0.133467,2,right_knee,-0.11356576532125473,0.24569663405418396,-0.021126359701156616,
4,0.133467,3,right_ankle,-0.15906500816345215,0.4758932590484619,0.03644014522433281,
4,0.133467,4,left_hip,0.07093920558691025,0.0019806837663054466,-0.014944923110306263,
4,0.133467,5,left_knee,0.11214062571525574,0.24456854164600372,-0.029111267998814583,
4,0.133467,6,left_ankle,0.14709784090518951,0.47052496671676636,0.034314051270484924,
4,0.133467,7,spine,0.004278942942619324,-0.119606614112854,-0.088485948741436,
4,0.133467,8,thorax,0.007946056313812733,-0.23984968662261963,-0.1767844259738922,
4,0.133467,9,neck,-0.007384441792964935,-0.26835739612579346,-0.21374726295471191,
4,0.133467,10,head,-0.01872808113694191,-0.30028805136680603,-0.24938228726387024,
4,0.133467,11,left_shoulder,0.10264548659324646,-0.24010123312473297,-0.16633178293704987,
4,0.133467,12,left_elbow,0.09378790110349655,-0.0833442211151123,-0.15599700808525085,
4,0.133467,13,left_wrist,0.07433894276618958,0.06949067115783691,-0.1473129391670227,
4,0.133467,14,right_shoulder,-0.08628375828266144,-0.2248767465353012,-0.17632465064525604,
4,0.133467,15,right_elbow,-0.046447817236185074,-0.06275270879268646,-0.15696406364440918,
4,0.133467,16,right_wrist,0.010835349559783936,0.07340113818645477,-0.14548218250274658,
5,0.166834,0,hip_center,0.000604988366831094,0.0005972643848508596,-0.0001641170383663848,
5,0.166834,1,right_hip,-0.06972263008356094,-0.0006713608745485544,0.014594233594834805,
5,0.166834,2,right_knee,-0.11324027180671692,0.2458246499300003,-0.020973138511180878,
5,0.166834,3,right_ankle,-0.15868687629699707,0.47607946395874023,0.036401960998773575,
5,0.166834,4,left_hip,0.07093209028244019,0.0018655708990991116,-0.01492235530167818,
5,0.166834,5,left_knee,0.11245457082986832,0.24440160393714905,-0.02903902903199196,
5,0.166834,6,left_ankle,0.1474526822566986,0.470425546169281,0.034122664481401443,
5,0.166834,7,spine,0.004345227032899857,-0.11959870904684067,-0.0885072872042656,
5,0.166834,8,thorax,0.00808609277009964,-0.23980237543582916,-0.17685632407665253,
5,0.166834,9,neck,-0.007186284288764,-0.2683148980140686,-0.21383950114250183,
5,0.166834,10,head,-0.018486768007278442,-0.3002375364303589,-0.24949538707733154,
5,0.166834,11,left_shoulder,0.10276927053928375,-0.24010977149009705,-0.16625891625881195,
5,0.166834,12,left_elbow,0.09397344291210175,-0.0833515077829361,-0.1558905392885208,
5,0.166834,13,left_wrist,0.0744410902261734,0.06948186457157135,-0.1473686844110489,
5,0.166834,14,right_shoulder,-0.08613883703947067,-0.22479484975337982,-0.1765463650226593,
5,0.166834,15,right_elbow,-0.04608714580535889,-0.06272943317890167,-0.1571403443813324,
5,0.166834,16,right_wrist,0.011273745447397232,0.07338367402553558,-0.14556388556957245,
6,0.2002,0,hip_center,0.000598472950514406,0.0005664349882863462,-0.000132150060380809,
6,0.2002,1,right_hip,-0.06972819566726685,-0.0006074633565731347,0.014638551510870457,
6,0.2002,2,right_knee,-0.11289644241333008,0.2459694743156433,-0.020793277770280838,
6,0.2002,3,right_ankle,-0.1582864224910736,0.4762912094593048,0.03635760396718979,
6,0.2002,4,left_hip,0.07092462480068207,0.0017398509662598372,-0.014902740716934204,
6,0.2002,5,left_knee,0.11279045045375824,0.24422356486320496,-0.028903786092996597,
6,0.2002,6,left_ankle,0.1478249877691269,0.4703308343887329,0.033938657492399216,
6,0.2002,7,spine,0.004414140246808529,-0.1195930615067482,-0.08852170407772064,
6,0.2002,8,thorax,0.008230634033679962,-0.23976022005081177,-0.176917165517807,
6,0.2002,9,neck,-0.006983887404203415,-0.26828134059906006,-0.2139175534248352,
6,0.2002,10,head,-0.01823539100587368,-0.3002036213874817,-0.24958927929401398,
6,0.2002,11,left_shoulder,0.10289699584245682,-0.24011874198913574,-0.16617214679718018,
6,0.2002,12,left_elbow,0.09415985643863678,-0.08335794508457184,-0.1557922214269638,
6,0.2002,13,left_wrist,0.07453591376543045,0.06947369873523712,-0.1474517583847046,
6,0.2002,14,right_shoulder,-0.08598672598600388,-0.22470301389694214,-0.17674562335014343,
6,0.2002,15,right_elbow,-0.04571535065770149,-0.06269435584545135,-0.1573203057050705,
6,0.2002,16,right_wrist,0.011730294674634933,0.07337483763694763,-0.14564812183380127,
7,0.233567,0,hip_center,0.0005921324482187629,0.0005364011158235371,-0.00010182867845287547,
7,0.233567,1,right_hip,-0.0697326809167862,-0.000539340719114989,0.014685172587633133,
7,0.233567,2,right_knee,-0.11254944652318954,0.24612246453762054,-0.02058194950222969,
7,0.233567,3,right_ankle,-0.1578805148601532,0.4765145182609558,0.03633178025484085,
7,0.233567,4,left_hip,0.07091643661260605,0.0016114877071231604,-0.014888713136315346,
7,0.233567,5,left_knee,0.11313231289386749,0.24404476583003998,-0.028710898011922836,
7,0.233567,6,left_ankle,0.14820212125778198,0.4702370762825012,0.03380490466952324,
7,0.233567,7,spine,0.004481083247810602,-0.11959514766931534,-0.0885261669754982,
7,0.233567,8,thorax,0.008371050469577312,-0.23973436653614044,-0.1769564002752304,
7,0.233567,9,neck,-0.006778671406209469,-0.26830703020095825,-0.21394363045692444,
7,0.233567,10,head,-0.017976097762584686,-0.30025988817214966,-0.2496049702167511,
7,0.233567,11,left_shoulder,0.10302127152681351,-0.24014438688755035,-0.16607199609279633,
7,0.233567,12,left_elbow,0.0943361446261406,-0.08338019251823425,-0.15569986402988434,
7,0.233567,13,left_wrist,0.07462041079998016,0.0694504827260971,-0.14756068587303162,
7,0.233567,14,right_shoulder,-0.0858367457985878,-0.22461657226085663,-0.17690905928611755,
7,0.233567,15,right_elbow,-0.04535091295838356,-0.06266012787818909,-0.15749415755271912,
7,0.233567,16,right_wrist,0.012186545878648758,0.07336282730102539,-0.14573559165000916,
8,0.266934,0,hip_center,0.000585438625421375,0.00050705811008811,-7.583374826936051e-05,
8,0.266934,1,right_hip,-0.06973498314619064,-0.00047065969556570053,0.014738825149834156,
8,0.266934,2,right_knee,-0.11221648007631302,0.24627237021923065,-0.02036542072892189,
8,0.266934,3,right_ankle,-0.15748821198940277,0.4767279028892517,0.0363381952047348,
8,0.266934,4,left_hip,0.07090535759925842,0.0014839530922472477,-0.014890358783304691,
8,0.266934,5,left_knee,0.11345967650413513,0.243869349360466,-0.028512820601463318,
8,0.266934,6,left_ankle,0.1485668420791626,0.47013622522354126,0.03371158242225647,
8,0.266934,7,spine,0.004536904394626617,-0.11960667371749878,-0.08852161467075348,
8,0.266934,8,thorax,0.008489514701068401,-0.23972809314727783,-0.17697325348854065,
8,0.266934,9,neck,-0.006592395715415478,-0.26837828755378723,-0.2139282077550888,
8,0.266934,10,head,-0.017732858657836914,-0.3003820776939392,-0.24956172704696655,
8,0.266934,11,left_shoulder,0.1031244769692421,-0.24018651247024536,-0.16595885157585144,
8,0.266934,12,left_elbow,0.09449217468500137,-0.08341771364212036,-0.15561233460903168,
8,0.266934,13,left_wrist,0.07468357682228088,0.06941220164299011,-0.14768677949905396,
8,0.266934,14,right_shoulder,-0.08570704609155655,-0.22454048693180084,-0.17703375220298767,
8,0.266934,15,right_elbow,-0.045020733028650284,-0.0626295953989029,-0.1576579213142395,
8,0.266934,16,right_wrist,0.012615207582712173,0.07334494590759277,-0.14582203328609467,
9,0.3003,0,hip_center,0.0005801299121230841,0.0004797060100827366,-5.0199083489133045e-05,
9,0.3003,1,right_hip,-0.06973322480916977,-0.00040545096271671355,0.014803769998252392,
9,0.3003,2,right_knee,-0.11190199106931686,0.2464093565940857,-0.020172689110040665,
9,0.3003,3,right_ankle,-0.1571168601512909,0.4769192934036255,0.03635488823056221,
9,0.3003,4,left_hip,0.07089298963546753,0.0013639020035043359,-0.014903987757861614,
9,0.3003,5,left_knee,0.1137605756521225,0.24370303750038147,-0.02836642600595951,
9,0.3003,6,left_ankle,0.1489112377166748,0.4700232744216919,0.03363892436027527,
9,0.3003,7,spine,0.004578086547553539,-0.11962779611349106,-0.08850234746932983,
9,0.3003,8,thorax,0.008577225729823112,-0.23974302411079407,-0.176960289478302,
9,0.3003,9,neck,-0.006426416337490082,-0.2685087025165558,-0.21385733783245087,
9,0.3003,10,head,-0.017506232485175133,-0.3005887269973755,-0.24944117665290833,
9,0.3003,11,left_shoulder,0.10319834202528,-0.2402525097131729,-0.16582976281642914,
9,0.3003,12,left_elbow,0.09462548047304153,-0.08347699046134949,-0.15553583204746246,
9,0.3003,13,left_wrist,0.07472488284111023,0.06935252249240875,-0.14783629775047302,
9,0.3003,14,right_shoulder,-0.08560750633478165,-0.224482923746109,-0.1771174520254135,
9,0.3003,15,right_elbow,-0.0447373203933239,-0.06260918080806732,-0.15781836211681366,
9,0.3003,16,right_wrist,0.013007208704948425,0.07331369817256927,-0.1459183543920517,
10,0.333667,0,hip_center,0.0005742451758123934,0.00045343730016611516,-2.6624584279488772e-05,
10,0.333667,1,right_hip,-0.0697304829955101,-0.0003510992683004588,0.014872710220515728,
10,0.333667,2,right_knee,-0.11162352561950684,0.2465253472328186,-0.020000077784061432,
10,0.333667,3,right_ankle,-0.15679341554641724,0.4770762622356415,0.0363960787653923,
10,0.333667,4,left_hip,0.07087848335504532,0.0012569185346364975,-0.014925711788237095,
10,0.333667,5,left_knee,0.11401402950286865,0.24355529248714447,-0.028265349566936493,
10,0.333667,6,left_ankle,0.14921465516090393,0.4699006974697113,0.033619627356529236,
10,0.333667,7,spine,0.004598360508680344,-0.11966376006603241,-0.08846442401409149,
10,0.333667,8,thorax,0.008623596280813217,-0.2397887259721756,-0.1769079566001892,
10,0.333667,9,neck,-0.0062973033636808395,-0.2686862051486969,-0.21373552083969116,
10,0.333667,10,head,-0.017314240336418152,-0.30085575580596924,-0.24925801157951355,
10,0.333667,11,left_shoulder,0.10323213040828705,-0.24034756422042847,-0.1656733602285385,
10,0.333667,12,left_elbow,0.09473034739494324,-0.08356362581253052,-0.15544897317886353,
10,0.333667,13,left_wrist,0.07474222779273987,0.06926661729812622,-0.14799459278583527,
10,0.333667,14,right_shoulder,-0.08554832637310028,-0.22445082664489746,-0.17714814841747284,
10,0.333667,15,right_elbow,-0.04451356455683708,-0.06260614097118378,-0.15795499086380005,
10,0.333667,16,right_wrist,0.013344291597604752,0.07326510548591614,-0.14601591229438782,
11,0.367034,0,hip_center,0.0005671175895258784,0.00042953138472512364,-5.844456609338522e-06,
11,0.367034,1,right_hip,-0.069727323949337,-0.0003081995528191328,0.014945358037948608,
11,0.367034,2,right_knee,-0.1113894134759903,0.24661652743816376,-0.019861876964569092,
11,0.367034,3,right_ankle,-0.15652500092983246,0.47719186544418335,0.03646178916096687,
11,0.367034,4,left_hip,0.0708610936999321,0.0011661667376756668,-0.014956716448068619,
11,0.367034,5,left_knee,0.11421306431293488,0.24342934787273407,-0.028234224766492844,
11,0.367034,6,left_ankle,0.1494743525981903,0.46976613998413086,0.03364771604537964,
11,0.367034,7,spine,0.0045930263586342335,-0.11971330642700195,-0.08840871602296829,
11,0.367034,8,thorax,0.008619907312095165,-0.23986390233039856,-0.17681735754013062,
11,0.367034,9,neck,-0.006218637339770794,-0.2688957750797272,-0.2135724127292633,
11,0.367034,10,head,-0.017172478139400482,-0.3011600971221924,-0.24902839958667755,
11,0.367034,11,left_shoulder,0.10321769118309021,-0.24046824872493744,-0.16549496352672577,
11,0.367034,12,left_elbow,0.09480499476194382,-0.08367373049259186,-0.15535937249660492,
11,0.367034,13,left_wrist,0.0747390165925026,0.06915895640850067,-0.14816902577877045,
11,0.367034,14,right_shoulder,-0.08553856611251831,-0.22444485127925873,-0.1771228164434433,
11,0.367034,15,right_elbow,-0.04435862600803375,-0.06262177228927612,-0.15805873274803162,
11,0.367034,16,right_wrist,0.013617102056741714,0.07319843769073486,-0.1461109071969986,
12,0.4004,0,hip_center,0.0005583703168667853,0.00040906743379309773,1.1109075785498135e-05,
12,0.4004,1,right_hip,-0.06972423940896988,-0.00027605873765423894,0.015020372346043587,
12,0.4004,2,right_knee,-0.11120257526636124,0.24668194353580475,-0.019770456477999687,
12,0.4004,3,right_ankle,-0.15632079541683197,0.4772607982158661,0.03655280917882919,
12,0.4004,4,left_hip,0.07084053009748459,0.001093112863600254,-0.014997734688222408,
12,0.4004,5,left_knee,0.1143513172864914,0.2433275431394577,-0.028280101716518402,
12,0.4004,6,left_ankle,0.14967571198940277,0.4696207046508789,0.03372533619403839,
12,0.4004,7,spine,0.004560502711683512,-0.11977346241474152,-0.08833886682987213,
12,0.4004,8,thorax,0.008563424460589886,-0.23996378481388092,-0.1766945868730545,
12,0.4004,9,neck,-0.006194541230797768,-0.2691189646720886,-0.21338441967964172,
12,0.4004,10,head,-0.017087087035179138,-0.3014727234840393,-0.24877773225307465,
12,0.4004,11,left_shoulder,0.10315298289060593,-0.24060915410518646,-0.16530591249465942,
12,0.4004,12,left_elbow,0.09484085440635681,-0.08380208909511566,-0.15528208017349243,
12,0.4004,13,left_wrist,0.07471422851085663,0.06903539597988129,-0.14836835861206055,
12,0.4004,14,right_shoulder,-0.08558148890733719,-0.2244630604982376,-0.1770440638065338,
12,0.4004,15,right_elbow,-0.04427582025527954,-0.06265243887901306,-0.1581469476222992,
12,0.4004,16,right_wrist,0.013824686408042908,0.07311566174030304,-0.1462128907442093,
13,0.433767,0,hip_center,0.000547591014765203,0.00038912813761271536,2.8037688025506213e-05,
13,0.433767,1,right_hip,-0.06972137093544006,-0.0002571776567492634,0.015102769248187542,
13,0.433767,2,right_knee,-0.11106953769922256,0.24671712517738342,-0.01972733438014984,
13,0.433767,3,right_ankle,-0.15618424117565155,0.47727710008621216,0.03667594864964485,
13,0.433767,4,left_hip,0.07081611454486847,0.0010344033362343907,-0.015046186745166779,
13,0.433767,5,left_knee,0.11443169414997101,0.24324670433998108,-0.02838805690407753,
13,0.433767,6,left_ankle,0.14982105791568756,0.4694608449935913,0.03386807069182396,
13,0.433767,7,spine,0.004500012844800949,-0.11984430998563766,-0.08825487643480301,
13,0.433767,8,thorax,0.008453067392110825,-0.24008560180664062,-0.1765434592962265,
13,0.433767,9,neck,-0.006227963604032993,-0.26935407519340515,-0.21317389607429504,
13,0.433767,10,head,-0.01706228032708168,-0.3017924427986145,-0.24850758910179138,
13,0.433767,11,left_shoulder,0.10303634405136108,-0.2407694309949875,-0.16510504484176636,
13,0.433767,12,left_elbow,0.09484066069126129,-0.08394809067249298,-0.155209481716156,
13,0.433767,13,left_wrist,0.0746699795126915,0.06889654695987701,-0.14858859777450562,
13,0.433767,14,right_shoulder,-0.0856783390045166,-0.2245037704706192,-0.1769224852323532,
13,0.433767,15,right_elbow,-0.044267117977142334,-0.06269900500774384,-0.1582072228193283,
13,0.433767,16,right_wrist,0.013967707753181458,0.07301530241966248,-0.14631614089012146,
14,0.467134,0,hip_center,0.0005341447540558875,0.00037125719245523214,4.350106610218063e-05,
14,0.467134,1,right_hip,-0.06971989572048187,-0.00025273789651691914,0.015188544988632202,
14,0.467134,2,right_knee,-0.11099082231521606,0.24672186374664307,-0.019730787724256516,
14,0.467134,3,right_ankle,-0.156122624874115,0.47723832726478577,0.03683646023273468,
14,0.467134,4,left_hip,0.07078777998685837,0.0009943119948729873,-0.015100955031812191,
14,0.467134,5,left_knee,0.11445362865924835,0.24319066107273102,-0.028567299246788025,
14,0.467134,6,left_ankle,0.1498991996049881,0.46929067373275757,0.034070298075675964,
14,0.467134,7,spine,0.0044081853702664375,-0.11992912739515305,-0.08815164864063263,
14,0.467134,8,thorax,0.008282771334052086,-0.2402375042438507,-0.17635226249694824,
14,0.467134,9,neck,-0.006334167905151844,-0.2695823907852173,-0.21294718980789185,
14,0.467134,10,head,-0.017115505412220955,-0.3020862936973572,-0.24823682010173798,
14,0.467134,11,left_shoulder,0.10286137461662292,-0.2409474402666092,-0.16487672924995422,
14,0.467134,12,left_elbow,0.09480214864015579,-0.08410991728305817,-0.15512661635875702,
14,0.467134,13,left_wrist,0.07459903508424759,0.06874416768550873,-0.14883078634738922,
14,0.467134,14,right_shoulder,-0.08583345264196396,-0.2245643585920334,-0.17673657834529877,
14,0.467134,15,right_elbow,-0.04433349519968033,-0.0627584159374237,-0.15822923183441162,
14,0.467134,16,right_wrist,0.014046136289834976,0.07290156185626984,-0.1464284211397171,
15,0.500501,0,hip_center,0.0005187002825550735,0.00035384882357902825,5.523545405594632e-05,
15,0.500501,1,right_hip,-0.06972067058086395,-0.00026260290178470314,0.015268456190824509,
15,0.500501,2,right_knee,-0.11095839738845825,0.24670203030109406,-0.01976054534316063,
15,0.500501,3,right_ankle,-0.15612436830997467,0.47715646028518677,0.037031687796115875,
15,0.500501,4,left_hip,0.0707576721906662,0.0009694747859612107,-0.015157343819737434,
15,0.500501,5,left_knee,0.11442831158638,0.24315448105335236,-0.028810903429985046,
15,0.500501,6,left_ankle,0.14991751313209534,0.46911120414733887,0.03431724011898041,
15,0.500501,7,spine,0.004290810786187649,-0.12002339959144592,-0.08803940564393997,
15,0.500501,8,thorax,0.00806323904544115,-0.24040886759757996,-0.176139235496521,
15,0.500501,9,neck,-0.006510481238365173,-0.2697734534740448,-0.2127355933189392,
15,0.500501,10,head,-0.017245959490537643,-0.3023127317428589,-0.24800659716129303,
15,0.500501,11,left_shoulder,0.10263832658529282,-0.2411329299211502,-0.16463568806648254,
15,0.500501,12,left_elbow,0.0947321206331253,-0.08427786827087402,-0.15504378080368042,
15,0.500501,13,left_wrist,0.07451051473617554,0.06858772039413452,-0.14909601211547852,
15,0.500501,14,right_shoulder,-0.08603578805923462,-0.2246323674917221,-0.17650505900382996,
15,0.500501,15,right_elbow,-0.04445832967758179,-0.06282174587249756,-0.1582137942314148,
15,0.500501,16,right_wrist,0.014072109013795853,0.07278503477573395,-0.1465495079755783,
16,0.533867,0,hip_center,0.0005028234445489943,0.000337066623615101,6.549972749780864e-05,
16,0.533867,1,right_hip,-0.06972076743841171,-0.0002848651784006506,0.015351150184869766,
16,0.533867,2,right_knee,-0.1109645664691925,0.24666275084018707,-0.019790422171354294,
16,0.533867,3,right_ankle,-0.15617915987968445,0.47704291343688965,0.037263933569192886,
16,0.533867,4,left_hip,0.07072602957487106,0.0009583034552633762,-0.015219466760754585,
16,0.533867,5,left_knee,0.11436770856380463,0.2431369125843048,-0.029077965766191483,
16,0.533867,6,left_ankle,0.14988672733306885,0.4689289927482605,0.0346200056374073,
16,0.533867,7,spine,0.0041514053009450436,-0.12012467533349991,-0.08791878819465637,
16,0.533867,8,thorax,0.007799885235726833,-0.24059493839740753,-0.17590785026550293,
16,0.533867,9,neck,-0.006753801368176937,-0.269907146692276,-0.21255415678024292,
16,0.533867,10,head,-0.017448585480451584,-0.3024429380893707,-0.2478407323360443,
16,0.533867,11,left_shoulder,0.10237287729978561,-0.24132521450519562,-0.16438744962215424,
16,0.533867,12,left_elbow,0.09463611990213394,-0.08445176482200623,-0.15495942533016205,
16,0.533867,13,left_wrist,0.07440974563360214,0.06842696666717529,-0.1493772566318512,
16,0.533867,14,right_shoulder,-0.08627992123365402,-0.22470331192016602,-0.17623189091682434,
16,0.533867,15,right_elbow,-0.04463321343064308,-0.06288672983646393,-0.15815214812755585,
16,0.533867,16,right_wrist,0.014046482741832733,0.07267138361930847,-0.14667364954948425,
17,0.567234,0,hip_center,0.00048768887063488364,0.0003220085345674306,7.096819172147661e-05,
17,0.567234,1,right_hip,-0.06971926242113113,-0.00031527227838523686,0.015432328917086124,
17,0.567234,2,right_knee,-0.1110038310289383,0.24661089479923248,-0.01981174573302269,
17,0.567234,3,right_ankle,-0.15628689527511597,0.4769126772880554,0.03750419616699219,
17,0.567234,4,left_hip,0.07069423049688339,0.0009587309323251247,-0.015289687551558018,
17,0.567234,5,left_knee,0.1142750233411789,0.24313569068908691,-0.029366526752710342,
17,0.567234,6,left_ankle,0.14980298280715942,0.468751460313797,0.03494804725050926,
17,0.567234,7,spine,0.003992547746747732,-0.12023226171731949,-0.08779235184192657,
17,0.567234,8,thorax,0.0074966661632061005,-0.24079543352127075,-0.1756599247455597,
17,0.567234,9,neck,-0.007056284695863724,-0.26998499035835266,-0.212404265999794,
17,0.567234,10,head,-0.01771354116499424,-0.3024805188179016,-0.2477392852306366,
17,0.567234,11,left_shoulder,0.1020696759223938,-0.24152305722236633,-0.1641395539045334,
17,0.567234,12,left_elbow,0.09451626986265182,-0.08463022112846375,-0.15488694608211517,
17,0.567234,13,left_wrist,0.07430142164230347,0.06826309859752655,-0.14967426657676697,
17,0.567234,14,right_shoulder,-0.0865616649389267,-0.22477588057518005,-0.17591184377670288,
17,0.567234,15,right_elbow,-0.04485182836651802,-0.06295125186443329,-0.15805096924304962,
17,0.567234,16,right_wrist,0.013979475945234299,0.07256044447422028,-0.14680249989032745,
18,0.600601,0,hip_center,0.0004734832909889519,0.0003112154663540423,7.153092155931517e-05,
18,0.600601,1,right_hip,-0.0697140172123909,-0.00034760392736643553,0.015520565211772919,
18,0.600601,2,right_knee,-0.11106868833303452,0.24655066430568695,-0.019836775958538055,
18,0.600601,3,right_ankle,-0.15643402934074402,0.4767686724662781,0.037749938666820526,
18,0.600601,4,left_hip,0.07066059112548828,0.0009696062770672143,-0.015376811847090721,
18,0.600601,5,left_knee,0.11415861546993256,0.24314835667610168,-0.029677221551537514,
18,0.600601,6,left_ankle,0.1496746987104416,0.4685770869255066,0.03529638051986694,
18,0.600601,7,spine,0.0038182195276021957,-0.12034983187913895,-0.0876513421535492,
18,0.600601,8,thorax,0.007161358837038279,-0.2410203218460083,-0.1753777265548706,
18,0.600601,9,neck,-0.007402846124023199,-0.2700849175453186,-0.2122165411710739,
18,0.600601,10,head,-0.01802579127252102,-0.3025476932525635,-0.24759197235107422,
18,0.600601,11,left_shoulder,0.10173633694648743,-0.2417311817407608,-0.16387251019477844,
18,0.600601,12,left_elbow,0.09436968713998795,-0.084818035364151,-0.15481595695018768,
18,0.600601,13,left_wrist,0.07418213784694672,0.06809136271476746,-0.1499830037355423,
18,0.600601,14,right_shoulder,-0.08687326312065125,-0.22486090660095215,-0.1755276322364807,
18,0.600601,15,right_elbow,-0.04510991647839546,-0.0630229115486145,-0.15791451930999756,
18,0.600601,16,right_wrist,0.01387609913945198,0.07244354486465454,-0.14693482220172882,
19,0.633967,0,hip_center,0.0004600173851940781,0.00030321627855300903,7.100485527189448e-05,
19,0.633967,1,right_hip,-0.06970536708831787,-0.0003820600104518235,0.01561906561255455,
19,0.633967,2,right_knee,-0.11115436255931854,0.2464824765920639,-0.019863124936819077,
19,0.633967,3,right_ankle,-0.156615749001503,0.4766088128089905,0.03801350295543671,
19,0.633967,4,left_hip,0.07062499225139618,0.000988162588328123,-0.015476381406188011,
19,0.633967,5,left_knee,0.11401945352554321,0.2431740164756775,-0.029969597235322,
19,0.633967,6,left_ankle,0.14950013160705566,0.46841028332710266,0.03568729758262634,
19,0.633967,7,spine,0.00362939084880054,-0.12048493325710297,-0.08748330175876617,
19,0.633967,8,thorax,0.0067961011081933975,-0.24128329753875732,-0.1750401109457016,
19,0.633967,9,neck,-0.007785830646753311,-0.27026495337486267,-0.21193721890449524,
19,0.633967,10,head,-0.01837686449289322,-0.30273085832595825,-0.24731934070587158,
19,0.633967,11,left_shoulder,0.10137449949979782,-0.24196113646030426,-0.16356103122234344,
19,0.633967,12,left_elbow,0.09419766813516617,-0.0850263237953186,-0.15473023056983948,
19,0.633967,13,left_wrist,0.07405249774456024,0.06790086627006531,-0.1503007709980011,
19,0.633967,14,right_shoulder,-0.08721189200878143,-0.2249690443277359,-0.17506025731563568,
19,0.633967,15,right_elbow,-0.04540466144680977,-0.06311166286468506,-0.157731831073761,
19,0.633967,16,right_wrist,0.013732559978961945,0.07231390476226807,-0.14706562459468842,
20,0.667334,0,hip_center,0.00044692590017803013,0.00029790806001983583,6.849617784610018e-05,
20,0.667334,1,right_hip,-0.069692462682724,-0.00041751228854991496,0.015732066705822945,
20,0.667334,2,right_knee,-0.11125844717025757,0.24640996754169464,-0.019870949909090996,
20,0.667334,3,right_ankle,-0.15683123469352722,0.47643744945526123,0.03831019997596741,
20,0.667334,4,left_hip,0.07058590650558472,0.0010130652226507664,-0.015594433061778545,
20,0.667334,5,left_knee,0.1138666421175003,0.2432117462158203,-0.03021317720413208,
20,0.667334,6,left_ankle,0.14929623901844025,0.46825435757637024,0.03613177686929703,
20,0.667334,7,spine,0.003427676623687148,-0.12063777446746826,-0.08728856593370438,
20,0.667334,8,thorax,0.006404511630535126,-0.24158470332622528,-0.17464672029018402,
20,0.667334,9,neck,-0.008196717128157616,-0.2705722749233246,-0.21153154969215393,
20,0.667334,10,head,-0.018761487677693367,-0.3031030297279358,-0.24686193466186523,
20,0.667334,11,left_shoulder,0.10098779946565628,-0.24221722781658173,-0.16320541501045227,
20,0.667334,12,left_elbow,0.09400258958339691,-0.08525998890399933,-0.15462319552898407,
20,0.667334,13,left_wrist,0.07391022890806198,0.06768575310707092,-0.15061387419700623,
20,0.667334,14,right_shoulder,-0.08757428079843521,-0.22510357201099396,-0.17451424896717072,
20,0.667334,15,right_elbow,-0.045734770596027374,-0.06322057545185089,-0.1575058549642563,
20,0.667334,16,right_wrist,0.013548929244279861,0.07216830551624298,-0.1471928507089615,
21,0.700701,0,hip_center,0.00043634173925966024,0.00029444944811984897,6.602607027161866e-05,
21,0.700701,1,right_hip,-0.06967415660619736,-0.00045235909055918455,0.015856919810175896,
21,0.700701,2,right_knee,-0.11138176918029785,0.24633347988128662,-0.01986885257065296,
21,0.700701,3,right_ankle,-0.15707512199878693,0.47625601291656494,0.03863171488046646,
21,0.700701,4,left_hip,0.07054641842842102,0.0010410344693809748,-0.01572427712380886,
21,0.700701,5,left_knee,0.11370890587568283,0.24325737357139587,-0.030400019139051437,
21,0.700701,6,left_ankle,0.1490720510482788,0.46810710430145264,0.036630917340517044,
21,0.700701,7,spine,0.0032179076224565506,-0.12080497294664383,-0.08707049489021301,
21,0.700701,8,thorax,0.005994162522256374,-0.24191690981388092,-0.17420637607574463,
21,0.700701,9,neck,-0.008625546470284462,-0.2709909975528717,-0.2110157310962677,
21,0.700701,10,head,-0.019168924540281296,-0.30364006757736206,-0.2462431937456131,
21,0.700701,11,left_shoulder,0.10058337450027466,-0.2424943596124649,-0.16281118988990784,
21,0.700701,12,left_elbow,0.0937921479344368,-0.08551384508609772,-0.1545032560825348,
21,0.700701,13,left_wrist,0.0737580880522728,0.0674503892660141,-0.15093159675598145,
21,0.700701,14,right_shoulder,-0.087953582406044,-0.2252618819475174,-0.17390640079975128,
21,0.700701,15,right_elbow,-0.04609617218375206,-0.06334644556045532,-0.15725448727607727,
21,0.700701,16,right_wrist,0.013329479843378067,0.07200868427753448,-0.14732243120670319,
22,0.734067,0,hip_center,0.00042758468771353364,0.00029064365662634373,6.353315257001668e-05,
22,0.734067,1,right_hip,-0.0696527510881424,-0.0004877159371972084,0.015986241400241852,
22,0.734067,2,right_knee,-0.11151611804962158,0.2462497353553772,-0.019891224801540375,
22,0.734067,3,right_ankle,-0.1573350578546524,0.47606438398361206,0.03893415257334709,
22,0.734067,4,left_hip,0.0705074891448021,0.001068798592314124,-0.01585863158106804,
22,0.734067,5,left_knee,0.11355334520339966,0.2433052361011505,-0.030544962733983994,
22,0.734067,6,left_ankle,0.14883673191070557,0.4679702818393707,0.03714388981461525,
22,0.734067,7,spine,0.0030045355670154095,-0.12098301947116852,-0.08683662116527557,
22,0.734067,8,thorax,0.005574727430939674,-0.24227061867713928,-0.1737341433763504,
22,0.734067,9,neck,-0.009065081365406513,-0.271480530500412,-0.21042777597904205,
22,0.734067,10,head,-0.019591858610510826,-0.3042803406715393,-0.24551993608474731,
22,0.734067,11,left_shoulder,0.10017026215791702,-0.242787167429924,-0.16238857805728912,
22,0.734067,12,left_elbow,0.09357019513845444,-0.08578372001647949,-0.15436458587646484,
22,0.734067,13,left_wrist,0.07361149042844772,0.06720079481601715,-0.1512722671031952,
22,0.734067,14,right_shoulder,-0.08834182471036911,-0.22544443607330322,-0.1732654869556427,
22,0.734067,15,right_elbow,-0.04648343473672867,-0.06349126994609833,-0.1569872796535492,
22,0.734067,16,right_wrist,0.013077691197395325,0.07183332741260529,-0.1474587619304657,
23,0.767434,0,hip_center,0.00042150780791416764,0.00028583710081875324,6.325366848614067e-05,
23,0.767434,1,right_hip,-0.06962694972753525,-0.0005236895522102714,0.01612408272922039,
23,0.767434,2,right_knee,-0.11165688931941986,0.24616336822509766,-0.019904909655451775,
23,0.767434,3,right_ankle,-0.15760190784931183,0.4758697748184204,0.039244115352630615,
23,0.767434,4,left_hip,0.07046953588724136,0.0010951668955385685,-0.01599706895649433,
23,0.767434,5,left_knee,0.11341206729412079,0.243353471159935,-0.030625050887465477,
23,0.767434,6,left_ankle,0.14860208332538605,0.4678433835506439,0.03769055753946304,
23,0.767434,7,spine,0.0027926235925406218,-0.12116813659667969,-0.08659058064222336,
23,0.767434,8,thorax,0.005155567545443773,-0.24263757467269897,-0.17323964834213257,
23,0.767434,9,neck,-0.009515715762972832,-0.2720099985599518,-0.20979070663452148,
23,0.767434,10,head,-0.020032694563269615,-0.3049808144569397,-0.24472518265247345,
23,0.767434,11,left_shoulder,0.09975703060626984,-0.24308836460113525,-0.16194087266921997,
23,0.767434,12,left_elbow,0.09334290027618408,-0.08606252074241638,-0.1542096883058548,
23,0.767434,13,left_wrist,0.07346141338348389,0.06694106757640839,-0.15160155296325684,
23,0.767434,14,right_shoulder,-0.08872877806425095,-0.22563806176185608,-0.17260338366031647,
23,0.767434,15,right_elbow,-0.04688825085759163,-0.06364269554615021,-0.1567034125328064,
23,0.767434,16,right_wrist,0.012802451848983765,0.07165347039699554,-0.1475910097360611,
24,0.800801,0,hip_center,0.00041989394230768085,0.0002794089668896049,6.343849236145616e-05,
24,0.800801,1,right_hip,-0.06959524750709534,-0.0005615169648081064,0.016267303377389908,
24,0.800801,2,right_knee,-0.11179905384778976,0.2460756152868271,-0.01989978551864624,
24,0.800801,3,right_ankle,-0.15786488354206085,0.47566914558410645,0.03959245607256889,
24,0.800801,4,left_hip,0.07043459266424179,0.0011201432207599282,-0.01613994874060154,
24,0.800801,5,left_knee,0.11329495906829834,0.24340112507343292,-0.030632805079221725,
24,0.800801,6,left_ankle,0.14838626980781555,0.4677222669124603,0.038285303860902786,
24,0.800801,7,spine,0.0025874513667076826,-0.12136086076498032,-0.08633402734994888,
24,0.800801,8,thorax,0.004745542071759701,-0.24301815032958984,-0.17272450029850006,
24,0.800801,9,neck,-0.009972162544727325,-0.272569477558136,-0.20911233127117157,
24,0.800801,10,head,-0.02048995904624462,-0.3057233691215515,-0.24387286603450775,
24,0.800801,11,left_shoulder,0.09935174882411957,-0.2433995008468628,-0.1614629626274109,
24,0.800801,12,left_elbow,0.09311699867248535,-0.0863524079322815,-0.15402252972126007,
24,0.800801,13,left_wrist,0.07331226021051407,0.06666867434978485,-0.15190276503562927,
24,0.800801,14,right_shoulder,-0.08910654485225677,-0.22584788501262665,-0.17193295061588287,
24,0.800801,15,right_elbow,-0.04729548841714859,-0.06380940973758698,-0.15639904141426086,
24,0.800801,16,right_wrist,0.012514106929302216,0.07146258652210236,-0.1477176398038864,
25,0.834168,0,hip_center,0.0004195300571154803,0.0002710708067752421,6.365036097122356e-05,
25,0.834168,1,right_hip,-0.06956292688846588,-0.000599553226493299,0.016406523063778877,
25,0.834168,2,right_knee,-0.1119517832994461,0.24598874151706696,-0.019877174869179726,
25,0.834168,3,right_ankle,-0.15811966359615326,0.4754650294780731,0.03998715430498123,
25,0.834168,4,left_hip,0.07040154188871384,0.0011415063636377454,-0.01627877540886402,
25,0.834168,5,left_knee,0.11320094764232635,0.24344462156295776,-0.03058033436536789,
25,0.834168,6,left_ankle,0.1481902152299881,0.4676048755645752,0.038910798728466034,
25,0.834168,7,spine,0.002388726221397519,-0.12155584245920181,-0.08607520163059235,
25,0.834168,8,thorax,0.004347344860434532,-0.24340125918388367,-0.1722049117088318,
25,0.834168,9,neck,-0.010434677824378014,-0.2731193006038666,-0.20843052864074707,
25,0.834168,10,head,-0.020963914692401886,-0.30644965171813965,-0.24301841855049133,
25,0.834168,11,left_shoulder,0.09895789623260498,-0.24370913207530975,-0.16097763180732727,
25,0.834168,12,left_elbow,0.0928938090801239,-0.08664166927337646,-0.1538318693637848,
25,0.834168,13,left_wrist,0.07316158711910248,0.06639431416988373,-0.15215814113616943,
25,0.834168,14,right_shoulder,-0.08947178721427917,-0.22605958580970764,-0.17125943303108215,
25,0.834168,15,right_elbow,-0.04769665002822876,-0.06397755444049835,-0.15608754754066467,
25,0.834168,16,right_wrist,0.012221775949001312,0.07127270102500916,-0.14782831072807312,
26,0.867534,0,hip_center,0.0004193804052192718,0.0002615080738905817,6.576442683581263e-05,
26,0.867534,1,right_hip,-0.06953214854001999,-0.000634897849522531,0.016539135947823524,
26,0.867534,2,right_knee,-0.11210216581821442,0.2459080070257187,-0.019840730354189873,
26,0.867534,3,right_ankle,-0.15836378931999207,0.47526925802230835,0.040390871465206146,
26,0.867534,4,left_hip,0.07037046551704407,0.0011577290715649724,-0.016407165676355362,
26,0.867534,5,left_knee,0.11312501132488251,0.24348023533821106,-0.030512895435094833,
26,0.867534,6,left_ankle,0.1480112075805664,0.46748965978622437,0.03951441869139671,
26,0.867534,7,spine,0.0021986605133861303,-0.12174596637487411,-0.08582131564617157,
26,0.867534,8,thorax,0.003966497723013163,-0.2437732219696045,-0.17169734835624695,
26,0.867534,9,neck,-0.010890690609812737,-0.27362459897994995,-0.2077823281288147,
26,0.867534,10,head,-0.021439971402287483,-0.3071068227291107,-0.24221709370613098,
26,0.867534,11,left_shoulder,0.09858190268278122,-0.24400551617145538,-0.16050928831100464,
26,0.867534,12,left_elbow,0.09267933666706085,-0.0869188904762268,-0.153655543923378,
26,0.867534,13,left_wrist,0.07302138209342957,0.06613057851791382,-0.15239082276821136,
26,0.867534,14,right_shoulder,-0.0898202508687973,-0.22626632452011108,-0.1705956757068634,
26,0.867534,15,right_elbow,-0.048081498593091965,-0.06414179503917694,-0.15578188002109528,
26,0.867534,16,right_wrist,0.011938810348510742,0.07108773291110992,-0.14793314039707184,
27,0.900901,0,hip_center,0.00041916369809769094,0.0002516680397093296,6.999310426181182e-05,
27,0.900901,1,right_hip,-0.06950066983699799,-0.0006667824927717447,0.016676198691129684,
27,0.900901,2,right_knee,-0.1122487336397171,0.24583378434181213,-0.0197816863656044,
27,0.900901,3,right_ankle,-0.15859615802764893,0.4750875234603882,0.0407923087477684,
27,0.900901,4,left_hip,0.07033854722976685,0.0011699383612722158,-0.016535751521587372,
27,0.900901,5,left_knee,0.11306926608085632,0.24350836873054504,-0.03043871559202671,
27,0.900901,6,left_ankle,0.14785048365592957,0.46737903356552124,0.04008280485868454,
27,0.900901,7,spine,0.002016256097704172,-0.12192594259977341,-0.08557847887277603,
27,0.900901,8,thorax,0.003601270727813244,-0.24412429332733154,-0.17121446132659912,
27,0.900901,9,neck,-0.011335319839417934,-0.27407899498939514,-0.20718084275722504,
27,0.900901,10,head,-0.021908631548285484,-0.3076900541782379,-0.2414824515581131,
27,0.900901,11,left_shoulder,0.09822188317775726,-0.24428221583366394,-0.16006921231746674,
27,0.900901,12,left_elbow,0.09247298538684845,-0.08717747032642365,-0.15350592136383057,
27,0.900901,13,left_wrist,0.07289613038301468,0.06588491797447205,-0.15259648859500885,
27,0.900901,14,right_shoulder,-0.09015396237373352,-0.22645977139472961,-0.16995760798454285,
27,0.900901,15,right_elbow,-0.048443932086229324,-0.06429669260978699,-0.15548887848854065,
27,0.900901,16,right_wrist,0.011673852801322937,0.07091119885444641,-0.14802266657352448,
28,0.934268,0,hip_center,0.0004196774389129132,0.00024121359456330538,7.479275518562645e-05,
28,0.934268,1,right_hip,-0.06946703046560287,-0.0006963161868043244,0.01681879349052906,
28,0.934268,2,right_knee,-0.11238721013069153,0.24576599895954132,-0.019695399329066277,
28,0.934268,3,right_ankle,-0.15881069004535675,0.47492071986198425,0.04119425266981125,
28,0.934268,4,left_hip,0.0703059509396553,0.0011785690439864993,-0.01666872203350067,
28,0.934268,5,left_knee,0.11303326487541199,0.24353013932704926,-0.030351396650075912,
28,0.934268,6,left_ankle,0.14770936965942383,0.46727338433265686,0.04062476381659508,
28,0.934268,7,spine,0.0018449454801157117,-0.12209846824407578,-0.08534505218267441,
28,0.934268,8,thorax,0.003257762175053358,-0.24445956945419312,-0.17075133323669434,
28,0.934268,9,neck,-0.011762036010622978,-0.27450209856033325,-0.20660962164402008,
28,0.934268,10,head,-0.02236190065741539,-0.30822986364364624,-0.2407882660627365,
28,0.934268,11,left_shoulder,0.09788307547569275,-0.2445463091135025,-0.15964525938034058,
28,0.934268,12,left_elbow,0.09227754920721054,-0.08742435276508331,-0.15337654948234558,
28,0.934268,13,left_wrist,0.07279440760612488,0.06565156579017639,-0.152791365981102,
28,0.934268,14,right_shoulder,-0.09046658873558044,-0.22664284706115723,-0.1693478524684906,
28,0.934268,15,right_elbow,-0.048770561814308167,-0.06444670259952545,-0.1552133560180664,
28,0.934268,16,right_wrist,0.011438712477684021,0.07073967158794403,-0.14810329675674438,
29,0.967634,0,hip_center,0.00041950028389692307,0.00023079660604707897,7.886943785706535e-05,
29,0.967634,1,right_hip,-0.06943345814943314,-0.0007229286711663008,0.016962213441729546,
29,0.967634,2,right_knee,-0.11251594871282578,0.24570462107658386,-0.019595427438616753,
29,0.967634,3,right_ankle,-0.1590006947517395,0.474772572517395,0.041573286056518555,
29,0.967634,4,left_hip,0.07027202844619751,0.001184354885481298,-0.016803966835141182,
29,0.967634,5,left_knee,0.11301450431346893,0.2435464859008789,-0.03025013580918312,
29,0.967634,6,left_ankle,0.1475907862186432,0.46717679500579834,0.041129421442747116,
29,0.967634,7,spine,0.001685215625911951,-0.12226199358701706,-0.08512377738952637,
29,0.967634,8,thorax,0.002938379067927599,-0.24477660655975342,-0.17031219601631165,
29,0.967634,9,neck,-0.012163789942860603,-0.2748960554599762,-0.20607124269008636,
29,0.967634,10,head,-0.022790856659412384,-0.30873000621795654,-0.2401363104581833,
29,0.967634,11,left_shoulder,0.09756823629140854,-0.24479791522026062,-0.159244567155838,
29,0.967634,12,left_elbow,0.0920964926481247,-0.08765949308872223,-0.15327785909175873,
29,0.967634,13,left_wrist,0.07271939516067505,0.06543073058128357,-0.15298449993133545,
29,0.967634,14,right_shoulder,-0.09075600653886795,-0.2268143892288208,-0.168769970536232,
29,0.967634,15,right_elbow,-0.049054939299821854,-0.0645919144153595,-0.15495625138282776,
29,0.967634,16,right_wrist,0.011235520243644714,0.07057493925094604,-0.1481703221797943,
30,1.001001,0,hip_center,0.0004193241475149989,0.00022168691793922335,8.214196714106947e-05,
30,1.001001,1,right_hip,-0.06940220296382904,-0.0007428940734826028,0.01709437184035778,
30,1.001001,2,right_knee,-0.11263525485992432,0.24565112590789795,-0.019511448219418526,
30,1.001001,3,right_ankle,-0.15916657447814941,0.474643737077713,0.04190351814031601,
30,1.001001,4,left_hip,0.07024043053388596,0.001186113920994103,-0.01692957617342472,
30,1.001001,5,left_knee,0.11301232874393463,0.24355554580688477,-0.03014875203371048,
30,1.001001,6,left_ankle,0.14749135076999664,0.4670898914337158,0.04157761484384537,
30,1.001001,7,spine,0.0015372922644019127,-0.12241102755069733,-0.08492109179496765,
30,1.001001,8,thorax,0.002642842009663582,-0.2450655996799469,-0.16990992426872253,
30,1.001001,9,neck,-0.012538271956145763,-0.2752545475959778,-0.2055768221616745,
30,1.001001,10,head,-0.023193487897515297,-0.3091842532157898,-0.23953768610954285,
30,1.001001,11,left_shoulder,0.0972762256860733,-0.24503295123577118,-0.15887251496315002,
30,1.001001,12,left_elbow,0.09192947298288345,-0.08787912130355835,-0.15320594608783722,
30,1.001001,13,left_wrist,0.07267516851425171,0.06522688269615173,-0.15317632257938385,
30,1.001001,14,right_shoulder,-0.09102363139390945,-0.22696879506111145,-0.16824977099895477,
30,1.001001,15,right_elbow,-0.049294572323560715,-0.06472881138324738,-0.15472929179668427,
30,1.001001,16,right_wrist,0.011067360639572144,0.07042017579078674,-0.14822900295257568,
31,1.034368,0,hip_center,0.00041897452319972217,0.00021241528156679124,8.383131353184581e-05,
31,1.034368,1,right_hip,-0.06937456876039505,-0.0007586652063764632,0.01721014641225338,
31,1.034368,2,right_knee,-0.11274215579032898,0.24560514092445374,-0.019440142437815666,
31,1.034368,3,right_ankle,-0.15930530428886414,0.474534809589386,0.042184978723526,
31,1.034368,4,left_hip,0.07021208852529526,0.0011833570897579193,-0.017041992396116257,
31,1.034368,5,left_knee,0.11302392184734344,0.2435573935508728,-0.030045758932828903,
31,1.034368,6,left_ankle,0.1474127173423767,0.4670119285583496,0.04197203740477562,
31,1.034368,7,spine,0.0014025787822902203,-0.12254271656274796,-0.0847441703081131,
31,1.034368,8,thorax,0.002374123316258192,-0.2453193962574005,-0.16955816745758057,
31,1.034368,9,neck,-0.012884024530649185,-0.27557286620140076,-0.20513740181922913,
31,1.034368,10,head,-0.02356714755296707,-0.30959081649780273,-0.23900106549263,
31,1.034368,11,left_shoulder,0.09700961410999298,-0.24524052441120148,-0.15853914618492126,
31,1.034368,12,left_elbow,0.09178173542022705,-0.088072270154953,-0.15316906571388245,
31,1.034368,13,left_wrist,0.07266779989004135,0.06505119800567627,-0.15335439145565033,
31,1.034368,14,right_shoulder,-0.09126599133014679,-0.22709600627422333,-0.1677982062101364,
31,1.034368,15,right_elbow,-0.04948167875409126,-0.06484827399253845,-0.15454383194446564,
31,1.034368,16,right_wrist,0.010944128036499023,0.07028338313102722,-0.14828088879585266,
32,1.067734,0,hip_center,0.0004176142392680049,0.00020426089758984745,8.439402881776914e-05,
32,1.067734,1,right_hip,-0.06934832781553268,-0.0007676569512113929,0.017322750762104988,
32,1.067734,2,right_knee,-0.11284029483795166,0.24556870758533478,-0.019364425912499428,
32,1.067734,3,right_ankle,-0.15942013263702393,0.4744493067264557,0.04243013262748718,
32,1.067734,4,left_hip,0.07018312066793442,0.0011760592460632324,-0.017153503373265266,
32,1.067734,5,left_knee,0.11304308474063873,0.2435527741909027,-0.029946763068437576,
32,1.067734,6,left_ankle,0.14735285937786102,0.4669398367404938,0.04231758788228035,
32,1.067734,7,spine,0.0012796716764569283,-0.1226578876376152,-0.08458985388278961,
32,1.067734,8,thorax,0.002130206674337387,-0.24554097652435303,-0.16925090551376343,
32,1.067734,9,neck,-0.013200412504374981,-0.2758572995662689,-0.20474539697170258,
32,1.067734,10,head,-0.023909863084554672,-0.3099578022956848,-0.2385176122188568,
32,1.067734,11,left_shoulder,0.09676696360111237,-0.24542595446109772,-0.1582430601119995,
32,1.067734,12,left_elbow,0.09164827316999435,-0.08824440836906433,-0.15316486358642578,
32,1.067734,13,left_wrist,0.07269570976495743,0.06489881873130798,-0.15352244675159454,
32,1.067734,14,right_shoulder,-0.09148475527763367,-0.22719724476337433,-0.16740523278713226,
32,1.067734,15,right_elbow,-0.049621641635894775,-0.06495039165019989,-0.15439093112945557,
32,1.067734,16,right_wrist,0.010859645903110504,0.07016529142856598,-0.14832201600074768,
33,1.101101,0,hip_center,0.0004154366033617407,0.00019838461594190449,8.332226570928469e-05,
33,1.101101,1,right_hip,-0.06932573020458221,-0.0007664529839530587,0.017422031611204147,
33,1.101101,2,right_knee,-0.112930528819561,0.24554689228534698,-0.019285786896944046,
33,1.101101,3,right_ankle,-0.15951243042945862,0.47439396381378174,0.04263134300708771,
33,1.101101,4,left_hip,0.07015615701675415,0.0011631269007921219,-0.017254982143640518,
33,1.101101,5,left_knee,0.11307035386562347,0.2435401976108551,-0.029858797788619995,
33,1.101101,6,left_ankle,0.14730960130691528,0.4668729305267334,0.04260675609111786,
33,1.101101,7,spine,0.0011699760798364878,-0.12275701016187668,-0.08445650339126587,
33,1.101101,8,thorax,0.0019136897753924131,-0.24573254585266113,-0.16898420453071594,
33,1.101101,9,neck,-0.013489127159118652,-0.2761096954345703,-0.2043953388929367,
33,1.101101,10,head,-0.024224936962127686,-0.31028836965560913,-0.23808006942272186,
33,1.101101,11,left_shoulder,0.09655052423477173,-0.24558934569358826,-0.15797728300094604,
33,1.101101,12,left_elbow,0.09153424203395844,-0.08839540183544159,-0.15318967401981354,
33,1.101101,13,left_wrist,0.07277503609657288,0.06477123498916626,-0.15368705987930298,
33,1.101101,14,right_shoulder,-0.0916767567396164,-0.22727148234844208,-0.16706664860248566,
33,1.101101,15,right_elbow,-0.049714863300323486,-0.06503300368785858,-0.15426774322986603,
33,1.101101,16,right_wrist,0.01081666350364685,0.07006695866584778,-0.1483517587184906,
34,1.134468,0,hip_center,0.00041295518167316914,0.00019510381389409304,8.260174945462495e-05,
34,1.134468,1,right_hip,-0.06930717080831528,-0.0007570901070721447,0.017506418749690056,
34,1.134468,2,right_knee,-0.11301039904356003,0.24553513526916504,-0.019226236268877983,
34,1.134468,3,right_ankle,-0.1595810502767563,0.4743610620498657,0.04277738928794861,
34,1.134468,4,left_hip,0.07013262063264847,0.0011472238693386316,-0.017340853810310364,
34,1.134468,5,left_knee,0.11310482025146484,0.24352297186851501,-0.02977106161415577,
34,1.134468,6,left_ankle,0.14728465676307678,0.4668164849281311,0.04284318536520004,
34,1.134468,7,spine,0.0010706696193665266,-0.12284048646688461,-0.08434127271175385,
34,1.134468,8,thorax,0.0017183322925120592,-0.24589529633522034,-0.16875430941581726,
34,1.134468,9,neck,-0.013753604143857956,-0.27632686495780945,-0.204088494181633,
34,1.134468,10,head,-0.02451348304748535,-0.3105769455432892,-0.23769289255142212,
34,1.134468,11,left_shoulder,0.09635376930236816,-0.24572767317295074,-0.15773572027683258,
34,1.134468,12,left_elbow,0.0914338007569313,-0.08852177858352661,-0.15324974060058594,
34,1.134468,13,left_wrist,0.0729093998670578,0.06467305123806,-0.15385335683822632,
34,1.134468,14,right_shoulder,-0.09184843301773071,-0.22732068598270416,-0.1667787730693817,
34,1.134468,15,right_elbow,-0.04976877570152283,-0.06509698927402496,-0.15418082475662231,
34,1.134468,16,right_wrist,0.010808981955051422,0.06998702883720398,-0.14837490022182465,
35,1.167835,0,hip_center,0.00040995661402121186,0.00019391205569263548,8.131363574648276e-05,
35,1.167835,1,right_hip,-0.06929083913564682,-0.0007436771993525326,0.017583122476935387,
35,1.167835,2,right_knee,-0.11308424174785614,0.24553127586841583,-0.019157668575644493,
35,1.167835,3,right_ankle,-0.15963687002658844,0.47434622049331665,0.042899906635284424,
35,1.167835,4,left_hip,0.0701102614402771,0.0011314419098198414,-0.017420178279280663,
35,1.167835,5,left_knee,0.11314509809017181,0.24350471794605255,-0.029681021347641945,
35,1.167835,6,left_ankle,0.14727582037448883,0.4667682647705078,0.0430484414100647,
35,1.167835,7,spine,0.0009809830226004124,-0.12291056662797928,-0.08424270898103714,
35,1.167835,8,thorax,0.001542776357382536,-0.24603326618671417,-0.16855734586715698,
35,1.167835,9,neck,-0.014001203700900078,-0.27651745080947876,-0.20381447672843933,
35,1.167835,10,head,-0.024784743785858154,-0.3108373284339905,-0.2373400181531906,
35,1.167835,11,left_shoulder,0.09617621451616287,-0.2458406388759613,-0.1575220227241516,
35,1.167835,12,left_elbow,0.09134915471076965,-0.08862350881099701,-0.15333859622478485,
35,1.167835,13,left_wrist,0.07309264689683914,0.06460332870483398,-0.15398038923740387,
35,1.167835,14,right_shoulder,-0.09200159460306168,-0.22735175490379333,-0.1665296107530594,
35,1.167835,15,right_elbow,-0.0497945100069046,-0.06514632701873779,-0.15412427484989166,
35,1.167835,16,right_wrist,0.010828070342540741,0.06992027163505554,-0.1483810991048813,
36,1.201201,0,hip_center,0.0004053727025166154,0.00019533302111085504,7.841660408303142e-05,
36,1.201201,1,right_hip,-0.0692778006196022,-0.0007266403408721089,0.017651056870818138,
36,1.201201,2,right_knee,-0.1131507158279419,0.245534285902977,-0.019089018926024437,
36,1.201201,3,right_ankle,-0.1596752554178238,0.4743460416793823,0.04300140589475632,
36,1.201201,4,left_hip,0.07008805871009827,0.0011172553058713675,-0.017493961378932,
36,1.201201,5,left_knee,0.11319030821323395,0.24348509311676025,-0.029624778777360916,
36,1.201201,6,left_ankle,0.14728814363479614,0.4667171239852905,0.04321672394871712,
36,1.201201,7,spine,0.0009002445731312037,-0.12297093123197556,-0.08415580540895462,
36,1.201201,8,thorax,0.0013867297675460577,-0.24615445733070374,-0.16838201880455017,
36,1.201201,9,neck,-0.014234064146876335,-0.27668100595474243,-0.2035684585571289,
36,1.201201,10,head,-0.025041520595550537,-0.311064749956131,-0.23702076077461243,
36,1.201201,11,left_shoulder,0.0960174947977066,-0.24593067169189453,-0.15732441842556,
36,1.201201,12,left_elbow,0.09127596765756607,-0.08870342373847961,-0.15343385934829712,
36,1.201201,13,left_wrist,0.07332247495651245,0.06455928087234497,-0.15405862033367157,
36,1.201201,14,right_shoulder,-0.09213646501302719,-0.22737251222133636,-0.16630594432353973,
36,1.201201,15,right_elbow,-0.0497916117310524,-0.06518979370594025,-0.1540742963552475,
36,1.201201,16,right_wrist,0.010865632444620132,0.06986279785633087,-0.148368239402771,
37,1.234568,0,hip_center,0.0004007386742159724,0.0001978172513190657,7.534779433626682e-05,
37,1.234568,1,right_hip,-0.06926517933607101,-0.0007106629200279713,0.017716994509100914,
37,1.234568,2,right_knee,-0.11321280896663666,0.24553939700126648,-0.01900654099881649,
37,1.234568,3,right_ankle,-0.15970486402511597,0.4743556082248688,0.04309181123971939,
37,1.234568,4,left_hip,0.07006615400314331,0.0011062512639909983,-0.01756608672440052,
37,1.234568,5,left_knee,0.11323899030685425,0.24346597492694855,-0.029607130214571953,
37,1.234568,6,left_ankle,0.14731697738170624,0.4666607975959778,0.04335753619670868,
37,1.234568,7,spine,0.0008276207372546196,-0.12302114069461823,-0.08408213406801224,
37,1.234568,8,thorax,0.0012469475623220205,-0.24625639617443085,-0.1682329773902893,
37,1.234568,9,neck,-0.014449264854192734,-0.27682986855506897,-0.20334504544734955,
37,1.234568,10,head,-0.025280579924583435,-0.3112776577472687,-0.2367236614227295,
37,1.234568,11,left_shoulder,0.09587462246417999,-0.24600011110305786,-0.15714970231056213,
37,1.234568,12,left_elbow,0.09121322631835938,-0.08876372873783112,-0.1535424292087555,
37,1.234568,13,left_wrist,0.07360462844371796,0.06453929841518402,-0.1540825366973877,
37,1.234568,14,right_shoulder,-0.09225764870643616,-0.2273864895105362,-0.16611701250076294,
37,1.234568,15,right_elbow,-0.04976353421807289,-0.06523129343986511,-0.1540391594171524,
37,1.234568,16,right_wrist,0.010920807719230652,0.06980982422828674,-0.14834941923618317,
38,1.267935,0,hip_center,0.000394916336517781,0.0002019099920289591,7.283147715497762e-05,
38,1.267935,1,right_hip,-0.06925378739833832,-0.0006945019704289734,0.01778290793299675,
38,1.267935,2,right_knee,-0.11327517032623291,0.24554771184921265,-0.01890498399734497,
38,1.267935,3,right_ankle,-0.1597316712141037,0.47437340021133423,0.04318506643176079,
38,1.267935,4,left_hip,0.07004310190677643,0.0010982806561514735,-0.017637070268392563,
38,1.267935,5,left_knee,0.11328492313623428,0.24344909191131592,-0.02961001731455326,
38,1.267935,6,left_ankle,0.14735648036003113,0.4666019082069397,0.04348604381084442,
38,1.267935,7,spine,0.000760409515351057,-0.12306583672761917,-0.08401346951723099,
38,1.267935,8,thorax,0.0011191379744559526,-0.24634899199008942,-0.16809441149234772,
38,1.267935,9,neck,-0.014653812162578106,-0.27696889638900757,-0.2031315565109253,
38,1.267935,10,head,-0.02550699934363365,-0.3114813566207886,-0.2364361733198166,
38,1.267935,11,left_shoulder,0.09574304521083832,-0.2460537850856781,-0.15697993338108063,
38,1.267935,12,left_elbow,0.091157928109169,-0.08880889415740967,-0.1536565124988556,
38,1.267935,13,left_wrist,0.07393316179513931,0.06453816592693329,-0.15405607223510742,
38,1.267935,14,right_shoulder,-0.09236834198236465,-0.22739842534065247,-0.16594372689723969,
38,1.267935,15,right_elbow,-0.0497140996158123,-0.06527453660964966,-0.1540108025074005,
38,1.267935,16,right_wrist,0.010985106229782104,0.06976012885570526,-0.14832642674446106,
39,1.301301,0,hip_center,0.0003898461873177439,0.0002059625694528222,7.345111225731671e-05,
39,1.301301,1,right_hip,-0.06924252957105637,-0.0006815700326114893,0.017848066985607147,
39,1.301301,2,right_knee,-0.1133306622505188,0.24555306136608124,-0.018810566514730453,
39,1.301301,3,right_ankle,-0.1597469449043274,0.4743863344192505,0.04328159615397453,
39,1.301301,4,left_hip,0.07002170383930206,0.0010934602469205856,-0.01770099438726902,
39,1.301301,5,left_knee,0.11332644522190094,0.2434363067150116,-0.029607970267534256,
39,1.301301,6,left_ankle,0.14740929007530212,0.46654289960861206,0.04362378641963005,
39,1.301301,7,spine,0.0006988518871366978,-0.1231086328625679,-0.08394437283277512,
39,1.301301,8,thorax,0.001001823926344514,-0.24643784761428833,-0.16795794665813446,
39,1.301301,9,neck,-0.01484702154994011,-0.2771102488040924,-0.20291483402252197,
39,1.301301,10,head,-0.02571885846555233,-0.3116922080516815,-0.236141175031662,
39,1.301301,11,left_shoulder,0.09562119841575623,-0.24609388411045074,-0.15680627524852753,
39,1.301301,12,left_elbow,0.09110407531261444,-0.0888412594795227,-0.1537684053182602,
39,1.301301,13,left_wrist,0.07428926974534988,0.0645517110824585,-0.15395405888557434,
39,1.301301,14,right_shoulder,-0.09247007220983505,-0.22741402685642242,-0.16577671468257904,
39,1.301301,15,right_elbow,-0.04964950308203697,-0.06532366573810577,-0.1539846658706665,
39,1.301301,16,right_wrist,0.011049963533878326,0.0697106420993805,-0.14829504489898682,
40,1.334668,0,hip_center,0.00038248213240876794,0.00021113589173182845,7.414397259708494e-05,
40,1.334668,1,right_hip,-0.06923527270555496,-0.0006692539318464696,0.017906272783875465,
40,1.334668,2,right_knee,-0.11338268965482712,0.24555601179599762,-0.018743859604001045,
40,1.334668,3,right_ankle,-0.15974807739257812,0.4743945002555847,0.04336710274219513,
40,1.334668,4,left_hip,0.06999972462654114,0.0010914979502558708,-0.017757819965481758,
40,1.334668,5,left_knee,0.11336232721805573,0.24342584609985352,-0.029626740142703056,
40,1.334668,6,left_ankle,0.1474693864583969,0.46647918224334717,0.04375581443309784,
40,1.334668,7,spine,0.0006384028820320964,-0.12315124273300171,-0.0838736742734909,
40,1.334668,8,thorax,0.0008889517630450428,-0.24652758240699768,-0.16781821846961975,
40,1.334668,9,neck,-0.015038262121379375,-0.2772504389286041,-0.2026951014995575,
40,1.334668,10,head,-0.02592744678258896,-0.3119024634361267,-0.23584267497062683,
40,1.334668,11,left_shoulder,0.09550296515226364,-0.24612483382225037,-0.15662318468093872,
40,1.334668,12,left_elbow,0.09104622155427933,-0.08886529505252838,-0.15386642515659332,
40,1.334668,13,left_wrist,0.07465668767690659,0.06457379460334778,-0.15381279587745667,
40,1.334668,14,right_shoulder,-0.09256824851036072,-0.22743485867977142,-0.16560935974121094,
40,1.334668,15,right_elbow,-0.049579277634620667,-0.06537944078445435,-0.15395064651966095,
40,1.334668,16,right_wrist,0.011110033839941025,0.06965960562229156,-0.14826442301273346,
41,1.368035,0,hip_center,0.00037375252577476203,0.00021808833116665483,7.59223330533132e-05,
41,1.368035,1,right_hip,-0.06923238933086395,-0.0006572584970854223,0.01795359142124653,
41,1.368035,2,right_knee,-0.11343176662921906,0.24555686116218567,-0.018708830699324608,
41,1.368035,3,right_ankle,-0.15973839163780212,0.4743958115577698,0.043444253504276276,
41,1.368035,4,left_hip,0.06997937709093094,0.0010934141464531422,-0.017801575362682343,
41,1.368035,5,left_knee,0.11339065432548523,0.24341925978660583,-0.029666181653738022,
41,1.368035,6,left_ankle,0.1475336253643036,0.4664100110530853,0.04388971999287605,
41,1.368035,7,spine,0.0005770096904598176,-0.12319637089967728,-0.0837954506278038,
41,1.368035,8,thorax,0.000775469874497503,-0.24662427604198456,-0.1676643192768097,
41,1.368035,9,neck,-0.01523214764893055,-0.2773953974246979,-0.20246173441410065,
41,1.368035,10,head,-0.02613772451877594,-0.3121180534362793,-0.23552989959716797,
41,1.368035,11,left_shoulder,0.09538376331329346,-0.24615487456321716,-0.15642361342906952,
41,1.368035,12,left_elbow,0.09097711741924286,-0.08888916671276093,-0.15395331382751465,
41,1.368035,13,left_wrist,0.07500807195901871,0.06459397077560425,-0.15364953875541687,
41,1.368035,14,right_shoulder,-0.09266757220029831,-0.22746556997299194,-0.16542859375476837,
41,1.368035,15,right_elbow,-0.04951080307364464,-0.06544420123100281,-0.1539175808429718,
41,1.368035,16,right_wrist,0.011159799993038177,0.06960390508174896,-0.1482471376657486,
42,1.401401,0,hip_center,0.0003638551861513406,0.00022518359764944762,7.761411688989028e-05,
42,1.401401,1,right_hip,-0.06923029571771622,-0.000649261986836791,0.01800195872783661,
42,1.401401,2,right_knee,-0.11348067969083786,0.24555179476737976,-0.0186866857111454,
42,1.401401,3,right_ankle,-0.15971782803535461,0.47438353300094604,0.04354465380311012,
42,1.401401,4,left_hip,0.06995749473571777,0.0010996124474331737,-0.01784655824303627,
42,1.401401,5,left_knee,0.11340968310832977,0.24341817200183868,-0.029710346832871437,
42,1.401401,6,left_ankle,0.14760591089725494,0.4663333296775818,0.04404957592487335,
42,1.401401,7,spine,0.0005156631814315915,-0.12325046956539154,-0.08370374888181686,
42,1.401401,8,thorax,0.0006631786236539483,-0.24673917889595032,-0.1674831211566925,
42,1.401401,9,neck,-0.015424015931785107,-0.2775668501853943,-0.20219367742538452,
42,1.401401,10,head,-0.026342887431383133,-0.3123677968978882,-0.23517507314682007,
42,1.401401,11,left_shoulder,0.0952661857008934,-0.246195450425148,-0.15620139241218567,
42,1.401401,12,left_elbow,0.09090025722980499,-0.08892413973808289,-0.15403376519680023,
42,1.401401,13,left_wrist,0.07531312853097916,0.06459766626358032,-0.15351061522960663,
42,1.401401,14,right_shoulder,-0.09276597201824188,-0.22751650214195251,-0.1652155965566635,
42,1.401401,15,right_elbow,-0.04944950342178345,-0.06552599370479584,-0.15387123823165894,
42,1.401401,16,right_wrist,0.011191479861736298,0.06953702867031097,-0.14823932945728302,
43,1.434768,0,hip_center,0.00035345624200999737,0.0002316249010618776,8.086481830105186e-05,
43,1.434768,1,right_hip,-0.06922850012779236,-0.0006456002593040466,0.01805233582854271,
43,1.434768,2,right_knee,-0.1135312095284462,0.24554038047790527,-0.018674079328775406,
43,1.434768,3,right_ankle,-0.15969052910804749,0.47435516119003296,0.04367726296186447,
43,1.434768,4,left_hip,0.0699349045753479,0.0011088346363976598,-0.01789042353630066,
43,1.434768,5,left_knee,0.11342392861843109,0.24341998994350433,-0.02977043017745018,
43,1.434768,6,left_ankle,0.14768454432487488,0.4662424325942993,0.044239435344934464,
43,1.434768,7,spine,0.00045437071821652353,-0.12331615388393402,-0.0835941955447197,
43,1.434768,8,thorax,0.000551430566702038,-0.2468767762184143,-0.1672675609588623,
43,1.434768,9,neck,-0.015608441084623337,-0.2777698040008545,-0.2018861323595047,
43,1.434768,10,head,-0.02653619274497032,-0.3126550316810608,-0.23477542400360107,
43,1.434768,11,left_shoulder,0.09514928609132767,-0.24625679850578308,-0.15594658255577087,
43,1.434768,12,left_elbow,0.09081709384918213,-0.0889805406332016,-0.15409331023693085,
43,1.434768,13,left_wrist,0.07554927468299866,0.06457270681858063,-0.15340910851955414,
43,1.434768,14,right_shoulder,-0.09286428242921829,-0.2275923639535904,-0.16497083008289337,
43,1.434768,15,right_elbow,-0.049402475357055664,-0.06562782824039459,-0.15381309390068054,
43,1.434768,16,right_wrist,0.011202596127986908,0.06945386528968811,-0.1482427418231964,
44,1.468135,0,hip_center,0.00034303468419238925,0.00023831083672121167,8.370049181394279e-05,
44,1.468135,1,right_hip,-0.06922420114278793,-0.000645908061414957,0.01811172254383564,
44,1.468135,2,right_knee,-0.11358428746461868,0.24552491307258606,-0.018647005781531334,
44,1.468135,3,right_ankle,-0.1596582978963852,0.4743150472640991,0.043857693672180176,
44,1.468135,4,left_hip,0.06990975886583328,0.0011225154157727957,-0.017944127321243286,
44,1.468135,5,left_knee,0.11343249678611755,0.2434280663728714,-0.029814980924129486,
44,1.468135,6,left_ankle,0.14776988327503204,0.46614426374435425,0.044478483498096466,
44,1.468135,7,spine,0.0003906401398126036,-0.12339663505554199,-0.08346252888441086,
44,1.468135,8,thorax,0.00043475121492519975,-0.2470444142818451,-0.16700707376003265,
44,1.468135,9,neck,-0.015784159302711487,-0.2780187129974365,-0.2015252709388733,
44,1.468135,10,head,-0.02671409770846367,-0.3129972815513611,-0.23431453108787537,
44,1.468135,11,left_shoulder,0.09502824395895004,-0.24634835124015808,-0.15565410256385803,
44,1.468135,12,left_elbow,0.0907207727432251,-0.08906795084476471,-0.15412284433841705,
44,1.468135,13,left_wrist,0.07569223642349243,0.06450842320919037,-0.15334010124206543,
44,1.468135,14,right_shoulder,-0.09296790510416031,-0.22770032286643982,-0.16468124091625214,
44,1.468135,15,right_elbow,-0.0493767224252224,-0.06575597822666168,-0.1537373661994934,
44,1.468135,16,right_wrist,0.011186394840478897,0.06934833526611328,-0.1482601910829544,
45,1.501502,0,hip_center,0.00033248274121433496,0.0002450400497764349,8.626794442534447e-05,
45,1.501502,1,right_hip,-0.0692184716463089,-0.0006503464537672698,0.018176477402448654,
45,1.501502,2,right_knee,-0.11364277452230453,0.2455023229122162,-0.01862630620598793,
45,1.501502,3,right_ankle,-0.15962554514408112,0.47425538301467896,0.044080864638090134,
45,1.501502,4,left_hip,0.06988292932510376,0.001140414853580296,-0.018003741279244423,
45,1.501502,5,left_knee,0.11342880874872208,0.24344241619110107,-0.02986207604408264,
45,1.501502,6,left_ankle,0.14785337448120117,0.4660322666168213,0.044769033789634705,
45,1.501502,7,spine,0.0003243094542995095,-0.1234968975186348,-0.08330143243074417,
45,1.501502,8,thorax,0.0003129340766463429,-0.24725189805030823,-0.16668710112571716,
45,1.501502,9,neck,-0.01595197431743145,-0.2783229351043701,-0.2010965347290039,
45,1.501502,10,head,-0.026878241449594498,-0.31340423226356506,-0.23377710580825806,
45,1.501502,11,left_shoulder,0.09490333497524261,-0.24647913873195648,-0.1553133875131607,
45,1.501502,12,left_elbow,0.09061063826084137,-0.08919541537761688,-0.15411843359470367,
45,1.501502,13,left_wrist,0.07572812587022781,0.06439511477947235,-0.1533191204071045,
45,1.501502,14,right_shoulder,-0.09307646006345749,-0.2278479039669037,-0.16432775557041168,
45,1.501502,15,right_elbow,-0.0493738017976284,-0.06591692566871643,-0.15363338589668274,
45,1.501502,16,right_wrist,0.01113981381058693,0.06921488046646118,-0.14828895032405853,
46,1.534868,0,hip_center,0.00032219511922448874,0.00025261638802476227,8.900672401068732e-05,
46,1.534868,1,right_hip,-0.06921204924583435,-0.0006560204783454537,0.01824267953634262,
46,1.534868,2,right_knee,-0.11370763182640076,0.2454765886068344,-0.01860814169049263,
46,1.534868,3,right_ankle,-0.1595970094203949,0.4741809070110321,0.044344786554574966,
46,1.534868,4,left_hip,0.0698559358716011,0.0011612462112680078,-0.018064456060528755,
46,1.534868,5,left_knee,0.11341361701488495,0.24346162378787994,-0.029912859201431274,
46,1.534868,6,left_ankle,0.14793339371681213,0.46590304374694824,0.045115672051906586,
46,1.534868,7,spine,0.0002556208346504718,-0.12361902743577957,-0.0831058919429779,
46,1.534868,8,thorax,0.00018607647507451475,-0.24750423431396484,-0.16629794239997864,
46,1.534868,9,neck,-0.016112949699163437,-0.27868330478668213,-0.20059330761432648,
46,1.534868,10,head,-0.0270320363342762,-0.3138735592365265,-0.2331589162349701,
46,1.534868,11,left_shoulder,0.09477469325065613,-0.24665845930576324,-0.15491458773612976,
46,1.534868,12,left_elbow,0.09047990292310715,-0.08937256038188934,-0.15406402945518494,
46,1.534868,13,left_wrist,0.07564198970794678,0.06422281265258789,-0.1533777117729187,
46,1.534868,14,right_shoulder,-0.09319005906581879,-0.2280406355857849,-0.1639053076505661,
46,1.534868,15,right_elbow,-0.04939359426498413,-0.06611646711826324,-0.1534956395626068,
46,1.534868,16,right_wrist,0.011059854179620743,0.06904961168766022,-0.1483403444290161,
47,1.568235,0,hip_center,0.0003116183215752244,0.0002606298658065498,9.140092151938006e-05,
47,1.568235,1,right_hip,-0.06920493394136429,-0.0006635271711274981,0.018311912193894386,
47,1.568235,2,right_knee,-0.11377822607755661,0.24544847011566162,-0.018582673743367195,
47,1.568235,3,right_ankle,-0.15957215428352356,0.47409293055534363,0.04465658962726593,
47,1.568235,4,left_hip,0.06982767581939697,0.0011847876012325287,-0.0181288942694664,
47,1.568235,5,left_knee,0.11338625848293304,0.24348649382591248,-0.029946576803922653,
47,1.568235,6,left_ankle,0.14800481498241425,0.46576666831970215,0.045513126999139786,
47,1.568235,7,spine,0.00018391149933449924,-0.12376071512699127,-0.08288010209798813,
47,1.568235,8,thorax,5.341297946870327e-05,-0.2477964460849762,-0.165847510099411,
47,1.568235,9,neck,-0.01626577600836754,-0.2790898382663727,-0.20002900063991547,
47,1.568235,10,head,-0.027173029258847237,-0.31439176201820374,-0.23247748613357544,
47,1.568235,11,left_shoulder,0.09464168548583984,-0.2468838095664978,-0.154466450214386,
47,1.568235,12,left_elbow,0.09032820910215378,-0.08959689736366272,-0.15397047996520996,
47,1.568235,13,left_wrist,0.07542810589075089,0.0639934092760086,-0.1535475105047226,
47,1.568235,14,right_shoulder,-0.09330927580595016,-0.22827260196208954,-0.163421168923378,
47,1.568235,15,right_elbow,-0.049436457455158234,-0.06634858250617981,-0.15333519876003265,
47,1.568235,16,right_wrist,0.01094859465956688,0.06885720789432526,-0.14842553436756134,
48,1.601602,0,hip_center,0.0002986256149597466,0.000269438314717263,9.24167616176419e-05,
48,1.601602,1,right_hip,-0.06919817626476288,-0.0006711449241265655,0.018387285992503166,
48,1.601602,2,right_knee,-0.1138576790690422,0.24541816115379333,-0.01855437271296978,
48,1.601602,3,right_ankle,-0.15955603122711182,0.47399044036865234,0.045014142990112305,
48,1.601602,4,left_hip,0.06979493051767349,0.0012100308667868376,-0.018202241510152817,
48,1.601602,5,left_knee,0.1133432388305664,0.2435164749622345,-0.02996065467596054,
48,1.601602,6,left_ankle,0.14806441962718964,0.46562227606773376,0.04596386104822159,
48,1.601602,7,spine,0.00010518224735278636,-0.12392725050449371,-0.08261624723672867,
48,1.601602,8,thorax,-9.093437984120101e-05,-0.24813957512378693,-0.16531890630722046,
48,1.601602,9,neck,-0.01642192341387272,-0.27954602241516113,-0.19939088821411133,
48,1.601602,10,head,-0.0273127518594265,-0.3149614930152893,-0.23172098398208618,
48,1.601602,11,left_shoulder,0.0944986492395401,-0.24715839326381683,-0.153954416513443,
48,1.601602,12,left_elbow,0.0901569128036499,-0.08987152576446533,-0.15383534133434296,
48,1.601602,13,left_wrist,0.075083889067173,0.06370247900485992,-0.1538822501897812,
48,1.601602,14,right_shoulder,-0.09343810379505157,-0.22854724526405334,-0.1628478467464447,
48,1.601602,15,right_elbow,-0.04950226470828056,-0.06661731004714966,-0.1531384289264679,
48,1.601602,16,right_wrist,0.010803256183862686,0.06863544881343842,-0.14855581521987915,
49,1.634968,0,hip_center,0.00028440693859010935,0.0002783972886390984,9.150477853836492e-05,
49,1.634968,1,right_hip,-0.06919095665216446,-0.0006790468469262123,0.018466776236891747,
49,1.634968,2,right_knee,-0.11394227296113968,0.24538835883140564,-0.01850961335003376,
49,1.634968,3,right_ankle,-0.15954668819904327,0.473880410194397,0.04541371762752533,
49,1.634968,4,left_hip,0.06975924968719482,0.0012358599342405796,-0.018283573910593987,
49,1.634968,5,left_knee,0.11328920722007751,0.24355001747608185,-0.029950568452477455,
49,1.634968,6,left_ankle,0.14811252057552338,0.4654729962348938,0.046460285782814026,
49,1.634968,7,spine,1.9200146198272705e-05,-0.12412012368440628,-0.08231308311223984,
49,1.634968,8,thorax,-0.00024862567079253495,-0.24853600561618805,-0.16470900177955627,
49,1.634968,9,neck,-0.01658274419605732,-0.28005051612854004,-0.19867953658103943,
49,1.634968,10,head,-0.027450982481241226,-0.31558021903038025,-0.2308916598558426,
49,1.634968,11,left_shoulder,0.09434349834918976,-0.24748192727565765,-0.15337224304676056,
49,1.634968,12,left_elbow,0.0899619311094284,-0.09019635617733002,-0.1536465883255005,
49,1.634968,13,left_wrist,0.07461827993392944,0.06334923207759857,-0.15435341000556946,
49,1.634968,14,right_shoulder,-0.09357761591672897,-0.22886432707309723,-0.16218246519565582,
49,1.634968,15,right_elbow,-0.04958914965391159,-0.06692343950271606,-0.1529037207365036,
49,1.634968,16,right_wrist,0.010628458112478256,0.06838187575340271,-0.14873559772968292,
50,1.668335,0,hip_center,0.00027093838434666395,0.00028584181563928723,8.991248614620417e-05,
50,1.668335,1,right_hip,-0.06917985528707504,-0.0006905904738232493,0.01855679415166378,
50,1.668335,2,right_knee,-0.11402977257966995,0.2453545331954956,-0.018448343500494957,
50,1.668335,3,right_ankle,-0.1595405638217926,0.47375884652137756,0.04585420340299606,
50,1.668335,4,left_hip,0.06972122192382812,0.0012623025104403496,-0.018376808613538742,
50,1.668335,5,left_knee,0.113228440284729,0.2435867190361023,-0.029914960265159607,
50,1.668335,6,left_ankle,0.14815428853034973,0.4653216600418091,0.04699333757162094,
50,1.668335,7,spine,-7.041479693725705e-05,-0.12433776259422302,-0.081973597407341,
50,1.668335,8,thorax,-0.0004143819969613105,-0.24898096919059753,-0.16402491927146912,
50,1.668335,9,neck,-0.016742825508117676,-0.28060051798820496,-0.1979004591703415,
50,1.668335,10,head,-0.02758002281188965,-0.31624746322631836,-0.2299932837486267,
50,1.668335,11,left_shoulder,0.09418091922998428,-0.24784435331821442,-0.15272264182567596,
50,1.668335,12,left_elbow,0.08975009620189667,-0.09056143462657928,-0.15341274440288544,
50,1.668335,13,left_wrist,0.07406453043222427,0.06294360756874084,-0.1549418717622757,
50,1.668335,14,right_shoulder,-0.09372223168611526,-0.22921791672706604,-0.16143161058425903,
50,1.668335,15,right_elbow,-0.049689989537000656,-0.06726205348968506,-0.1526343673467636,
50,1.668335,16,right_wrist,0.010430138558149338,0.06810097396373749,-0.1489611566066742,
51,1.701702,0,hip_center,0.00025925738736987114,0.0002911685733124614,8.965716551756486e-05,
51,1.701702,1,right_hip,-0.06916460394859314,-0.0007048820843920112,0.01865648292005062,
51,1.701702,2,right_knee,-0.1141248494386673,0.24531862139701843,-0.018358634784817696,
51,1.701702,3,right_ankle,-0.15954521298408508,0.47362953424453735,0.046338312327861786,
51,1.701702,4,left_hip,0.06968260556459427,0.0012872557854279876,-0.018477018922567368,
51,1.701702,5,left_knee,0.11316554248332977,0.2436242550611496,-0.02984093502163887,
51,1.701702,6,left_ankle,0.14819426834583282,0.4651651382446289,0.047578055411577225,
51,1.701702,7,spine,-0.00016366993077099323,-0.12458037585020065,-0.08159570395946503,
51,1.701702,8,thorax,-0.0005892600165680051,-0.24947428703308105,-0.16326455771923065,
51,1.701702,9,neck,-0.016899891197681427,-0.28120318055152893,-0.19704630970954895,
51,1.701702,10,head,-0.027696620672941208,-0.31697383522987366,-0.22901488840579987,
51,1.701702,11,left_shoulder,0.09400979429483414,-0.24824275076389313,-0.15200378000736237,
51,1.701702,12,left_elbow,0.08952426165342331,-0.09096388518810272,-0.15312613546848297,
51,1.701702,13,left_wrist,0.07345491647720337,0.06248866021633148,-0.1556294560432434,
51,1.701702,14,right_shoulder,-0.09387408196926117,-0.22961294651031494,-0.16059480607509613,
51,1.701702,15,right_elbow,-0.049804143607616425,-0.06763927638530731,-0.15233011543750763,
51,1.701702,16,right_wrist,0.01020454615354538,0.06778742372989655,-0.1492263823747635,
52,1.735068,0,hip_center,0.0002483215357642621,0.0002945970045402646,8.710176189197227e-05,
52,1.735068,1,right_hip,-0.06914529204368591,-0.0007204206194728613,0.0187656432390213,
52,1.735068,2,right_knee,-0.11423051357269287,0.24528375267982483,-0.01822589710354805,
52,1.735068,3,right_ankle,-0.1595621109008789,0.4734992980957031,0.046868544071912766,
52,1.735068,4,left_hip,0.06964141130447388,0.0013096563052386045,-0.018591323867440224,
52,1.735068,5,left_knee,0.11310327053070068,0.24366146326065063,-0.029717396944761276,
52,1.735068,6,left_ankle,0.1482330560684204,0.46500736474990845,0.04821180924773216,
52,1.735068,7,spine,-0.00026212973170913756,-0.12484373152256012,-0.08118847012519836,
52,1.735068,8,thorax,-0.0007753475802019238,-0.25000762939453125,-0.16244244575500488,
52,1.735068,9,neck,-0.01706003025174141,-0.2818477153778076,-0.19613197445869446,
52,1.735068,10,head,-0.02780986949801445,-0.3177465796470642,-0.2279723733663559,
52,1.735068,11,left_shoulder,0.09382806718349457,-0.2486715018749237,-0.15123027563095093,
52,1.735068,12,left_elbow,0.08928588777780533,-0.09139804542064667,-0.1527964472770691,
52,1.735068,13,left_wrist,0.07281661033630371,0.061990439891815186,-0.15638944506645203,
52,1.735068,14,right_shoulder,-0.09403588622808456,-0.2300439178943634,-0.1596892923116684,
52,1.735068,15,right_elbow,-0.0499279722571373,-0.06805264949798584,-0.15199154615402222,
52,1.735068,16,right_wrist,0.00995834544301033,0.06744129955768585,-0.1495247781276703,
53,1.768435,0,hip_center,0.00023778658942319453,0.0002977093099616468,8.376372716156766e-05,
53,1.768435,1,right_hip,-0.06912308931350708,-0.0007340311422012746,0.018882591277360916,
53,1.768435,2,right_knee,-0.11434606462717056,0.2452520877122879,-0.018060963600873947,
53,1.768435,3,right_ankle,-0.1595892608165741,0.4733707010746002,0.04743353649973869,
53,1.768435,4,left_hip,0.06959813833236694,0.0013294939417392015,-0.018714986741542816,
53,1.768435,5,left_knee,0.1130414605140686,0.24369679391384125,-0.02957281470298767,
53,1.768435,6,left_ankle,0.14826664328575134,0.46484583616256714,0.04887060075998306,
53,1.768435,7,spine,-0.00036535991239361465,-0.12512104213237762,-0.0807577595114708,
53,1.768435,8,thorax,-0.0009714239276945591,-0.25056883692741394,-0.16157205402851105,
53,1.768435,9,neck,-0.01722612977027893,-0.2825165092945099,-0.19517408311367035,
53,1.768435,10,head,-0.0279257632791996,-0.3185441493988037,-0.22688569128513336,
53,1.768435,11,left_shoulder,0.09363722801208496,-0.24912108480930328,-0.15041811764240265,
53,1.768435,12,left_elbow,0.08904115110635757,-0.09185431897640228,-0.15243403613567352,
53,1.768435,13,left_wrist,0.07216932624578476,0.06145861744880676,-0.15719440579414368,
53,1.768435,14,right_shoulder,-0.09420653432607651,-0.23049955070018768,-0.15872663259506226,
53,1.768435,15,right_elbow,-0.050056226551532745,-0.06849291920661926,-0.15161824226379395,
53,1.768435,16,right_wrist,0.009690165519714355,0.06707364320755005,-0.14984536170959473,
54,1.801802,0,hip_center,0.00022830460511613637,0.00030000624246895313,7.90859994594939e-05,
54,1.801802,1,right_hip,-0.06909818947315216,-0.000747883110307157,0.019003456458449364,
54,1.801802,2,right_knee,-0.11446772515773773,0.245222270488739,-0.017866553738713264,
54,1.801802,3,right_ankle,-0.159622922539711,0.4732446074485779,0.04802269488573074,
54,1.801802,4,left_hip,0.06955424696207047,0.001347940182313323,-0.01884526200592518,
54,1.801802,5,left_knee,0.11298155784606934,0.24373112618923187,-0.029408566653728485,
54,1.801802,6,left_ankle,0.1483001708984375,0.4646846354007721,0.04954219609498978,
54,1.801802,7,spine,-0.00047242845175787807,-0.12540696561336517,-0.08031272143125534,
54,1.801802,8,thorax,-0.001176272751763463,-0.2511465847492218,-0.1606714129447937,
54,1.801802,9,neck,-0.017398541793227196,-0.283195823431015,-0.1941922903060913,
54,1.801802,10,head,-0.028045205399394035,-0.31935083866119385,-0.2257765233516693,
54,1.801802,11,left_shoulder,0.09343774616718292,-0.24958033859729767,-0.14957919716835022,
54,1.801802,12,left_elbow,0.08879245817661285,-0.09232152998447418,-0.15205228328704834,
54,1.801802,13,left_wrist,0.07152901589870453,0.06090530753135681,-0.15802593529224396,
54,1.801802,14,right_shoulder,-0.09438517689704895,-0.23096968233585358,-0.15772996842861176,
54,1.801802,15,right_elbow,-0.05018576979637146,-0.06895110011100769,-0.15122459828853607,
54,1.801802,16,right_wrist,0.009402938187122345,0.06669247150421143,-0.15018852055072784,
55,1.835169,0,hip_center,0.00021883904992137104,0.00030321930535137653,7.265122985700145e-05,
55,1.835169,1,right_hip,-0.06907305866479874,-0.000760240713134408,0.0191224105656147,
55,1.835169,2,right_knee,-0.11459045112133026,0.24519722163677216,-0.017649736255407333,
55,1.835169,3,right_ankle,-0.15965822339057922,0.4731259047985077,0.048622261732816696,
55,1.835169,4,left_hip,0.06951016932725906,0.00136672449298203,-0.01897715963423252,
55,1.835169,5,left_knee,0.1129242479801178,0.24376556277275085,-0.02923126518726349,
55,1.835169,6,left_ankle,0.1483311951160431,0.4645313620567322,0.05020364373922348,
55,1.835169,7,spine,-0.0005809701979160309,-0.12569285929203033,-0.07986437529325485,
55,1.835169,8,thorax,-0.001384094124659896,-0.2517250180244446,-0.15976256132125854,
55,1.835169,9,neck,-0.017570151016116142,-0.2838711738586426,-0.19320808351039886,
55,1.835169,10,head,-0.028164442628622055,-0.3201490044593811,-0.22466886043548584,
55,1.835169,11,left_shoulder,0.09323512762784958,-0.25004079937934875,-0.14873218536376953,
55,1.835169,12,left_elbow,0.0885455533862114,-0.09279125928878784,-0.15166716277599335,
55,1.835169,13,left_wrist,0.0709092766046524,0.06034015119075775,-0.1588720977306366,
55,1.835169,14,right_shoulder,-0.09456831961870193,-0.23144745826721191,-0.1567327380180359,
55,1.835169,15,right_elbow,-0.05031257122755051,-0.06942126154899597,-0.15082748234272003,
55,1.835169,16,right_wrist,0.009103070944547653,0.06630188226699829,-0.15055125951766968,
56,1.868535,0,hip_center,0.00021060017752461135,0.00030687631806358695,6.718590157106519e-05,
56,1.868535,1,right_hip,-0.06904655694961548,-0.000769390317145735,0.019242165610194206,
56,1.868535,2,right_knee,-0.11471931636333466,0.24517521262168884,-0.017423288896679878,
56,1.868535,3,right_ankle,-0.1597013622522354,0.473016619682312,0.04920622706413269,
56,1.868535,4,left_hip,0.06946717202663422,0.0013831877149641514,-0.01910790614783764,
56,1.868535,5,left_knee,0.11286579817533493,0.2437981814146042,-0.02904076874256134,
56,1.868535,6,left_ankle,0.1483592689037323,0.46438759565353394,0.05084415525197983,
56,1.868535,7,spine,-0.000691112712956965,-0.1259760707616806,-0.07941479235887527,
56,1.868535,8,thorax,-0.001596361631527543,-0.2522982060909271,-0.15885260701179504,
56,1.868535,9,neck,-0.017733294516801834,-0.28453004360198975,-0.19223934412002563,
56,1.868535,10,head,-0.028272073715925217,-0.32092005014419556,-0.22358901798725128,
56,1.868535,11,left_shoulder,0.09302852302789688,-0.2504979968070984,-0.14788933098316193,
56,1.868535,12,left_elbow,0.08830210566520691,-0.09325918555259705,-0.15130174160003662,
56,1.868535,13,left_wrist,0.07031622529029846,0.05976925790309906,-0.15972664952278137,
56,1.868535,14,right_shoulder,-0.09475769847631454,-0.23192858695983887,-0.1557375192642212,
56,1.868535,15,right_elbow,-0.05044481158256531,-0.06989693641662598,-0.15044154226779938,
56,1.868535,16,right_wrist,0.008790291845798492,0.06590448319911957,-0.15093377232551575,
57,1.901902,0,hip_center,0.00020260406017769128,0.0003099206951446831,6.286075949901715e-05,
57,1.901902,1,right_hip,-0.06901654601097107,-0.000776350439991802,0.019374027848243713,
57,1.901902,2,right_knee,-0.11485298722982407,0.2451566457748413,-0.017164763063192368,
57,1.901902,3,right_ankle,-0.1597493290901184,0.4729180932044983,0.049795012921094894,
57,1.901902,4,left_hip,0.06942115724086761,0.001396233681589365,-0.019248463213443756,
57,1.901902,5,left_knee,0.11280728131532669,0.24382789433002472,-0.028822598978877068,
57,1.901902,6,left_ankle,0.14838148653507233,0.4642524719238281,0.051480308175086975,
57,1.901902,7,spine,-0.0008045263239182532,-0.12625834345817566,-0.07896269857883453,
57,1.901902,8,thorax,-0.0018154357094317675,-0.2528685927391052,-0.15793922543525696,
57,1.901902,9,neck,-0.01789242960512638,-0.2851881682872772,-0.19127002358436584,
57,1.901902,10,head,-0.02837313711643219,-0.3216882646083832,-0.22251096367835999,
57,1.901902,11,left_shoulder,0.0928160771727562,-0.2509562373161316,-0.14705242216587067,
57,1.901902,12,left_elbow,0.08805903792381287,-0.09372970461845398,-0.1509529948234558,
57,1.901902,13,left_wrist,0.06974461674690247,0.05918833613395691,-0.16058781743049622,
57,1.901902,14,right_shoulder,-0.09495631605386734,-0.2324185073375702,-0.15474095940589905,
57,1.901902,15,right_elbow,-0.05058591440320015,-0.07038390636444092,-0.15005169808864594,
57,1.901902,16,right_wrist,0.008456643670797348,0.06549634039402008,-0.15131615102291107,
58,1.935269,0,hip_center,0.00019484732183627784,0.00031324056908488274,5.773904558736831e-05,
58,1.935269,1,right_hip,-0.06898529082536697,-0.0007806031499058008,0.019507762044668198,
58,1.935269,2,right_knee,-0.11498536169528961,0.24514299631118774,-0.01688845083117485,
58,1.935269,3,right_ankle,-0.15979531407356262,0.47283250093460083,0.050373274832963943,
58,1.935269,4,left_hip,0.06937437504529953,0.0014071231707930565,-0.01939249038696289,
58,1.935269,5,left_knee,0.11275309324264526,0.24385550618171692,-0.028568189591169357,
58,1.935269,6,left_ankle,0.14840586483478546,0.46413302421569824,0.05210259184241295,
58,1.935269,7,spine,-0.0009194338927045465,-0.1265335977077484,-0.07851842045783997,
58,1.935269,8,thorax,-0.00203773844987154,-0.2534247040748596,-0.15704144537448883,
58,1.935269,9,neck,-0.018043152987957,-0.28582680225372314,-0.190326526761055,
58,1.935269,10,head,-0.028462640941143036,-0.322429895401001,-0.2214672863483429,
58,1.935269,11,left_shoulder,0.0926005095243454,-0.25140661001205444,-0.14623256027698517,
58,1.935269,12,left_elbow,0.08782164752483368,-0.09419377148151398,-0.15062671899795532,
58,1.935269,13,left_wrist,0.06920716166496277,0.05860847234725952,-0.16145025193691254,
58,1.935269,14,right_shoulder,-0.09516118466854095,-0.23290690779685974,-0.15376999974250793,
58,1.935269,15,right_elbow,-0.050739143043756485,-0.07087062299251556,-0.14966414868831635,
58,1.935269,16,right_wrist,0.008102651685476303,0.06508757174015045,-0.15168330073356628,
59,1.968635,0,hip_center,0.00018774512864183635,0.0003163185901939869,5.1885021093767136e-05,
59,1.968635,1,right_hip,-0.06895381212234497,-0.0007820390164852142,0.019638368859887123,
59,1.968635,2,right_knee,-0.11511436849832535,0.24513401091098785,-0.01660522259771824,
59,1.968635,3,right_ankle,-0.1598331332206726,0.4727602005004883,0.050930850207805634,
59,1.968635,4,left_hip,0.069328673183918,0.0014147110050544143,-0.019534863531589508,
59,1.968635,5,left_knee,0.1127067431807518,0.24387887120246887,-0.028286807239055634,
59,1.968635,6,left_ankle,0.14843931794166565,0.4640246033668518,0.05270777642726898,
59,1.968635,7,spine,-0.001035486115142703,-0.12679995596408844,-0.07808604091405869,
59,1.968635,8,thorax,-0.0022629848681390285,-0.2539621591567993,-0.1561676263809204,
59,1.968635,9,neck,-0.01818666234612465,-0.28644171357154846,-0.18941640853881836,
59,1.968635,10,head,-0.028543932363390923,-0.32313957810401917,-0.2204662412405014,
59,1.968635,11,left_shoulder,0.09238264709711075,-0.2518469989299774,-0.14544226229190826,
59,1.968635,12,left_elbow,0.08758232742547989,-0.09464924037456512,-0.15032541751861572,
59,1.968635,13,left_wrist,0.06868694722652435,0.05803166329860687,-0.16231225430965424,
59,1.968635,14,right_shoulder,-0.0953722819685936,-0.23339088261127472,-0.1528298258781433,
59,1.968635,15,right_elbow,-0.05091205984354019,-0.07135188579559326,-0.14928273856639862,
59,1.968635,16,right_wrist,0.0077231265604496,0.06468269228935242,-0.1520346850156784,
60,2.002002,0,hip_center,0.00018222905055154115,0.00031874116393737495,4.736553455586545e-05,
60,2.002002,1,right_hip,-0.06892049312591553,-0.0007820430910214782,0.019770324230194092,
60,2.002002,2,right_knee,-0.11523690819740295,0.2451273649930954,-0.016319233924150467,
60,2.002002,3,right_ankle,-0.159853994846344,0.4726944863796234,0.05148262903094292,
60,2.002002,4,left_hip,0.06928430497646332,0.001419555046595633,-0.019675886258482933,
60,2.002002,5,left_knee,0.11267069727182388,0.24389861524105072,-0.027961615473031998,
60,2.002002,6,left_ankle,0.14848950505256653,0.46392789483070374,0.0533108152449131,
60,2.002002,7,spine,-0.0011516767553985119,-0.1270567625761032,-0.07766547054052353,
60,2.002002,8,thorax,-0.0024900920689105988,-0.2544792592525482,-0.15531973540782928,
60,2.002002,9,neck,-0.018320396542549133,-0.2870349586009979,-0.18853861093521118,
60,2.002002,10,head,-0.02861260250210762,-0.32382190227508545,-0.21950456500053406,
60,2.002002,11,left_shoulder,0.09216359257698059,-0.2522757649421692,-0.1446835994720459,
60,2.002002,12,left_elbow,0.08734053373336792,-0.09509456157684326,-0.15005315840244293,
60,2.002002,13,left_wrist,0.06818664073944092,0.057461634278297424,-0.1631646305322647,
60,2.002002,14,right_shoulder,-0.09558883309364319,-0.23387007415294647,-0.15192221105098724,
60,2.002002,15,right_elbow,-0.051113687455654144,-0.07182429730892181,-0.14891162514686584,
60,2.002002,16,right_wrist,0.007309366017580032,0.06428560614585876,-0.15236257016658783,
61,2.035369,0,hip_center,0.000177896159584634,0.00032069478766061366,4.393201743368991e-05,
61,2.035369,1,right_hip,-0.06888626515865326,-0.0007805449422448874,0.019901443272829056,
61,2.035369,2,right_knee,-0.11534921824932098,0.2451227456331253,-0.016041088849306107,
61,2.035369,3,right_ankle,-0.1598583161830902,0.47263818979263306,0.05200476571917534,
61,2.035369,4,left_hip,0.06924141198396683,0.0014219589065760374,-0.019813887774944305,
61,2.035369,5,left_knee,0.11264713108539581,0.24391385912895203,-0.027608022093772888,
61,2.035369,6,left_ankle,0.14855539798736572,0.4638446569442749,0.05389116704463959,
61,2.035369,7,spine,-0.0012675711186602712,-0.12730342149734497,-0.07725793123245239,
61,2.035369,8,thorax,-0.002717776922509074,-0.2549750804901123,-0.1544998288154602,
61,2.035369,9,neck,-0.018442463129758835,-0.287597119808197,-0.18770377337932587,
61,2.035369,10,head,-0.028665760532021523,-0.3244629502296448,-0.2185986489057541,
61,2.035369,11,left_shoulder,0.09194464981555939,-0.25269296765327454,-0.14395849406719208,
61,2.035369,12,left_elbow,0.087095707654953,-0.09552977979183197,-0.1498105227947235,
61,2.035369,13,left_wrist,0.06770318746566772,0.05689936876296997,-0.1640041619539261,
61,2.035369,14,right_shoulder,-0.09580878168344498,-0.23434005677700043,-0.15104728937149048,
61,2.035369,15,right_elbow,-0.05134570226073265,-0.07228231430053711,-0.1485453099012375,
61,2.035369,16,right_wrist,0.006855476647615433,0.0639040470123291,-0.1526641994714737,
62,2.068735,0,hip_center,0.0001737965940264985,0.0003223729436285794,3.901706077158451e-05,
62,2.068735,1,right_hip,-0.06885234266519547,-0.0007768315845169127,0.02002839744091034,
62,2.068735,2,right_knee,-0.11544901132583618,0.24512475728988647,-0.0157523974776268,
62,2.068735,3,right_ankle,-0.15984483063220978,0.472602903842926,0.05249182879924774,
62,2.068735,4,left_hip,0.06919928640127182,0.001421596622094512,-0.01995069906115532,
62,2.068735,5,left_knee,0.11263595521450043,0.24392418563365936,-0.02722197026014328,
62,2.068735,6,left_ankle,0.1486385464668274,0.4637765884399414,0.05444701015949249,
62,2.068735,7,spine,-0.0013837390579283237,-0.1275361180305481,-0.07687234878540039,
62,2.068735,8,thorax,-0.0029462247621268034,-0.2554420828819275,-0.15372341871261597,
62,2.068735,9,neck,-0.018553582951426506,-0.28812283277511597,-0.186925008893013,
62,2.068735,10,head,-0.028702661395072937,-0.3250592350959778,-0.21776001155376434,
62,2.068735,11,left_shoulder,0.09172573685646057,-0.253089040517807,-0.14328384399414062,
62,2.068735,12,left_elbow,0.08684074133634567,-0.09594514966011047,-0.14960533380508423,
62,2.068735,13,left_wrist,0.06723282486200333,0.05635799467563629,-0.16481895744800568,
62,2.068735,14,right_shoulder,-0.09603191167116165,-0.23479241132736206,-0.15021543204784393,
62,2.068735,15,right_elbow,-0.05160979926586151,-0.07271669805049896,-0.14819775521755219,
62,2.068735,16,right_wrist,0.006361078470945358,0.06354740262031555,-0.15294508635997772,
63,2.102102,0,hip_center,0.00016923630028031766,0.0003250029112678021,3.055168053833768e-05,
63,2.102102,1,right_hip,-0.06881754845380783,-0.0007687270408496261,0.020155632868409157,
63,2.102102,2,right_knee,-0.11553986370563507,0.24513255059719086,-0.015463126823306084,
63,2.102102,3,right_ankle,-0.1598197966814041,0.4725891947746277,0.052927978336811066,
63,2.102102,4,left_hip,0.06915535032749176,0.0014187461929395795,-0.020094934850931168,
63,2.102102,5,left_knee,0.11263449490070343,0.24392856657505035,-0.02685275301337242,
63,2.102102,6,left_ankle,0.14873746037483215,0.4637143611907959,0.054950956255197525,
63,2.102102,7,spine,-0.0015017285477370024,-0.1277543604373932,-0.07651004940271378,
63,2.102102,8,thorax,-0.003177845850586891,-0.2558806240558624,-0.1529908925294876,
63,2.102102,9,neck,-0.018652569502592087,-0.28861016035079956,-0.18620647490024567,
63,2.102102,10,head,-0.028724361211061478,-0.32560446858406067,-0.21699737012386322,
63,2.102102,11,left_shoulder,0.09150531888008118,-0.2534678876399994,-0.14266708493232727,
63,2.102102,12,left_elbow,0.08656557649374008,-0.09634464979171753,-0.14944283664226532,
63,2.102102,13,left_wrist,0.06676110625267029,0.05583406984806061,-0.16561666131019592,
63,2.102102,14,right_shoulder,-0.09626235067844391,-0.23523524403572083,-0.14942693710327148,
63,2.102102,15,right_elbow,-0.05191357806324959,-0.0731344074010849,-0.1478653997182846,
63,2.102102,16,right_wrist,0.005814079195261002,0.06321099400520325,-0.1532055139541626,
64,2.135469,0,hip_center,0.0001663023722358048,0.00032869892311282456,2.1733705580118112e-05,
64,2.135469,1,right_hip,-0.06878235936164856,-0.0007569757290184498,0.020277468487620354,
64,2.135469,2,right_knee,-0.11561863124370575,0.24514475464820862,-0.015188178047537804,
64,2.135469,3,right_ankle,-0.1597796082496643,0.47258833050727844,0.05332319438457489,
64,2.135469,4,left_hip,0.06911426782608032,0.001414380851201713,-0.020234473049640656,
64,2.135469,5,left_knee,0.11264309287071228,0.24392908811569214,-0.02647777460515499,
64,2.135469,6,left_ankle,0.14885862171649933,0.46366146206855774,0.05541970580816269,
64,2.135469,7,spine,-0.001619073562324047,-0.12795493006706238,-0.07617340981960297,
64,2.135469,8,thorax,-0.003409791272133589,-0.25628429651260376,-0.152310311794281,
64,2.135469,9,neck,-0.018735239282250404,-0.289052277803421,-0.18555721640586853,
64,2.135469,10,head,-0.02872701920568943,-0.3260899782180786,-0.21632201969623566,
64,2.135469,11,left_shoulder,0.09128578752279282,-0.2538203299045563,-0.14211328327655792,
64,2.135469,12,left_elbow,0.08626658469438553,-0.09671935439109802,-0.14933252334594727,
64,2.135469,13,left_wrist,0.06627710163593292,0.0553404837846756,-0.16637367010116577,
64,2.135469,14,right_shoulder,-0.09649816155433655,-0.23566587269306183,-0.14869166910648346,
64,2.135469,15,right_elbow,-0.05225571244955063,-0.07353241741657257,-0.14756008982658386,
64,2.135469,16,right_wrist,0.005215123295783997,0.06289851665496826,-0.15345662832260132,
65,2.168836,0,hip_center,0.00016556199989281595,0.00033296216861344874,1.1813549463113304e-05,
65,2.168836,1,right_hip,-0.068743996322155,-0.0007418887689709663,0.020400773733854294,
65,2.168836,2,right_knee,-0.11568373441696167,0.24516156315803528,-0.014915857464075089,
65,2.168836,3,right_ankle,-0.15972232818603516,0.47260233759880066,0.05368352308869362,
65,2.168836,4,left_hip,0.06907439976930618,0.001407816307619214,-0.020377688109874725,
65,2.168836,5,left_knee,0.11265979707241058,0.24392519891262054,-0.026100674644112587,
65,2.168836,6,left_ankle,0.14900246262550354,0.46361416578292847,0.05585698038339615,
65,2.168836,7,spine,-0.0017357547767460346,-0.12813928723335266,-0.07586203515529633,
65,2.168836,8,thorax,-0.003642596770077944,-0.256655752658844,-0.15167993307113647,
65,2.168836,9,neck,-0.0188059750944376,-0.28945988416671753,-0.18496547639369965,
65,2.168836,10,head,-0.02871273085474968,-0.3265347182750702,-0.2157130390405655,
65,2.168836,11,left_shoulder,0.09106646478176117,-0.2541426420211792,-0.14162105321884155,
65,2.168836,12,left_elbow,0.08594253659248352,-0.0970652848482132,-0.14926764369010925,
65,2.168836,13,left_wrist,0.06577734649181366,0.05488473176956177,-0.1670646220445633,
65,2.168836,14,right_shoulder,-0.0967387855052948,-0.23608320951461792,-0.14800171554088593,
65,2.168836,15,right_elbow,-0.05263359099626541,-0.07391005754470825,-0.14727507531642914,
65,2.168836,16,right_wrist,0.004569794982671738,0.06260998547077179,-0.15368756651878357,
66,2.202202,0,hip_center,0.00016607104043941945,0.00033677765168249607,4.595395239448408e-06,
66,2.202202,1,right_hip,-0.06870473921298981,-0.0007237658137455583,0.02052479237318039,
66,2.202202,2,right_knee,-0.11573293805122375,0.24518005549907684,-0.014671187847852707,
66,2.202202,3,right_ankle,-0.15965324640274048,0.47262412309646606,0.053993042558431625,
66,2.202202,4,left_hip,0.06903615593910217,0.0013973239110782743,-0.020516177639365196,
66,2.202202,5,left_knee,0.11267998814582825,0.24391557276248932,-0.025735272094607353,
66,2.202202,6,left_ankle,0.14915873110294342,0.4635666608810425,0.056263409554958344,
66,2.202202,7,spine,-0.001852035173214972,-0.12830717861652374,-0.07557475566864014,
66,2.202202,8,thorax,-0.003875838592648506,-0.2569933533668518,-0.15110114216804504,
66,2.202202,9,neck,-0.018871333450078964,-0.28983232378959656,-0.18442833423614502,
66,2.202202,10,head,-0.028688829392194748,-0.3269411623477936,-0.21516349911689758,
66,2.202202,11,left_shoulder,0.09084783494472504,-0.25442811846733093,-0.1411941647529602,
66,2.202202,12,left_elbow,0.08558671176433563,-0.09737563133239746,-0.14924786984920502,
66,2.202202,13,left_wrist,0.06524085998535156,0.05447588860988617,-0.16766899824142456,
66,2.202202,14,right_shoulder,-0.0969824269413948,-0.2364812195301056,-0.1473494917154312,
66,2.202202,15,right_elbow,-0.05304818972945213,-0.0742603987455368,-0.14699909090995789,
66,2.202202,16,right_wrist,0.0038685500621795654,0.06235620379447937,-0.15388785302639008,
67,2.235569,0,hip_center,0.0001677180698607117,0.00034057971788570285,-1.1881268164870562e-06,
67,2.235569,1,right_hip,-0.06866566091775894,-0.000701119948644191,0.02064516581594944,
67,2.235569,2,right_knee,-0.11576792597770691,0.2452017366886139,-0.014458367601037025,
67,2.235569,3,right_ankle,-0.1595735102891922,0.4726561903953552,0.05424477159976959,
67,2.235569,4,left_hip,0.06900037825107574,0.0013822854962199926,-0.02064812369644642,
67,2.235569,5,left_knee,0.11270596832036972,0.2438991814851761,-0.02539241500198841,
67,2.235569,6,left_ankle,0.14932560920715332,0.4635176360607147,0.05663088709115982,
67,2.235569,7,spine,-0.0019683458376675844,-0.12845933437347412,-0.07531119138002396,
67,2.235569,8,thorax,-0.004110272508114576,-0.2572993040084839,-0.15057168900966644,
67,2.235569,9,neck,-0.018928997218608856,-0.29016953706741333,-0.1839471161365509,
67,2.235569,10,head,-0.028650660067796707,-0.3273084759712219,-0.2146763950586319,
67,2.235569,11,left_shoulder,0.09062831103801727,-0.2546720504760742,-0.14082486927509308,
67,2.235569,12,left_elbow,0.08519521355628967,-0.09764580428600311,-0.1492668092250824,
67,2.235569,13,left_wrist,0.06465639173984528,0.05412043631076813,-0.16817034780979156,
67,2.235569,14,right_shoulder,-0.0972294881939888,-0.23686060309410095,-0.14673392474651337,
67,2.235569,15,right_elbow,-0.05349553003907204,-0.07458528876304626,-0.14672167599201202,
67,2.235569,16,right_wrist,0.0031104758381843567,0.06213796138763428,-0.15404145419597626,
68,2.268936,0,hip_center,0.00016962195513769984,0.00034409353975206614,-4.098805220564827e-06,
68,2.268936,1,right_hip,-0.06862767785787582,-0.0006739175878465176,0.02076338231563568,
68,2.268936,2,right_knee,-0.11579114943742752,0.24522513151168823,-0.01428472250699997,
68,2.268936,3,right_ankle,-0.1594773679971695,0.4726940393447876,0.05444656312465668,
68,2.268936,4,left_hip,0.06896619498729706,0.0013621161924675107,-0.020772118121385574,
68,2.268936,5,left_knee,0.1127418577671051,0.24387504160404205,-0.025049565359950066,
68,2.268936,6,left_ankle,0.14951106905937195,0.4634699821472168,0.0569697842001915,
68,2.268936,7,spine,-0.0020886596757918596,-0.1285984069108963,-0.07506614178419113,
68,2.268936,8,thorax,-0.004352999851107597,-0.25757867097854614,-0.15008234977722168,
68,2.268936,9,neck,-0.01898328587412834,-0.2904728651046753,-0.1835172474384308,
68,2.268936,10,head,-0.028600633144378662,-0.3276364505290985,-0.21424952149391174,
68,2.268936,11,left_shoulder,0.09040119498968124,-0.2548772394657135,-0.14050908386707306,
68,2.268936,12,left_elbow,0.08475816994905472,-0.09787876904010773,-0.14932161569595337,
68,2.268936,13,left_wrist,0.06401239335536957,0.05381801724433899,-0.1685536503791809,
68,2.268936,14,right_shoulder,-0.097486212849617,-0.23722398281097412,-0.14613878726959229,
68,2.268936,15,right_elbow,-0.053986746817827225,-0.07488594949245453,-0.1464454084634781,
68,2.268936,16,right_wrist,0.002283930778503418,0.06195443868637085,-0.15415172278881073,
69,2.302302,0,hip_center,0.00017067344742827117,0.00034694699570536613,-5.0611702135938685e-06,
69,2.302302,1,right_hip,-0.06859271973371506,-0.0006441929144784808,0.020875684916973114,
69,2.302302,2,right_knee,-0.11580550670623779,0.24524730443954468,-0.014158941805362701,
69,2.302302,3,right_ankle,-0.15936879813671112,0.47272878885269165,0.054608747363090515,
69,2.302302,4,left_hip,0.06893336027860641,0.0013381041353568435,-0.02088627777993679,
69,2.302302,5,left_knee,0.11278542876243591,0.24384485185146332,-0.024707239121198654,
69,2.302302,6,left_ankle,0.1497090607881546,0.4634219706058502,0.05729043111205101,
69,2.302302,7,spine,-0.0022128697019070387,-0.12872305512428284,-0.07484377920627594,
69,2.302302,8,thorax,-0.004602683708071709,-0.25782841444015503,-0.14964057505130768,
69,2.302302,9,neck,-0.019037460908293724,-0.2907465696334839,-0.18313680589199066,
69,2.302302,10,head,-0.028543591499328613,-0.32793453335762024,-0.2138742059469223,
69,2.302302,11,left_shoulder,0.09016795456409454,-0.2550414800643921,-0.14025646448135376,
69,2.302302,12,left_elbow,0.08427000045776367,-0.09807230532169342,-0.149416983127594,
69,2.302302,13,left_wrist,0.06328904628753662,0.05357109010219574,-0.1688143014907837,
69,2.302302,14,right_shoulder,-0.09775131195783615,-0.23756955564022064,-0.14556974172592163,
69,2.302302,15,right_elbow,-0.05452050268650055,-0.07516059279441833,-0.14617307484149933,
69,2.302302,16,right_wrist,0.0013917125761508942,0.06180685758590698,-0.1542234569787979,
70,2.335669,0,hip_center,0.0001703494490357116,0.0003469095390755683,-7.579284101666417e-06,
70,2.335669,1,right_hip,-0.06855842471122742,-0.0006149386754259467,0.020988184958696365,
70,2.335669,2,right_knee,-0.11581449210643768,0.24526330828666687,-0.014081194996833801,
70,2.335669,3,right_ankle,-0.1592601239681244,0.472755491733551,0.0547255203127861,
70,2.335669,4,left_hip,0.06889843195676804,0.0013087777188047767,-0.021003780886530876,
70,2.335669,5,left_knee,0.11283501982688904,0.24380697309970856,-0.02436918392777443,
70,2.335669,6,left_ankle,0.14991599321365356,0.46337300539016724,0.0575871504843235,
70,2.335669,7,spine,-0.0023437682539224625,-0.12883718311786652,-0.07464487850666046,
70,2.335669,8,thorax,-0.0048644100315868855,-0.258054256439209,-0.1492442637681961,
70,2.335669,9,neck,-0.019094564020633698,-0.2910003364086151,-0.1828005462884903,
70,2.335669,10,head,-0.02848256751894951,-0.3282141089439392,-0.21354304254055023,
70,2.335669,11,left_shoulder,0.08992371708154678,-0.25516948103904724,-0.14006860554218292,
70,2.335669,12,left_elbow,0.08372867107391357,-0.09823137521743774,-0.1495596170425415,
70,2.335669,13,left_wrist,0.06247688829898834,0.05337263643741608,-0.16896994411945343,
70,2.335669,14,right_shoulder,-0.09803061187267303,-0.23790715634822845,-0.1450236439704895,
70,2.335669,15,right_elbow,-0.055104900151491165,-0.07541857659816742,-0.14590340852737427,
70,2.335669,16,right_wrist,0.0004232935607433319,0.06168606877326965,-0.1542700082063675,
71,2.369036,0,hip_center,0.0001688548072706908,0.0003418627893552184,-1.0985820154019166e-05,
71,2.369036,1,right_hip,-0.06852561235427856,-0.0005887913866899908,0.021098172292113304,
71,2.369036,2,right_knee,-0.11582157015800476,0.24527136981487274,-0.014043943956494331,
71,2.369036,3,right_ankle,-0.1591518521308899,0.47276878356933594,0.05481819063425064,
71,2.369036,4,left_hip,0.06886263191699982,0.0012725291308015585,-0.021120546385645866,
71,2.369036,5,left_knee,0.11289170384407043,0.24375984072685242,-0.024031421169638634,
71,2.369036,6,left_ankle,0.15013203024864197,0.46331512928009033,0.057881444692611694,
71,2.369036,7,spine,-0.002481090137735009,-0.1289433091878891,-0.07446835935115814,
71,2.369036,8,thorax,-0.005137855187058449,-0.25825902819633484,-0.14889183640480042,
71,2.369036,9,neck,-0.01915428228676319,-0.29124507308006287,-0.1824987828731537,
71,2.369036,10,head,-0.028418583795428276,-0.3284894526004791,-0.21324171125888824,
71,2.369036,11,left_shoulder,0.08966837078332901,-0.2552696764469147,-0.13993939757347107,
71,2.369036,12,left_elbow,0.08313903212547302,-0.09836360812187195,-0.1497311145067215,
71,2.369036,13,left_wrist,0.06156351417303085,0.053216129541397095,-0.16897322237491608,
71,2.369036,14,right_shoulder,-0.09832494705915451,-0.23824363946914673,-0.1445089727640152,
71,2.369036,15,right_elbow,-0.055736348032951355,-0.0756678432226181,-0.14562897384166718,
71,2.369036,16,right_wrist,-0.0006211213767528534,0.061585262417793274,-0.15428709983825684,
72,2.402402,0,hip_center,0.00016763212624937296,0.0003352136118337512,-1.408902244293131e-05,
72,2.402402,1,right_hip,-0.06849168241024017,-0.0005655192653648555,0.02121041715145111,
72,2.402402,2,right_knee,-0.11582887172698975,0.24526958167552948,-0.014051459729671478,
72,2.402402,3,right_ankle,-0.15905307233333588,0.4727630019187927,0.05489039421081543,
72,2.402402,4,left_hip,0.06882625818252563,0.0012359445681795478,-0.021238969638943672,
72,2.402402,5,left_knee,0.11295489221811295,0.24370968341827393,-0.02374386042356491,
72,2.402402,6,left_ankle,0.15035176277160645,0.46324896812438965,0.05814050883054733,
72,2.402402,7,spine,-0.002625232096761465,-0.1290365755558014,-0.0743156149983406,
72,2.402402,8,thorax,-0.0054252780973911285,-0.25843653082847595,-0.14858727157115936,
72,2.402402,9,neck,-0.01921646110713482,-0.2914696931838989,-0.18224109709262848,
72,2.402402,10,head,-0.02835361659526825,-0.3287437856197357,-0.21298609673976898,
72,2.402402,11,left_shoulder,0.08939988911151886,-0.2553424835205078,-0.13987420499324799,
72,2.402402,12,left_elbow,0.08250445127487183,-0.09846876561641693,-0.1499299257993698,
72,2.402402,13,left_wrist,0.060559485107660294,0.05309513211250305,-0.16887667775154114,
72,2.402402,14,right_shoulder,-0.09863646328449249,-0.23857252299785614,-0.14403140544891357,
72,2.402402,15,right_elbow,-0.05640759691596031,-0.07590444386005402,-0.14535532891750336,
72,2.402402,16,right_wrist,-0.0017416514456272125,0.06151130795478821,-0.1542779505252838,
73,2.435769,0,hip_center,0.00016647609299980104,0.00032569089671596885,-1.7777425455278717e-05,
73,2.435769,1,right_hip,-0.0684567391872406,-0.0005470069008879364,0.021324295550584793,
73,2.435769,2,right_knee,-0.11583912372589111,0.24525657296180725,-0.014096200466156006,
73,2.435769,3,right_ankle,-0.15896882116794586,0.47273528575897217,0.05495336651802063,
73,2.435769,4,left_hip,0.06878902018070221,0.0011983667500317097,-0.021360211074352264,
73,2.435769,5,left_knee,0.11302532255649567,0.24365590512752533,-0.023510083556175232,
73,2.435769,6,left_ankle,0.15057414770126343,0.46317410469055176,0.05836135894060135,
73,2.435769,7,spine,-0.00277787446975708,-0.1291196495294571,-0.07418525218963623,
73,2.435769,8,thorax,-0.005729851312935352,-0.25859084725379944,-0.14832675457000732,
73,2.435769,9,neck,-0.019283348694443703,-0.29168081283569336,-0.18202129006385803,
73,2.435769,10,head,-0.028289049863815308,-0.3289856016635895,-0.2127678394317627,
73,2.435769,11,left_shoulder,0.08911528438329697,-0.25539323687553406,-0.1398722529411316,
73,2.435769,12,left_elbow,0.0818270891904831,-0.09855301678180695,-0.150170236825943,
73,2.435769,13,left_wrist,0.05946795642375946,0.052996352314949036,-0.1687452793121338,
73,2.435769,14,right_shoulder,-0.09896731376647949,-0.2388947606086731,-0.14358341693878174,
73,2.435769,15,right_elbow,-0.05711611360311508,-0.07613074779510498,-0.14509592950344086,
73,2.435769,16,right_wrist,-0.002939123660326004,0.061462774872779846,-0.15425808727741241,
74,2.469136,0,hip_center,0.0001665560994297266,0.0003137179010082036,-1.8099428416462615e-05,
74,2.469136,1,right_hip,-0.06841735541820526,-0.0005328382831066847,0.021450981497764587,
74,2.469136,2,right_knee,-0.11585642397403717,0.24523431062698364,-0.014145977795124054,
74,2.469136,3,right_ankle,-0.15890787541866302,0.47269207239151,0.055021271109580994,
74,2.469136,4,left_hip,0.0687498226761818,0.0011602290906012058,-0.021487491205334663,
74,2.469136,5,left_knee,0.11310194432735443,0.24359950423240662,-0.02328048273921013,
74,2.469136,6,left_ankle,0.1507990062236786,0.4631054401397705,0.05855575576424599,
74,2.469136,7,spine,-0.0029391718562692404,-0.12919220328330994,-0.07407313585281372,
74,2.469136,8,thorax,-0.0060530761256814,-0.2587217688560486,-0.14810596406459808,
74,2.469136,9,neck,-0.019356343895196915,-0.2918704152107239,-0.18184252083301544,
74,2.469136,10,head,-0.02822737582027912,-0.3292015492916107,-0.21259620785713196,
74,2.469136,11,left_shoulder,0.08881275355815887,-0.2554284930229187,-0.1399247646331787,
74,2.469136,12,left_elbow,0.08111187815666199,-0.09862405061721802,-0.15046462416648865,
74,2.469136,13,left_wrist,0.05828975886106491,0.052908122539520264,-0.16861200332641602,
74,2.469136,14,right_shoulder,-0.09931814670562744,-0.2392055094242096,-0.14316625893115997,
74,2.469136,15,right_elbow,-0.05785609781742096,-0.07634374499320984,-0.14486263692378998,
74,2.469136,16,right_wrist,-0.004216913133859634,0.061445266008377075,-0.15424834191799164,
75,2.502503,0,hip_center,0.00016727049660403281,0.00030006677843630314,-1.593772685737349e-05,
75,2.502503,1,right_hip,-0.06837695837020874,-0.0005211051902733743,0.021580493077635765,
75,2.502503,2,right_knee,-0.11588261276483536,0.24520479142665863,-0.014211947098374367,
75,2.502503,3,right_ankle,-0.15887582302093506,0.4726336598396301,0.05508635938167572,
75,2.502503,4,left_hip,0.06871087104082108,0.0011211700038984418,-0.02161259762942791,
75,2.502503,5,left_knee,0.11317981779575348,0.24354130029678345,-0.02306671440601349,
75,2.502503,6,left_ankle,0.15101519227027893,0.4630424976348877,0.058718398213386536,
75,2.502503,7,spine,-0.003108341945335269,-0.12925481796264648,-0.07397793978452682,
75,2.502503,8,thorax,-0.00639276672154665,-0.25883129239082336,-0.14792126417160034,
75,2.502503,9,neck,-0.019442323595285416,-0.2920365035533905,-0.18170128762722015,
75,2.502503,10,head,-0.02817770093679428,-0.32939082384109497,-0.21246567368507385,
75,2.502503,11,left_shoulder,0.08849333971738815,-0.2554489076137543,-0.14001624286174774,
75,2.502503,12,left_elbow,0.08037258684635162,-0.09868298470973969,-0.15081103146076202,
75,2.502503,13,left_wrist,0.05703746899962425,0.05282790958881378,-0.16847723722457886,
75,2.502503,14,right_shoulder,-0.09968453645706177,-0.2394951581954956,-0.1427813470363617,
75,2.502503,15,right_elbow,-0.05862044915556908,-0.07653450965881348,-0.14465227723121643,
75,2.502503,16,right_wrist,-0.0055734626948833466,0.06146959960460663,-0.15424121916294098,
76,2.535869,0,hip_center,0.00016764670726843178,0.000283969275187701,-1.1935632755921688e-05,
76,2.535869,1,right_hip,-0.06833712011575699,-0.0005118809058330953,0.02171032689511776,
76,2.535869,2,right_knee,-0.11591528356075287,0.24516654014587402,-0.014310924336314201,
76,2.535869,3,right_ankle,-0.15887027978897095,0.47255387902259827,0.05514722317457199,
76,2.535869,4,left_hip,0.0686718076467514,0.0010797258000820875,-0.0217343270778656,
76,2.535869,5,left_knee,0.11325807869434357,0.24348017573356628,-0.022836964577436447,
76,2.535869,6,left_ankle,0.15122482180595398,0.4629895091056824,0.058865319937467575,
76,2.535869,7,spine,-0.0032879915088415146,-0.1293087899684906,-0.07389939576387405,
76,2.535869,8,thorax,-0.006753190420567989,-0.25892120599746704,-0.1477714329957962,
76,2.535869,9,neck,-0.0195455439388752,-0.2921741008758545,-0.18160289525985718,
76,2.535869,10,head,-0.028141610324382782,-0.3295472264289856,-0.2123836725950241,
76,2.535869,11,left_shoulder,0.08815248310565948,-0.25545352697372437,-0.14014311134815216,
76,2.535869,12,left_elbow,0.07960619777441025,-0.09872826933860779,-0.15119655430316925,
76,2.535869,13,left_wrist,0.055705584585666656,0.052756309509277344,-0.16832435131072998,
76,2.535869,14,right_shoulder,-0.10006842762231827,-0.23975564539432526,-0.1424228399991989,
76,2.535869,15,right_elbow,-0.05941521003842354,-0.07669398188591003,-0.14445877075195312,
76,2.535869,16,right_wrist,-0.00702793151140213,0.06155039370059967,-0.1542123258113861,
77,2.569236,0,hip_center,0.00016753480304032564,0.00026661279844120145,-5.3211756494420115e-06,
77,2.569236,1,right_hip,-0.06829650700092316,-0.0005052514607086778,0.021845798939466476,
77,2.569236,2,right_knee,-0.11595774441957474,0.24511946737766266,-0.014431096613407135,
77,2.569236,3,right_ankle,-0.15890058875083923,0.47244903445243835,0.05522342026233673,
77,2.569236,4,left_hip,0.06863100826740265,0.0010383606422692537,-0.02185644395649433,
77,2.569236,5,left_knee,0.11333327740430832,0.24341873824596405,-0.022619200870394707,
77,2.569236,6,left_ankle,0.15142381191253662,0.46294188499450684,0.05898825824260712,
77,2.569236,7,spine,-0.0034824679605662823,-0.12934757769107819,-0.07384582608938217,
77,2.569236,8,thorax,-0.007142958231270313,-0.2589796483516693,-0.14767396450042725,
77,2.569236,9,neck,-0.019666854292154312,-0.29227784276008606,-0.18156126141548157,
77,2.569236,10,head,-0.02811826765537262,-0.3296656310558319,-0.2123642861843109,
77,2.569236,11,left_shoulder,0.08778215199708939,-0.2554447054862976,-0.1403234750032425,
77,2.569236,12,left_elbow,0.0788014754652977,-0.09876149892807007,-0.15162613987922668,
77,2.569236,13,left_wrist,0.05428037792444229,0.052686601877212524,-0.16819006204605103,
77,2.569236,14,right_shoulder,-0.10047997534275055,-0.23998022079467773,-0.1421167254447937,
77,2.569236,15,right_elbow,-0.0602554976940155,-0.07681393623352051,-0.1442819982767105,
77,2.569236,16,right_wrist,-0.008620388805866241,0.061705052852630615,-0.15414959192276,
78,2.602603,0,hip_center,0.00016791684902273118,0.0002482333511579782,2.6959019123751204e-06,
78,2.602603,1,right_hip,-0.06825479865074158,-0.0005029088351875544,0.021983621641993523,
78,2.602603,2,right_knee,-0.11601284891366959,0.2450633943080902,-0.014560164883732796,
78,2.602603,3,right_ankle,-0.15898139774799347,0.47231271862983704,0.05533994734287262,
78,2.602603,4,left_hip,0.06859010457992554,0.0009992423001676798,-0.0219781044870615,
78,2.602603,5,left_knee,0.11340271681547165,0.2433600276708603,-0.022437993437051773,
78,2.602603,6,left_ankle,0.1516127586364746,0.46289706230163574,0.05907623842358589,
78,2.602603,7,spine,-0.0036893689539283514,-0.12937161326408386,-0.07381730526685715,
78,2.602603,8,thorax,-0.007558230310678482,-0.25900769233703613,-0.14762777090072632,
78,2.602603,9,neck,-0.01980341225862503,-0.2923471927642822,-0.18157626688480377,
78,2.602603,10,head,-0.02810708060860634,-0.32974308729171753,-0.2124096006155014,
78,2.602603,11,left_shoulder,0.08738617599010468,-0.2554285228252411,-0.14055310189723969,
78,2.602603,12,left_elbow,0.07797139137983322,-0.09878869354724884,-0.15210093557834625,
78,2.602603,13,left_wrist,0.0527835413813591,0.05260784924030304,-0.16812698543071747,
78,2.602603,14,right_shoulder,-0.10091643035411835,-0.24017274379730225,-0.14187023043632507,
78,2.602603,15,right_elbow,-0.06113779917359352,-0.07689844071865082,-0.1441274732351303,
78,2.602603,16,right_wrist,-0.01035497710108757,0.061931312084198,-0.15405066311359406,
79,2.635969,0,hip_center,0.00016784721810836345,0.00022960657952353358,1.1141950380988419e-05,
79,2.635969,1,right_hip,-0.0682143047451973,-0.0005072594503872097,0.02211838774383068,
79,2.635969,2,right_knee,-0.11608642339706421,0.24499432742595673,-0.014710074290633202,
79,2.635969,3,right_ankle,-0.15912823379039764,0.47213077545166016,0.05551105737686157,
79,2.635969,4,left_hip,0.0685495138168335,0.0009663337841629982,-0.022095857188105583,
79,2.635969,5,left_knee,0.11346052587032318,0.24330922961235046,-0.022334791719913483,
79,2.635969,6,left_ankle,0.15178006887435913,0.4628506004810333,0.05911629647016525,
79,2.635969,7,spine,-0.003911926876753569,-0.1293790489435196,-0.07381655275821686,
79,2.635969,8,thorax,-0.008004572242498398,-0.2590024471282959,-0.1476372480392456,
79,2.635969,9,neck,-0.019958853721618652,-0.29237139225006104,-0.18166038393974304,
79,2.635969,10,head,-0.028108496218919754,-0.3297664225101471,-0.21253587305545807,
79,2.635969,11,left_shoulder,0.08695878088474274,-0.255397230386734,-0.1408352255821228,
79,2.635969,12,left_elbow,0.07711111754179001,-0.09880231320858002,-0.15262869000434875,
79,2.635969,13,left_wrist,0.05121747776865959,0.052528053522109985,-0.16814680397510529,
79,2.635969,14,right_shoulder,-0.10138209164142609,-0.24032485485076904,-0.1416836529970169,
79,2.635969,15,right_elbow,-0.062082745134830475,-0.07693523168563843,-0.14399108290672302,
79,2.635969,16,right_wrist,-0.012259110808372498,0.062241703271865845,-0.15391340851783752,
80,2.669336,0,hip_center,0.0001678923290455714,0.0002119898854289204,2.1556767023866996e-05,
80,2.669336,1,right_hip,-0.06817237287759781,-0.0005181966116651893,0.022258160635828972,
80,2.669336,2,right_knee,-0.11618012189865112,0.24491390585899353,-0.014855733141303062,
80,2.669336,3,right_ankle,-0.15935520827770233,0.4718955159187317,0.05578294396400452,
80,2.669336,4,left_hip,0.06850772351026535,0.0009420462884008884,-0.022214669734239578,
80,2.669336,5,left_knee,0.11350187659263611,0.24326960742473602,-0.022305825725197792,
80,2.669336,6,left_ankle,0.15192124247550964,0.46280473470687866,0.059115052223205566,
80,2.669336,7,spine,-0.004150823689997196,-0.12936733663082123,-0.0738440677523613,
80,2.669336,8,thorax,-0.008483943529427052,-0.2589600682258606,-0.14770488440990448,
80,2.669336,9,neck,-0.020131580531597137,-0.2923388183116913,-0.18182462453842163,
80,2.669336,10,head,-0.028118599206209183,-0.32971951365470886,-0.21275988221168518,
80,2.669336,11,left_shoulder,0.08649838715791702,-0.255346417427063,-0.14117799699306488,
80,2.669336,12,left_elbow,0.0762210413813591,-0.09879764914512634,-0.1532147079706192,
80,2.669336,13,left_wrist,0.049578066915273666,0.05245545506477356,-0.16820888221263885,
80,2.669336,14,right_shoulder,-0.10187768936157227,-0.24042901396751404,-0.1415511518716812,
80,2.669336,15,right_elbow,-0.06311032176017761,-0.07691250741481781,-0.1438705176115036,
80,2.669336,16,right_wrist,-0.01434638723731041,0.06264346837997437,-0.15373334288597107,
81,2.702703,0,hip_center,0.00016647430311422795,0.00019545589748304337,3.1644671253161505e-05,
81,2.702703,1,right_hip,-0.06813015788793564,-0.0005375255132094026,0.022401796653866768,
81,2.702703,2,right_knee,-0.1162954717874527,0.2448224127292633,-0.014984192326664925,
81,2.702703,3,right_ankle,-0.15968486666679382,0.47159695625305176,0.056186333298683167,
81,2.702703,4,left_hip,0.06846270710229874,0.0009283316903747618,-0.022338014096021652,
81,2.702703,5,left_knee,0.11351870000362396,0.24324440956115723,-0.02235892415046692,
81,2.702703,6,left_ankle,0.15202288329601288,0.46275773644447327,0.05908070504665375,
81,2.702703,7,spine,-0.004410168621689081,-0.12933726608753204,-0.07390011101961136,
81,2.702703,8,thorax,-0.009003044106066227,-0.2588822841644287,-0.1478288471698761,
81,2.702703,9,neck,-0.020329201593995094,-0.2922549843788147,-0.182062566280365,
81,2.702703,10,head,-0.02814449556171894,-0.32961177825927734,-0.21307049691677094,
81,2.702703,11,left_shoulder,0.08599833399057388,-0.2552727162837982,-0.14158284664154053,
81,2.702703,12,left_elbow,0.07529059052467346,-0.09877149760723114,-0.15386037528514862,
81,2.702703,13,left_wrist,0.047845061868429184,0.052393838763237,-0.16828113794326782,
81,2.702703,14,right_shoulder,-0.10241052508354187,-0.24049103260040283,-0.14146788418293,
81,2.702703,15,right_elbow,-0.06425094604492188,-0.07683108747005463,-0.143748477101326,
81,2.702703,16,right_wrist,-0.01664934679865837,0.06313404440879822,-0.1534908413887024,
82,2.736069,0,hip_center,0.00016354450781363994,0.00018134017591364682,4.001453999080695e-05,
82,2.736069,1,right_hip,-0.06808876246213913,-0.0005605837795883417,0.022544771432876587,
82,2.736069,2,right_knee,-0.11643995344638824,0.24471592903137207,-0.015147421509027481,
82,2.736069,3,right_ankle,-0.1600932478904724,0.47124195098876953,0.05665033683180809,
82,2.736069,4,left_hip,0.06841547787189484,0.0009231844451278448,-0.022464165464043617,
82,2.736069,5,left_knee,0.11351053416728973,0.24323199689388275,-0.02246185578405857,
82,2.736069,6,left_ankle,0.15208952128887177,0.4627112150192261,0.05903429538011551,
82,2.736069,7,spine,-0.004688248038291931,-0.12929347157478333,-0.0739755928516388,
82,2.736069,8,thorax,-0.00955837033689022,-0.25877970457077026,-0.14798952639102936,
82,2.736069,9,neck,-0.020551295951008797,-0.2921377122402191,-0.18234595656394958,
82,2.736069,10,head,-0.028185823932290077,-0.32946768403053284,-0.21343109011650085,
82,2.736069,11,left_shoulder,0.08546188473701477,-0.2551773190498352,-0.142033189535141,
82,2.736069,12,left_elbow,0.07432061433792114,-0.0987246185541153,-0.15454111993312836,
82,2.736069,13,left_wrist,0.04602615535259247,0.052341029047966,-0.16835293173789978,
82,2.736069,14,right_shoulder,-0.1029772236943245,-0.2405237853527069,-0.14140938222408295,
82,2.736069,15,right_elbow,-0.06551595032215118,-0.07670144736766815,-0.14360693097114563,
82,2.736069,16,right_wrist,-0.01917334645986557,0.0636979192495346,-0.15316975116729736,
83,2.769436,0,hip_center,0.0001608797028893605,0.00017021488747559488,4.573387195705436e-05,
83,2.769436,1,right_hip,-0.06804449111223221,-0.0005863553378731012,0.022691873833537102,
83,2.769436,2,right_knee,-0.11661973595619202,0.2445933073759079,-0.015340713784098625,
83,2.769436,3,right_ankle,-0.1605634093284607,0.47085437178611755,0.057112425565719604,
83,2.769436,4,left_hip,0.06836589425802231,0.000926726614125073,-0.022599784657359123,
83,2.769436,5,left_knee,0.11347867548465729,0.24323226511478424,-0.022592967376112938,
83,2.769436,6,left_ankle,0.15211616456508636,0.46267014741897583,0.058986663818359375,
83,2.769436,7,spine,-0.004986308515071869,-0.1292411983013153,-0.07406075298786163,
83,2.769436,8,thorax,-0.01015426218509674,-0.25866323709487915,-0.1481667160987854,
83,2.769436,9,neck,-0.020797505974769592,-0.2919965088367462,-0.18265700340270996,
83,2.769436,10,head,-0.028240690007805824,-0.32929638028144836,-0.2138245850801468,
83,2.769436,11,left_shoulder,0.08488479256629944,-0.2550641596317291,-0.14251619577407837,
83,2.769436,12,left_elbow,0.07329722493886948,-0.09866254031658173,-0.15525536239147186,
83,2.769436,13,left_wrist,0.044097818434238434,0.05228908360004425,-0.16841495037078857,
83,2.769436,14,right_shoulder,-0.10358220338821411,-0.2405419647693634,-0.14134778082370758,
83,2.769436,15,right_elbow,-0.06693816184997559,-0.07653340697288513,-0.14343005418777466,
83,2.769436,16,right_wrist,-0.021967072039842606,0.06432755291461945,-0.15274980664253235,
84,2.802803,0,hip_center,0.00015754354535602033,0.00016189046436920762,4.9450507503934205e-05,
84,2.802803,1,right_hip,-0.06799696385860443,-0.000610352260991931,0.02284765988588333,
84,2.802803,2,right_knee,-0.11684072762727737,0.24445891380310059,-0.015550803393125534,
84,2.802803,3,right_ankle,-0.1610678732395172,0.47046273946762085,0.05753006413578987,
84,2.802803,4,left_hip,0.06831169873476028,0.0009340873803012073,-0.02274811640381813,
84,2.802803,5,left_knee,0.11342385411262512,0.24323971569538116,-0.022709613665938377,
84,2.802803,6,left_ankle,0.15209859609603882,0.4626341462135315,0.058969177305698395,
84,2.802803,7,spine,-0.005300827790051699,-0.12918627262115479,-0.07414516061544418,
84,2.802803,8,thorax,-0.01078263483941555,-0.25854429602622986,-0.14834029972553253,
84,2.802803,9,neck,-0.021066326647996902,-0.2918568253517151,-0.1829594522714615,
84,2.802803,10,head,-0.02831162139773369,-0.32913291454315186,-0.21420203149318695,
84,2.802803,11,left_shoulder,0.08427497744560242,-0.25494229793548584,-0.14301322400569916,
84,2.802803,12,left_elbow,0.07222921401262283,-0.09859363734722137,-0.15597547590732574,
84,2.802803,13,left_wrist,0.042084701359272,0.05223141610622406,-0.16843679547309875,
84,2.802803,14,right_shoulder,-0.10421828180551529,-0.24056199193000793,-0.1412639617919922,
84,2.802803,15,right_elbow,-0.06851762533187866,-0.07634343206882477,-0.14317692816257477,
84,2.802803,16,right_wrist,-0.025023680180311203,0.0649997740983963,-0.1522013396024704,
85,2.83617,0,hip_center,0.00015536286809947342,0.00015585905930493027,5.019652235205285e-05,
85,2.83617,1,right_hip,-0.06794477999210358,-0.0006319961976259947,0.023009786382317543,
85,2.83617,2,right_knee,-0.11710600554943085,0.24431303143501282,-0.0157743152230978,
85,2.83617,3,right_ankle,-0.16159385442733765,0.4700808525085449,0.05787545442581177,
85,2.83617,4,left_hip,0.06825514137744904,0.0009436746477149427,-0.0229087695479393,
85,2.83617,5,left_knee,0.11334867775440216,0.2432527393102646,-0.02280423231422901,
85,2.83617,6,left_ankle,0.15203648805618286,0.4626058042049408,0.058979474008083344,
85,2.83617,7,spine,-0.005633865017443895,-0.12913614511489868,-0.07421715557575226,
85,2.83617,8,thorax,-0.011449534446001053,-0.2584373652935028,-0.14848588407039642,
85,2.83617,9,neck,-0.021363576874136925,-0.2917276620864868,-0.18323403596878052,
85,2.83617,10,head,-0.028405793011188507,-0.3289836347103119,-0.21454696357250214,
85,2.83617,11,left_shoulder,0.08362628519535065,-0.2548181712627411,-0.14350667595863342,
85,2.83617,12,left_elbow,0.07110907137393951,-0.09852583706378937,-0.15669944882392883,
85,2.83617,13,left_wrist,0.03998268023133278,0.052157700061798096,-0.1684379130601883,
85,2.83617,14,right_shoulder,-0.10488969087600708,-0.240594282746315,-0.14112241566181183,
85,2.83617,15,right_elbow,-0.07024414092302322,-0.07614772021770477,-0.14283853769302368,
85,2.83617,16,right_wrist,-0.02832914888858795,0.06569170951843262,-0.15154343843460083,
86,2.869536,0,hip_center,0.0001532941241748631,0.00015184706717263907,4.268041084287688e-05,
86,2.869536,1,right_hip,-0.06788778305053711,-0.0006471524247899652,0.023176319897174835,
86,2.869536,2,right_knee,-0.11742474883794785,0.24415022134780884,-0.016059324145317078,
86,2.869536,3,right_ankle,-0.1621164083480835,0.46971219778060913,0.05809611827135086,
86,2.869536,4,left_hip,0.06819397956132889,0.0009508104412816465,-0.023090476170182228,
86,2.869536,5,left_knee,0.11325421929359436,0.2432660013437271,-0.022861715406179428,
86,2.869536,6,left_ankle,0.15192943811416626,0.46258196234703064,0.059027355164289474,
86,2.869536,7,spine,-0.005988978780806065,-0.12909705936908722,-0.07427132874727249,
86,2.869536,8,thorax,-0.012161110527813435,-0.2583545744419098,-0.14858734607696533,
86,2.869536,9,neck,-0.021695563569664955,-0.29162150621414185,-0.18346384167671204,
86,2.869536,10,head,-0.028529928997159004,-0.3288630247116089,-0.21483996510505676,
86,2.869536,11,left_shoulder,0.0829325020313263,-0.25469714403152466,-0.14399051666259766,
86,2.869536,12,left_elbow,0.06991299241781235,-0.09846659004688263,-0.15742672979831696,
86,2.869536,13,left_wrist,0.037768471986055374,0.05205772817134857,-0.16844181716442108,
86,2.869536,14,right_shoulder,-0.10560211539268494,-0.2406543493270874,-0.14089703559875488,
86,2.869536,15,right_elbow,-0.07211169600486755,-0.0759667456150055,-0.14242056012153625,
86,2.869536,16,right_wrist,-0.03185400366783142,0.06636998057365417,-0.15082557499408722,
87,2.902903,0,hip_center,0.00015201850328594446,0.000149799176142551,2.5378372811246663e-05,
87,2.902903,1,right_hip,-0.06782650947570801,-0.0006485565681941807,0.023342190310359,
87,2.902903,2,right_knee,-0.1178007423877716,0.2439776360988617,-0.01640343852341175,
87,2.902903,3,right_ankle,-0.16261395812034607,0.46937984228134155,0.058163292706012726,
87,2.902903,4,left_hip,0.06813005357980728,0.0009481235174462199,-0.023291226476430893,
87,2.902903,5,left_knee,0.11314301192760468,0.2432718276977539,-0.02287570759654045,
87,2.902903,6,left_ankle,0.15177777409553528,0.4625591039657593,0.05910921469330788,
87,2.902903,7,spine,-0.006364925764501095,-0.12907464802265167,-0.07429923862218857,
87,2.902903,8,thorax,-0.012915548868477345,-0.25830724835395813,-0.1486261785030365,
87,2.902903,9,neck,-0.022063393145799637,-0.29154467582702637,-0.18363410234451294,
87,2.902903,10,head,-0.028689267113804817,-0.3287730813026428,-0.2150704264640808,
87,2.902903,11,left_shoulder,0.08219493180513382,-0.25458627939224243,-0.14444854855537415,
87,2.902903,12,left_elbow,0.06863557547330856,-0.09842321276664734,-0.15813297033309937,
87,2.902903,13,left_wrist,0.03543765842914581,0.051922962069511414,-0.16843347251415253,
87,2.902903,14,right_shoulder,-0.10635343194007874,-0.24075520038604736,-0.14056719839572906,
87,2.902903,15,right_elbow,-0.07409699261188507,-0.07581999897956848,-0.14192061126232147,
87,2.902903,16,right_wrist,-0.035537924617528915,0.0670011043548584,-0.15006910264492035,
88,2.93627,0,hip_center,0.00015104083286132663,0.00014994606317486614,-1.4491070032818243e-06,
88,2.93627,1,right_hip,-0.06776183843612671,-0.0006348870228976011,0.02350635826587677,
88,2.93627,2,right_knee,-0.11823355406522751,0.24379873275756836,-0.01679151877760887,
88,2.93627,3,right_ankle,-0.16308239102363586,0.4690855145454407,0.0581018440425396,
88,2.93627,4,left_hip,0.06806328147649765,0.0009347498416900635,-0.023509453982114792,
88,2.93627,5,left_knee,0.11301665008068085,0.2432689368724823,-0.02283211052417755,
88,2.93627,6,left_ankle,0.15158125758171082,0.4625360369682312,0.0592397078871727,
88,2.93627,7,spine,-0.006762493867427111,-0.12907527387142181,-0.07428888231515884,
88,2.93627,8,thorax,-0.01371394656598568,-0.2583082318305969,-0.1485787332057953,
88,2.93627,9,neck,-0.022471003234386444,-0.291511595249176,-0.18371868133544922,
88,2.93627,10,head,-0.028890255838632584,-0.3287297189235687,-0.21521002054214478,
88,2.93627,11,left_shoulder,0.08141204714775085,-0.25449272990226746,-0.14486533403396606,
88,2.93627,12,left_elbow,0.06726323068141937,-0.09840446710586548,-0.1588040143251419,
88,2.93627,13,left_wrist,0.03298376500606537,0.051745325326919556,-0.16840249300003052,
88,2.93627,14,right_shoulder,-0.10714395344257355,-0.24091245234012604,-0.14010052382946014,
88,2.93627,15,right_elbow,-0.07618728280067444,-0.07572740316390991,-0.14133217930793762,
88,2.93627,16,right_wrist,-0.03935537859797478,0.06756050884723663,-0.14927276968955994,
89,2.969636,0,hip_center,0.0001516124466434121,0.00014907050353940576,-3.964045754401013e-05,
89,2.969636,1,right_hip,-0.06768988072872162,-0.0006096464348956943,0.023674236610531807,
89,2.969636,2,right_knee,-0.11871448159217834,0.24361306428909302,-0.017201891168951988,
89,2.969636,3,right_ankle,-0.1635241061449051,0.4688202142715454,0.05795405060052872,
89,2.969636,4,left_hip,0.06799226254224777,0.0009077491704374552,-0.023754289373755455,
89,2.969636,5,left_knee,0.11288148164749146,0.24325264990329742,-0.02273787185549736,
89,2.969636,6,left_ankle,0.15134619176387787,0.4625057280063629,0.05941825732588768,
89,2.969636,7,spine,-0.007178733125329018,-0.12910552322864532,-0.07423596829175949,
89,2.969636,8,thorax,-0.014551598578691483,-0.25836747884750366,-0.14843475818634033,
89,2.969636,9,neck,-0.02291729673743248,-0.29153209924697876,-0.1837064027786255,
89,2.969636,10,head,-0.029135731980204582,-0.3287402391433716,-0.21524977684020996,
89,2.969636,11,left_shoulder,0.0805879682302475,-0.25442638993263245,-0.14523547887802124,
89,2.969636,12,left_elbow,0.0657893568277359,-0.09842045605182648,-0.1594190001487732,
89,2.969636,13,left_wrist,0.030407633632421494,0.051515430212020874,-0.16833746433258057,
89,2.969636,14,right_shoulder,-0.10796946287155151,-0.2411431223154068,-0.13948588073253632,
89,2.969636,15,right_elbow,-0.07837183773517609,-0.0757085382938385,-0.1406325399875641,
89,2.969636,16,right_wrist,-0.04328981041908264,0.06802600622177124,-0.14842329919338226,
90,3.003003,0,hip_center,0.0001539108925499022,0.00014641501184087247,-8.75699333846569e-05,
90,3.003003,1,right_hip,-0.06760694831609726,-0.0005745320813730359,0.023856915533542633,
90,3.003003,2,right_knee,-0.11925411224365234,0.24341730773448944,-0.01761186122894287,
90,3.003003,3,right_ankle,-0.1639530211687088,0.4685697555541992,0.05777350068092346,
90,3.003003,4,left_hip,0.06791366636753082,0.00086730788461864,-0.024033570662140846,
90,3.003003,5,left_knee,0.11273255944252014,0.24322311580181122,-0.022602802142500877,
90,3.003003,6,left_ankle,0.15107038617134094,0.46246033906936646,0.05965496599674225,
90,3.003003,7,spine,-0.007616023067384958,-0.12917114794254303,-0.07412926852703094,
90,3.003003,8,thorax,-0.015433523803949356,-0.2584956884384155,-0.1481732726097107,
90,3.003003,9,neck,-0.02341117337346077,-0.29162171483039856,-0.18357086181640625,
90,3.003003,10,head,-0.029438309371471405,-0.32882100343704224,-0.2151617705821991,
90,3.003003,11,left_shoulder,0.07971687614917755,-0.2543952167034149,-0.14554820954799652,
90,3.003003,12,left_elbow,0.0641852617263794,-0.09848277270793915,-0.15997394919395447,
90,3.003003,13,left_wrist,0.027672529220581055,0.051219284534454346,-0.16823765635490417,
90,3.003003,14,right_shoulder,-0.10883530974388123,-0.24146768450737,-0.13869638741016388,
90,3.003003,15,right_elbow,-0.08065194636583328,-0.07578599452972412,-0.13979673385620117,
90,3.003003,16,right_wrist,-0.04734397307038307,0.06837403774261475,-0.14751236140727997,
91,3.03637,0,hip_center,0.00015729787992313504,0.00014081288827583194,-0.0001439402112737298,
91,3.03637,1,right_hip,-0.06751014292240143,-0.0005333960871212184,0.02406463958323002,
91,3.03637,2,right_knee,-0.11985375732183456,0.24320748448371887,-0.018002470955252647,
91,3.03637,3,right_ankle,-0.16438032686710358,0.4683281481266022,0.05757959932088852,
91,3.03637,4,left_hip,0.06782329827547073,0.0008149449713528156,-0.024354949593544006,
91,3.03637,5,left_knee,0.11256669461727142,0.2431812882423401,-0.02242991328239441,
91,3.03637,6,left_ankle,0.15075047314167023,0.4623975157737732,0.05995531380176544,
91,3.03637,7,spine,-0.008075329475104809,-0.12927401065826416,-0.07396537810564041,
91,3.03637,8,thorax,-0.016361046582460403,-0.25869572162628174,-0.1477883905172348,
91,3.03637,9,neck,-0.023958362638950348,-0.2917904555797577,-0.1832987517118454,
91,3.03637,10,head,-0.029805392026901245,-0.32898640632629395,-0.21492742002010345,
91,3.03637,11,left_shoulder,0.07879653573036194,-0.2544053792953491,-0.1458055078983307,
91,3.03637,12,left_elbow,0.062429193407297134,-0.09859934449195862,-0.16045519709587097,
91,3.03637,13,left_wrist,0.02474740520119667,0.050845950841903687,-0.16809456050395966,
91,3.03637,14,right_shoulder,-0.10974116623401642,-0.2418891340494156,-0.13772103190422058,
91,3.03637,15,right_elbow,-0.08301455527544022,-0.07596617937088013,-0.13881389796733856,
91,3.03637,16,right_wrist,-0.051492251455783844,0.06859397888183594,-0.14654509723186493,
92,3.069736,0,hip_center,0.00016196392243728042,0.0001342515752185136,-0.0002050192269962281,
92,3.069736,1,right_hip,-0.06739804148674011,-0.00048534487723372877,0.024303236976265907,
92,3.069736,2,right_knee,-0.12051595747470856,0.24298639595508575,-0.018347611650824547,
92,3.069736,3,right_ankle,-0.16483190655708313,0.4680923819541931,0.05740173161029816,
92,3.069736,4,left_hip,0.06772011518478394,0.0007537428755313158,-0.024716777727007866,
92,3.069736,5,left_knee,0.11237391829490662,0.2431316077709198,-0.022239290177822113,
92,3.069736,6,left_ankle,0.15037712454795837,0.4623194932937622,0.0603046789765358,
92,3.069736,7,spine,-0.00855689775198698,-0.12940849363803864,-0.0737457424402237,
92,3.069736,8,thorax,-0.017334874719381332,-0.25895845890045166,-0.1472863405942917,
92,3.069736,9,neck,-0.024563206359744072,-0.29202955961227417,-0.18289561569690704,
92,3.069736,10,head,-0.030243802815675735,-0.32922452688217163,-0.2145557403564453,
92,3.069736,11,left_shoulder,0.07782500982284546,-0.2544539272785187,-0.14601808786392212,
92,3.069736,12,left_elbow,0.06050214171409607,-0.09876981377601624,-0.16086405515670776,
92,3.069736,13,left_wrist,0.021608151495456696,0.050393953919410706,-0.1679069548845291,
92,3.069736,14,right_shoulder,-0.11068807542324066,-0.24240630865097046,-0.13656887412071228,
92,3.069736,15,right_elbow,-0.08544550836086273,-0.07625129818916321,-0.137690931558609,
92,3.069736,16,right_wrist,-0.05570737645030022,0.06867973506450653,-0.1455461084842682,
93,3.103103,0,hip_center,0.00016820916789583862,0.00012735545169562101,-0.00026782817440107465,
93,3.103103,1,right_hip,-0.06726823002099991,-0.0004359616432338953,0.02457970194518566,
93,3.103103,2,right_knee,-0.12125159800052643,0.24274961650371552,-0.01861380599439144,
93,3.103103,3,right_ankle,-0.16533440351486206,0.46784377098083496,0.05730663239955902,
93,3.103103,4,left_hip,0.06760235875844955,0.0006905383779667318,-0.025120064616203308,
93,3.103103,5,left_knee,0.1121445745229721,0.243082195520401,-0.022055141627788544,
93,3.103103,6,left_ankle,0.1499433070421219,0.462220698595047,0.060713574290275574,
93,3.103103,7,spine,-0.00906507670879364,-0.1295684278011322,-0.07347526401281357,
93,3.103103,8,thorax,-0.01836419478058815,-0.2592722773551941,-0.1466798186302185,
93,3.103103,9,neck,-0.025237277150154114,-0.2923430800437927,-0.18235963582992554,
93,3.103103,10,head,-0.030766936019062996,-0.32954302430152893,-0.21404065191745758,
93,3.103103,11,left_shoulder,0.07679201662540436,-0.25454139709472656,-0.14621296525001526,
93,3.103103,12,left_elbow,0.05837312340736389,-0.09899765253067017,-0.16121011972427368,
93,3.103103,13,left_wrist,0.018206555396318436,0.04985430836677551,-0.1676841676235199,
93,3.103103,14,right_shoulder,-0.11168448626995087,-0.24301518499851227,-0.1352478712797165,
93,3.103103,15,right_elbow,-0.08793900161981583,-0.0766400396823883,-0.13642919063568115,
93,3.103103,16,right_wrist,-0.05998777598142624,0.06863242387771606,-0.14453494548797607,
94,3.13647,0,hip_center,0.0001747875357978046,0.00012144582433393225,-0.00033127673668786883,
94,3.13647,1,right_hip,-0.0671231672167778,-0.0003874253889080137,0.024890078231692314,
94,3.13647,2,right_knee,-0.12206707149744034,0.24249832332134247,-0.018776705488562584,
94,3.13647,3,right_ankle,-0.16590115427970886,0.4675922989845276,0.05728808045387268,
94,3.13647,4,left_hip,0.06746993958950043,0.0006301591056399047,-0.025558630004525185,
94,3.13647,5,left_knee,0.11187025159597397,0.2430391013622284,-0.0218660868704319,
94,3.13647,6,left_ankle,0.14943534135818481,0.4621141254901886,0.061176564544439316,
94,3.13647,7,spine,-0.009604392573237419,-0.1297500729560852,-0.07315529137849808,
94,3.13647,8,thorax,-0.01945696771144867,-0.2596309781074524,-0.14597247540950775,
94,3.13647,9,neck,-0.025992276147007942,-0.2927212715148926,-0.18169766664505005,
94,3.13647,10,head,-0.03138545900583267,-0.3299367427825928,-0.21338395774364471,
94,3.13647,11,left_shoulder,0.07568679749965668,-0.2546522319316864,-0.1463945358991623,
94,3.13647,12,left_elbow,0.05601806193590164,-0.09927108883857727,-0.16148978471755981,
94,3.13647,13,left_wrist,0.014495335519313812,0.04923115670681,-0.16741612553596497,
94,3.13647,14,right_shoulder,-0.11273223906755447,-0.2436964362859726,-0.13374659419059753,
94,3.13647,15,right_elbow,-0.090484619140625,-0.07711507380008698,-0.13502053916454315,
94,3.13647,16,right_wrist,-0.06432092189788818,0.06846944987773895,-0.14348648488521576,
95,3.169837,0,hip_center,0.00017976794333662838,0.00011786293180193752,-0.0003927487996406853,
95,3.169837,1,right_hip,-0.06696517765522003,-0.00034104869700968266,0.025234146043658257,
95,3.169837,2,right_knee,-0.1229495108127594,0.24222928285598755,-0.01886230893433094,
95,3.169837,3,right_ankle,-0.1665096879005432,0.4673387408256531,0.0573139414191246,
95,3.169837,4,left_hip,0.06732134521007538,0.0005766054382547736,-0.026026953011751175,
95,3.169837,5,left_knee,0.11154776066541672,0.24300649762153625,-0.02168034389615059,
95,3.169837,6,left_ankle,0.14886805415153503,0.46200764179229736,0.06166696175932884,
95,3.169837,7,spine,-0.01017044298350811,-0.12994098663330078,-0.07280229777097702,
95,3.169837,8,thorax,-0.02060217410326004,-0.2600109875202179,-0.14520010352134705,
95,3.169837,9,neck,-0.026820987462997437,-0.29313308000564575,-0.1809522807598114,
95,3.169837,10,head,-0.032091401517391205,-0.33037543296813965,-0.21262763440608978,
95,3.169837,11,left_shoulder,0.07451765984296799,-0.254756361246109,-0.14658178389072418,
95,3.169837,12,left_elbow,0.05345964804291725,-0.0995604544878006,-0.1617083102464676,
95,3.169837,13,left_wrist,0.010496746748685837,0.04855272173881531,-0.16707995533943176,
95,3.169837,14,right_shoulder,-0.11381644755601883,-0.2444145381450653,-0.13210397958755493,
95,3.169837,15,right_elbow,-0.09304174780845642,-0.0776439905166626,-0.13349443674087524,
95,3.169837,16,right_wrist,-0.06864689290523529,0.06822201609611511,-0.14238636195659637,
96,3.203203,0,hip_center,0.00018113810801878572,0.00011856867786264047,-0.0004513918829616159,
96,3.203203,1,right_hip,-0.06679864972829819,-0.000296997168334201,0.025604840368032455,
96,3.203203,2,right_knee,-0.12389672547578812,0.24194005131721497,-0.01889367401599884,
96,3.203203,3,right_ankle,-0.16714656352996826,0.4670857787132263,0.057352133095264435,
96,3.203203,4,left_hip,0.06715701520442963,0.0005339751369319856,-0.026516202837228775,
96,3.203203,5,left_knee,0.1111765056848526,0.24298915266990662,-0.02152751013636589,
96,3.203203,6,left_ankle,0.14824798703193665,0.46190598607063293,0.06215168908238411,
96,3.203203,7,spine,-0.01076221838593483,-0.13012787699699402,-0.07243532687425613,
96,3.203203,8,thorax,-0.021795619279146194,-0.2603873014450073,-0.1444021314382553,
96,3.203203,9,neck,-0.027720529586076736,-0.2935490906238556,-0.18016743659973145,
96,3.203203,10,head,-0.032881952822208405,-0.3308289349079132,-0.21181665360927582,
96,3.203203,11,left_shoulder,0.07328660786151886,-0.2548273205757141,-0.14680218696594238,
96,3.203203,12,left_elbow,0.05070894956588745,-0.09984131157398224,-0.16188904643058777,
96,3.203203,13,left_wrist,0.006236474961042404,0.04784467816352844,-0.1667078286409378,
96,3.203203,14,right_shoulder,-0.11492928862571716,-0.24513447284698486,-0.13036184012889862,
96,3.203203,15,right_elbow,-0.09559204429388046,-0.07819226384162903,-0.13187849521636963,
96,3.203203,16,right_wrist,-0.07291708886623383,0.06792125105857849,-0.14124611020088196,
97,3.23657,0,hip_center,0.0001800411264412105,0.00012421900464687496,-0.0005041586700826883,
97,3.23657,1,right_hip,-0.06662406772375107,-0.0002558644046075642,0.025999782606959343,
97,3.23657,2,right_knee,-0.12489848583936691,0.24163059890270233,-0.018879367038607597,
97,3.23657,3,right_ankle,-0.16780364513397217,0.4668424129486084,0.0573660284280777,
97,3.23657,4,left_hip,0.06697973608970642,0.0005041742115281522,-0.02701777033507824,
97,3.23657,5,left_knee,0.11076068878173828,0.24298904836177826,-0.021410426124930382,
97,3.23657,6,left_ankle,0.1475794017314911,0.4618178606033325,0.06260988861322403,
97,3.23657,7,spine,-0.011373423971235752,-0.13030175864696503,-0.07206646353006363,
97,3.23657,8,thorax,-0.023025576025247574,-0.2607423663139343,-0.1436063051223755,
97,3.23657,9,neck,-0.02868247963488102,-0.2939479649066925,-0.17937436699867249,
97,3.23657,10,head,-0.033750779926776886,-0.33127349615097046,-0.2109847515821457,
97,3.23657,11,left_shoulder,0.07200391590595245,-0.25485074520111084,-0.14706853032112122,
97,3.23657,12,left_elbow,0.04779812693595886,-0.10010066628456116,-0.16205254197120667,
97,3.23657,13,left_wrist,0.0017887018620967865,0.047130897641181946,-0.16631585359573364,
97,3.23657,14,right_shoulder,-0.11605803668498993,-0.2458343803882599,-0.1285606175661087,
97,3.23657,15,right_elbow,-0.09811398386955261,-0.07873792946338654,-0.13021011650562286,
97,3.23657,16,right_wrist,-0.07709316909313202,0.06759129464626312,-0.14005626738071442,
98,3.269937,0,hip_center,0.000176795685547404,0.0001344197808066383,-0.0005493169883266091,
98,3.269937,1,right_hip,-0.06644504517316818,-0.0002191305538872257,0.02640986628830433,
98,3.269937,2,right_knee,-0.12592828273773193,0.24130718410015106,-0.018821710720658302,
98,3.269937,3,right_ankle,-0.16845105588436127,0.46662062406539917,0.05733750760555267,
98,3.269937,4,left_hip,0.06679381430149078,0.0004878888139501214,-0.027518970891833305,
98,3.269937,5,left_knee,0.11032040417194366,0.24300415813922882,-0.021320242434740067,
98,3.269937,6,left_ankle,0.14689287543296814,0.46174871921539307,0.06302639842033386,
98,3.269937,7,spine,-0.01198833342641592,-0.1304568499326706,-0.07170765101909637,
98,3.269937,8,thorax,-0.024260103702545166,-0.2610640525817871,-0.14283877611160278,
98,3.269937,9,neck,-0.02967512048780918,-0.29431626200675964,-0.1786009669303894,
98,3.269937,10,head,-0.0346655547618866,-0.3316916525363922,-0.21016478538513184,
98,3.269937,11,left_shoulder,0.0707014873623848,-0.2548244297504425,-0.14738480746746063,
98,3.269937,12,left_elbow,0.04479534551501274,-0.10033546388149261,-0.16221897304058075,
98,3.269937,13,left_wrist,-0.0027345195412635803,0.04642714560031891,-0.16593696177005768,
98,3.269937,14,right_shoulder,-0.11717356741428375,-0.24650278687477112,-0.12675409018993378,
98,3.269937,15,right_elbow,-0.10054266452789307,-0.0792718231678009,-0.12852983176708221,
98,3.269937,16,right_wrist,-0.08111804723739624,0.06724755465984344,-0.13881678879261017,
99,3.303303,0,hip_center,0.000170881423400715,0.00014907620789017528,-0.0005865509156137705,
99,3.303303,1,right_hip,-0.06626500189304352,-0.00018882272706832737,0.02682788111269474,
99,3.303303,2,right_knee,-0.12696832418441772,0.24097196757793427,-0.018731752410531044,
99,3.303303,3,right_ankle,-0.1690712720155716,0.4664173722267151,0.05727009475231171,
99,3.303303,4,left_hip,0.06660166382789612,0.0004869435215368867,-0.028011931106448174,
99,3.303303,5,left_knee,0.1098705306649208,0.2430340200662613,-0.02124062366783619,
99,3.303303,6,left_ankle,0.14620688557624817,0.4617026150226593,0.06340447813272476,
99,3.303303,7,spine,-0.01259654015302658,-0.13059240579605103,-0.07136251032352448,
99,3.303303,8,thorax,-0.02547728642821312,-0.2613506317138672,-0.14210739731788635,
99,3.303303,9,neck,-0.03067741170525551,-0.29464462399482727,-0.17786261439323425,
99,3.303303,10,head,-0.035604994744062424,-0.332070916891098,-0.20937597751617432,
99,3.303303,11,left_shoulder,0.06940209865570068,-0.2547495663166046,-0.1477316915988922,
99,3.303303,12,left_elbow,0.04173979163169861,-0.10054942965507507,-0.16239939630031586,
99,3.303303,13,left_wrist,-0.0072740912437438965,0.045736730098724365,-0.16558881103992462,
99,3.303303,14,right_shoulder,-0.11825649440288544,-0.24713078141212463,-0.12497631460428238,
99,3.303303,15,right_elbow,-0.10284348577260971,-0.07978454232215881,-0.12687557935714722,
99,3.303303,16,right_wrist,-0.08494327962398529,0.06690068542957306,-0.13755705952644348,
100,3.33667,0,hip_center,0.00016386053175665438,0.00016753384261392057,-0.0006158908945508301,
100,3.33667,1,right_hip,-0.06608034670352936,-0.00016969931311905384,0.027258524671196938,
100,3.33667,2,right_knee,-0.12800471484661102,0.24062256515026093,-0.01860618405044079,
100,3.33667,3,right_ankle,-0.1696532517671585,0.4662244915962219,0.05718137323856354,
100,3.33667,4,left_hip,0.06640282273292542,0.0005047698505222797,-0.02850140817463398,
100,3.33667,5,left_knee,0.10942284762859344,0.2430797964334488,-0.021169323474168777,
100,3.33667,6,left_ankle,0.14554186165332794,0.46167850494384766,0.06374889612197876,
100,3.33667,7,spine,-0.013189869001507759,-0.1307101547718048,-0.07103098183870316,
100,3.33667,8,thorax,-0.026662029325962067,-0.26160505414009094,-0.14141204953193665,
100,3.33667,9,neck,-0.031674664467573166,-0.29493772983551025,-0.17715799808502197,
100,3.33667,10,head,-0.036554716527462006,-0.33241188526153564,-0.2086218297481537,
100,3.33667,11,left_shoulder,0.06812132149934769,-0.2546389102935791,-0.14811231195926666,
100,3.33667,12,left_elbow,0.03865186125040054,-0.10075750946998596,-0.1626068651676178,
100,3.33667,13,left_wrist,-0.011818647384643555,0.04504293203353882,-0.16527818143367767,
100,3.33667,14,right_shoulder,-0.11929435282945633,-0.24773016571998596,-0.12323514372110367,
100,3.33667,15,right_elbow,-0.10499587655067444,-0.08028630912303925,-0.12524549663066864,
100,3.33667,16,right_wrist,-0.08856429904699326,0.06654496490955353,-0.13627485930919647,
101,3.370037,0,hip_center,0.00015550242096651345,0.00018841130076907575,-0.0006385560263879597,
101,3.370037,1,right_hip,-0.06589403003454208,-0.0001616628433112055,0.02769392728805542,
101,3.370037,2,right_knee,-0.12901434302330017,0.2402656376361847,-0.01845419406890869,
101,3.370037,3,right_ankle,-0.17017684876918793,0.4660389721393585,0.05708802491426468,
101,3.370037,4,left_hip,0.06619974225759506,0.0005384946707636118,-0.028982006013393402,
101,3.370037,5,left_knee,0.10900169610977173,0.24313472211360931,-0.02109605073928833,
101,3.370037,6,left_ankle,0.14492444694042206,0.46166956424713135,0.06406944990158081,
101,3.370037,7,spine,-0.01375245489180088,-0.13081416487693787,-0.07071331888437271,
101,3.370037,8,thorax,-0.027781642973423004,-0.2618340849876404,-0.14075207710266113,
101,3.370037,9,neck,-0.03263946622610092,-0.2952059507369995,-0.17648281157016754,
101,3.370037,10,head,-0.03748862445354462,-0.33272382616996765,-0.207899272441864,
101,3.370037,11,left_shoulder,0.06689376384019852,-0.25451093912124634,-0.14851361513137817,
101,3.370037,12,left_elbow,0.03565772622823715,-0.10096026957035065,-0.16281500458717346,
101,3.370037,13,left_wrist,-0.016259517520666122,0.044338881969451904,-0.16503632068634033,
101,3.370037,14,right_shoulder,-0.12025962769985199,-0.2483118772506714,-0.12155231833457947,
101,3.370037,15,right_elbow,-0.10698048770427704,-0.08078524470329285,-0.12365756928920746,
101,3.370037,16,right_wrist,-0.09196563065052032,0.06617359817028046,-0.13500288128852844,
102,3.403403,0,hip_center,0.00014799548080191016,0.00020899943774566054,-0.0006561196641996503,
102,3.403403,1,right_hip,-0.06570746004581451,-0.00016343771130777895,0.028124283999204636,
102,3.403403,2,right_knee,-0.12997311353683472,0.23991306126117706,-0.018268637359142303,
102,3.403403,3,right_ankle,-0.17062833905220032,0.46586453914642334,0.057015202939510345,
102,3.403403,4,left_hip,0.06599824130535126,0.0005814230535179377,-0.02944711223244667,
102,3.403403,5,left_knee,0.10862627625465393,0.24318985641002655,-0.021013442426919937,
102,3.403403,6,left_ankle,0.14437101781368256,0.4616661071777344,0.06437696516513824,
102,3.403403,7,spine,-0.01427252497524023,-0.13090866804122925,-0.07041128724813461,
102,3.403403,8,thorax,-0.02881450764834881,-0.26204365491867065,-0.14012941718101501,
102,3.403403,9,neck,-0.03354894369840622,-0.2954481244087219,-0.17584623396396637,
102,3.403403,10,head,-0.03838173300027847,-0.3330017030239105,-0.20722255110740662,
102,3.403403,11,left_shoulder,0.06574364006519318,-0.2543768584728241,-0.14892028272151947,
102,3.403403,12,left_elbow,0.03286357223987579,-0.10115119814872742,-0.16302068531513214,
102,3.403403,13,left_wrist,-0.020516574382781982,0.043621912598609924,-0.16488713026046753,
102,3.403403,14,right_shoulder,-0.12113452702760696,-0.24887628853321075,-0.1199479028582573,
102,3.403403,15,right_elbow,-0.10878963768482208,-0.0812792181968689,-0.12212979793548584,
102,3.403403,16,right_wrist,-0.09513779729604721,0.06578974425792694,-0.13376650214195251,
103,3.43677,0,hip_center,0.0001419478649040684,0.00022941648785490543,-0.0006697507342323661,
103,3.43677,1,right_hip,-0.06552191078662872,-0.00017098312673624605,0.028544778004288673,
103,3.43677,2,right_knee,-0.1308625340461731,0.23957698047161102,-0.018045155331492424,
103,3.43677,3,right_ankle,-0.17100073397159576,0.4657076597213745,0.05697757005691528,
103,3.43677,4,left_hip,0.06580076366662979,0.0006297869840636849,-0.029894301667809486,
103,3.43677,5,left_knee,0.10830780863761902,0.24323931336402893,-0.020900126546621323,
103,3.43677,6,left_ankle,0.14389567077159882,0.4616641402244568,0.06468714773654938,
103,3.43677,7,spine,-0.014743764884769917,-0.13099782168865204,-0.07012050598859787,
103,3.43677,8,thorax,-0.02974863350391388,-0.26224225759506226,-0.13953392207622528,
103,3.43677,9,neck,-0.03439095988869667,-0.2956635653972626,-0.17524708807468414,
103,3.43677,10,head,-0.039220914244651794,-0.3332377076148987,-0.20659920573234558,
103,3.43677,11,left_shoulder,0.0646856352686882,-0.2542489767074585,-0.14931035041809082,
103,3.43677,12,left_elbow,0.030321359634399414,-0.10133278369903564,-0.16322989761829376,
103,3.43677,13,left_wrist,-0.02459941804409027,0.04286591708660126,-0.16484759747982025,
103,3.43677,14,right_shoulder,-0.12191087007522583,-0.24942849576473236,-0.11842493712902069,
103,3.43677,15,right_elbow,-0.1104314848780632,-0.08177052438259125,-0.12065298855304718,
103,3.43677,16,right_wrist,-0.09809555858373642,0.06539216637611389,-0.13257068395614624,
104,3.470137,0,hip_center,0.0001376407890347764,0.00024884456070140004,-0.0006806427845731378,
104,3.470137,1,right_hip,-0.06533718854188919,-0.00018271454609930515,0.02895466610789299,
104,3.470137,2,right_knee,-0.13167455792427063,0.23926705121994019,-0.017760027199983597,
104,3.470137,3,right_ankle,-0.17129050195217133,0.46557748317718506,0.056997884064912796,
104,3.470137,4,left_hip,0.06560765951871872,0.0006803771248087287,-0.030325284227728844,
104,3.470137,5,left_knee,0.1080549880862236,0.24327804148197174,-0.02074802853167057,
104,3.470137,6,left_ankle,0.14350466430187225,0.4616583287715912,0.06501007080078125,
104,3.470137,7,spine,-0.015164527110755444,-0.13108500838279724,-0.06983870267868042,
104,3.470137,8,thorax,-0.030581330880522728,-0.2624359726905823,-0.13895970582962036,
104,3.470137,9,neck,-0.03515937924385071,-0.2958567440509796,-0.17468169331550598,
104,3.470137,10,head,-0.039997346699237823,-0.3334316313266754,-0.2060316652059555,
104,3.470137,11,left_shoulder,0.0637243315577507,-0.2541457414627075,-0.14968429505825043,
104,3.470137,12,left_elbow,0.028025534003973007,-0.1015222817659378,-0.16345751285552979,
104,3.470137,13,left_wrist,-0.028575953096151352,0.04202643036842346,-0.1649448275566101,
104,3.470137,14,right_shoulder,-0.12258804589509964,-0.24997571110725403,-0.11697864532470703,
104,3.470137,15,right_elbow,-0.11192303895950317,-0.08226370811462402,-0.1191868707537651,
104,3.470137,16,right_wrist,-0.10088269412517548,0.0649779736995697,-0.1313960701227188,
105,3.503504,0,hip_center,0.00013499731721822172,0.0002662811311893165,-0.0006908848881721497,
105,3.503504,1,right_hip,-0.06515765935182571,-0.00019758433336392045,0.02934318408370018,
105,3.503504,2,right_knee,-0.13240957260131836,0.23898139595985413,-0.017451025545597076,
105,3.503504,3,right_ankle,-0.17150472104549408,0.4654664993286133,0.05705166608095169,
105,3.503504,4,left_hip,0.06542310118675232,0.0007301374571397901,-0.030733566731214523,
105,3.503504,5,left_knee,0.10786236077547073,0.24330514669418335,-0.020564965903759003,
105,3.503504,6,left_ankle,0.1431894451379776,0.46164870262145996,0.06533706188201904,
105,3.503504,7,spine,-0.015537751838564873,-0.1311739683151245,-0.06956324726343155,
105,3.503504,8,thorax,-0.03131895512342453,-0.26263129711151123,-0.1383991837501526,
105,3.503504,9,neck,-0.0358581468462944,-0.2960299253463745,-0.17414681613445282,
105,3.503504,10,head,-0.040713660418987274,-0.3335843086242676,-0.20551863312721252,
105,3.503504,11,left_shoulder,0.06285518407821655,-0.2540782690048218,-0.15003444254398346,
105,3.503504,12,left_elbow,0.02591647207736969,-0.10174277424812317,-0.16372568905353546,
105,3.503504,13,left_wrist,-0.03250813111662865,0.0410737544298172,-0.16520258784294128,
105,3.503504,14,right_shoulder,-0.1231735423207283,-0.25052008032798767,-0.11560197919607162,
105,3.503504,15,right_elbow,-0.11329258978366852,-0.08275917172431946,-0.11774048954248428,
105,3.503504,16,right_wrist,-0.10357445478439331,0.06455057859420776,-0.1302489936351776,
106,3.53687,0,hip_center,0.00013415911234915257,0.0002827427815645933,-0.0007006415398791432,
106,3.53687,1,right_hip,-0.06498496979475021,-0.00020907266298308969,0.029707394540309906,
106,3.53687,2,right_knee,-0.13306719064712524,0.23873183131217957,-0.01710231602191925,
106,3.53687,3,right_ankle,-0.17165657877922058,0.4653854966163635,0.057150937616825104,
106,3.53687,4,left_hip,0.06524902582168579,0.0007745703915134072,-0.031116560101509094,
106,3.53687,5,left_knee,0.10772781074047089,0.2433168888092041,-0.020350851118564606,
106,3.53687,6,left_ankle,0.14294204115867615,0.461632639169693,0.06566821038722992,
106,3.53687,7,spine,-0.015866097062826157,-0.13126595318317413,-0.06929007172584534,
106,3.53687,8,thorax,-0.03196746110916138,-0.26283183693885803,-0.13784396648406982,
106,3.53687,9,neck,-0.03649105504155159,-0.2961871027946472,-0.17363403737545013,
106,3.53687,10,head,-0.04137243703007698,-0.33369770646095276,-0.2050541788339615,
106,3.53687,11,left_shoulder,0.06207340210676193,-0.254059374332428,-0.15036050975322723,
106,3.53687,12,left_elbow,0.024015486240386963,-0.10199983417987823,-0.1640542447566986,
106,3.53687,13,left_wrist,-0.03643426671624184,0.03997015953063965,-0.16564272344112396,
106,3.53687,14,right_shoulder,-0.12367408722639084,-0.2510654032230377,-0.11428332328796387,
106,3.53687,15,right_elbow,-0.1145704910159111,-0.08325882256031036,-0.1162864938378334,
106,3.53687,16,right_wrist,-0.10625327378511429,0.06411026418209076,-0.1291022002696991,
107,3.570237,0,hip_center,0.00013528713316190988,0.00029583898140117526,-0.0007106037228368223,
107,3.570237,1,right_hip,-0.06481962651014328,-0.00021701620426028967,0.030046317726373672,
107,3.570237,2,right_knee,-0.13364306092262268,0.23852431774139404,-0.016697760671377182,
107,3.570237,3,right_ankle,-0.17174723744392395,0.46534064412117004,0.05730896070599556,
107,3.570237,4,left_hip,0.06508621573448181,0.0008087217574939132,-0.031474705785512924,
107,3.570237,5,left_knee,0.1076497808098793,0.24330823123455048,-0.020097091794013977,
107,3.570237,6,left_ankle,0.1427600234746933,0.4616048038005829,0.06601304560899734,
107,3.570237,7,spine,-0.016153883188962936,-0.13136409223079681,-0.06901803612709045,
107,3.570237,8,thorax,-0.03253614157438278,-0.2630413770675659,-0.1372908651828766,
107,3.570237,9,neck,-0.03706315532326698,-0.2963268756866455,-0.1731453835964203,
107,3.570237,10,head,-0.041976749897003174,-0.3337680697441101,-0.20464321970939636,
107,3.570237,11,left_shoulder,0.06137126684188843,-0.2540944218635559,-0.1506570279598236,
107,3.570237,12,left_elbow,0.02239309996366501,-0.1022757738828659,-0.16443467140197754,
107,3.570237,13,left_wrist,-0.04035709798336029,0.03868947923183441,-0.16627517342567444,
107,3.570237,14,right_shoulder,-0.12409970909357071,-0.2516099810600281,-0.11301957070827484,
107,3.570237,15,right_elbow,-0.1157863587141037,-0.0837600827217102,-0.11481763422489166,
107,3.570237,16,right_wrist,-0.10896365344524384,0.0636550635099411,-0.127981498837471,
108,3.603604,0,hip_center,0.00013921296340413392,0.00030471113859675825,-0.0007205689325928688,
108,3.603604,1,right_hip,-0.06466085463762283,-0.00022017225273884833,0.030361056327819824,
108,3.603604,2,right_knee,-0.13413581252098083,0.23835718631744385,-0.01625635102391243,
108,3.603604,3,right_ankle,-0.1717824786901474,0.465319961309433,0.05753522738814354,
108,3.603604,4,left_hip,0.06493557244539261,0.0008296261075884104,-0.031808700412511826,
108,3.603604,5,left_knee,0.10762301087379456,0.24327786266803741,-0.019818484783172607,
108,3.603604,6,left_ankle,0.1426396369934082,0.46155497431755066,0.06637908518314362,
108,3.603604,7,spine,-0.016407987102866173,-0.13147059082984924,-0.06874290853738785,
108,3.603604,8,thorax,-0.033040113747119904,-0.2632635533809662,-0.13673155009746552,
108,3.603604,9,neck,-0.03758501634001732,-0.2964606285095215,-0.17266571521759033,
108,3.603604,10,head,-0.04253512620925903,-0.3338092863559723,-0.20426753163337708,
108,3.603604,11,left_shoulder,0.06073310971260071,-0.254192590713501,-0.150930255651474,
108,3.603604,12,left_elbow,0.02110101282596588,-0.10255782306194305,-0.16486655175685883,
108,3.603604,13,left_wrist,-0.044269412755966187,0.03720642626285553,-0.16706490516662598,
108,3.603604,14,right_shoulder,-0.12446436285972595,-0.25216051936149597,-0.11179186403751373,
108,3.603604,15,right_elbow,-0.1169726699590683,-0.0842691957950592,-0.11331114172935486,
108,3.603604,16,right_wrist,-0.11176113784313202,0.06317406892776489,-0.12689024209976196,
109,3.63697,0,hip_center,0.0001455172459827736,0.0003106334188487381,-0.0007306368788704276,
109,3.63697,1,right_hip,-0.06450635939836502,-0.0002159892173949629,0.030658051371574402,
109,3.63697,2,right_knee,-0.13454879820346832,0.23823493719100952,-0.01575663313269615,
109,3.63697,3,right_ankle,-0.17177580296993256,0.46533143520355225,0.05783618614077568,
109,3.63697,4,left_hip,0.06479393690824509,0.0008372802985832095,-0.03212520480155945,
109,3.63697,5,left_knee,0.10763861984014511,0.24322599172592163,-0.019508693367242813,
109,3.63697,6,left_ankle,0.14256912469863892,0.46148234605789185,0.06677629053592682,
109,3.63697,7,spine,-0.01663636416196823,-0.13158267736434937,-0.0684661790728569,
109,3.63697,8,thorax,-0.033495254814624786,-0.26349395513534546,-0.13616888225078583,
109,3.63697,9,neck,-0.03807022050023079,-0.2965908944606781,-0.17219150066375732,
109,3.63697,10,head,-0.04306061938405037,-0.33382657170295715,-0.20392003655433655,
109,3.63697,11,left_shoulder,0.06014370918273926,-0.2543502748012543,-0.15118354558944702,
109,3.63697,12,left_elbow,0.020271770656108856,-0.10279840230941772,-0.16533580422401428,
109,3.63697,13,left_wrist,-0.04813486337661743,0.03549763560295105,-0.16796503961086273,
109,3.63697,14,right_shoulder,-0.12478547543287277,-0.2527156174182892,-0.11060361564159393,
109,3.63697,15,right_elbow,-0.11816947907209396,-0.08478470146656036,-0.11177404224872589,
109,3.63697,16,right_wrist,-0.11475009471178055,0.06266576051712036,-0.1258358508348465,
110,3.670337,0,hip_center,0.000152786320541054,0.00031474640127271414,-0.000739521230570972,
110,3.670337,1,right_hip,-0.0643555074930191,-0.0002032659249380231,0.030943339690566063,
110,3.670337,2,right_knee,-0.1348871886730194,0.23815809190273285,-0.015189731493592262,
110,3.670337,3,right_ankle,-0.17173627018928528,0.46537482738494873,0.058221906423568726,
110,3.670337,4,left_hip,0.06465788930654526,0.0008327706600539386,-0.03242766112089157,
110,3.670337,5,left_knee,0.1076897606253624,0.24315427243709564,-0.019173547625541687,
110,3.670337,6,left_ankle,0.1425396203994751,0.46138498187065125,0.06720887869596481,
110,3.670337,7,spine,-0.016849031671881676,-0.1317003071308136,-0.06818241626024246,
110,3.670337,8,thorax,-0.033920519053936005,-0.26373371481895447,-0.13559317588806152,
110,3.670337,9,neck,-0.03854305297136307,-0.29672425985336304,-0.1717071831226349,
110,3.670337,10,head,-0.04358261451125145,-0.3338325619697571,-0.20357686281204224,
110,3.670337,11,left_shoulder,0.059582412242889404,-0.25456503033638,-0.1514185070991516,
110,3.670337,12,left_elbow,0.020155321806669235,-0.102919802069664,-0.16581487655639648,
110,3.670337,13,left_wrist,-0.05180371180176735,0.03355269134044647,-0.1688697338104248,
110,3.670337,14,right_shoulder,-0.12507879734039307,-0.2532760798931122,-0.10943089425563812,
110,3.670337,15,right_elbow,-0.1194174662232399,-0.08530788123607635,-0.11018026620149612,
110,3.670337,16,right_wrist,-0.1180121898651123,0.06212250888347626,-0.12478739023208618,
111,3.703704,0,hip_center,0.0001610945473657921,0.0003194551100023091,-0.0007479467894881964,
111,3.703704,1,right_hip,-0.0642070472240448,-0.00017874251352623105,0.031219003722071648,
111,3.703704,2,right_knee,-0.13514700531959534,0.2381315678358078,-0.014550277963280678,
111,3.703704,3,right_ankle,-0.1716749370098114,0.4654598832130432,0.05867622792720795,
111,3.703704,4,left_hip,0.06452628970146179,0.0008176558767445385,-0.03271963447332382,
111,3.703704,5,left_knee,0.10776938498020172,0.2430657297372818,-0.018826080486178398,
111,3.703704,6,left_ankle,0.14254428446292877,0.46126285195350647,0.06767136603593826,
111,3.703704,7,spine,-0.017048826441168785,-0.13181914389133453,-0.06789545714855194,
111,3.703704,8,thorax,-0.03432169556617737,-0.26397648453712463,-0.1350114345550537,
111,3.703704,9,neck,-0.03900334984064102,-0.2968682050704956,-0.17120790481567383,
111,3.703704,10,head,-0.044097401201725006,-0.3338411748409271,-0.20322586596012115,
111,3.703704,11,left_shoulder,0.05904235690832138,-0.25483009219169617,-0.15164873003959656,
111,3.703704,12,left_elbow,0.020637214183807373,-0.1029513031244278,-0.16634228825569153,
111,3.703704,13,left_wrist,-0.055234745144844055,0.03137689828872681,-0.1697411835193634,
111,3.703704,14,right_shoulder,-0.1253506988286972,-0.25384432077407837,-0.10827720910310745,
111,3.703704,15,right_elbow,-0.12071982026100159,-0.08584307134151459,-0.10854026675224304,
111,3.703704,16,right_wrist,-0.12157610058784485,0.0615309476852417,-0.12374658137559891,
112,3.73707,0,hip_center,0.00016849179519340396,0.0003242761013098061,-0.0007572617614641786,
112,3.73707,1,right_hip,-0.06406637281179428,-0.00014438843936659396,0.03147710859775543,
112,3.73707,2,right_knee,-0.1353262960910797,0.23814493417739868,-0.013902749866247177,
112,3.73707,3,right_ankle,-0.17159882187843323,0.4655678868293762,0.05915660038590431,
112,3.73707,4,left_hip,0.06440061330795288,0.00079294852912426,-0.032995905727148056,
112,3.73707,5,left_knee,0.10786572843790054,0.24296419322490692,-0.018470030277967453,
112,3.73707,6,left_ankle,0.1425754278898239,0.46111559867858887,0.06816872954368591,
112,3.73707,7,spine,-0.01723894290626049,-0.1319357305765152,-0.06761420518159866,
112,3.73707,8,thorax,-0.03470321372151375,-0.26421475410461426,-0.13444028794765472,
112,3.73707,9,neck,-0.03944056108593941,-0.2970254421234131,-0.1707029789686203,
112,3.73707,10,head,-0.044584330171346664,-0.3338598608970642,-0.20287233591079712,
112,3.73707,11,left_shoulder,0.05851631984114647,-0.2551249861717224,-0.15189871191978455,
112,3.73707,12,left_elbow,0.021252460777759552,-0.10299530625343323,-0.16693171858787537,
112,3.73707,13,left_wrist,-0.05856825411319733,0.029018282890319824,-0.1705704778432846,
112,3.73707,14,right_shoulder,-0.12560468912124634,-0.2544269263744354,-0.10714961588382721,
112,3.73707,15,right_elbow,-0.12206877022981644,-0.08639906346797943,-0.10688231885433197,
112,3.73707,16,right_wrist,-0.1255110800266266,0.060872212052345276,-0.12270600348711014,
113,3.770437,0,hip_center,0.00017433830362278968,0.00033113977406173944,-0.000764600234106183,
113,3.770437,1,right_hip,-0.06393207609653473,-9.725146810524166e-05,0.03172503039240837,
113,3.770437,2,right_knee,-0.13542065024375916,0.23820501565933228,-0.013225257396697998,
113,3.770437,3,right_ankle,-0.17151489853858948,0.465706467628479,0.05967794358730316,
113,3.770437,4,left_hip,0.06427821516990662,0.0007595658535137773,-0.033258043229579926,
113,3.770437,5,left_knee,0.10797297954559326,0.24284933507442474,-0.01807786151766777,
113,3.770437,6,left_ankle,0.14262701570987701,0.4609413146972656,0.06873272359371185,
113,3.770437,7,spine,-0.01741914637386799,-0.1320497989654541,-0.0673329159617424,
113,3.770437,8,thorax,-0.03506387025117874,-0.2644500136375427,-0.13387100398540497,
113,3.770437,9,neck,-0.03984292596578598,-0.2972053587436676,-0.17017820477485657,
113,3.770437,10,head,-0.045024096965789795,-0.333904504776001,-0.20249579846858978,
113,3.770437,11,left_shoulder,0.0580015704035759,-0.25543707609176636,-0.15217112004756927,
113,3.770437,12,left_elbow,0.021737385541200638,-0.10310032963752747,-0.16754797101020813,
113,3.770437,13,left_wrist,-0.06187566742300987,0.026540741324424744,-0.17131935060024261,
113,3.770437,14,right_shoulder,-0.12583571672439575,-0.2550332248210907,-0.10602404177188873,
113,3.770437,15,right_elbow,-0.12346083670854568,-0.08698685467243195,-0.10518160462379456,
113,3.770437,16,right_wrist,-0.12992611527442932,0.060117557644844055,-0.12159985303878784,
114,3.803804,0,hip_center,0.00017885238048620522,0.0003404493909329176,-0.0007677163812331855,
114,3.803804,1,right_hip,-0.06380654126405716,-3.8764323107898235e-05,0.031960222870111465,
114,3.803804,2,right_knee,-0.13542157411575317,0.23830562829971313,-0.012563470751047134,
114,3.803804,3,right_ankle,-0.17140859365463257,0.4658597409725189,0.06022827699780464,
114,3.803804,4,left_hip,0.06416194885969162,0.0007197338854894042,-0.033498961478471756,
114,3.803804,5,left_knee,0.10809341818094254,0.24272556602954865,-0.017677066847682,
114,3.803804,6,left_ankle,0.14270977675914764,0.4607417583465576,0.06933865696191788,
114,3.803804,7,spine,-0.017582593485713005,-0.13215701282024384,-0.06705895811319351,
114,3.803804,8,thorax,-0.03539000824093819,-0.2646739184856415,-0.13332079350948334,
114,3.803804,9,neck,-0.0401921346783638,-0.2974098324775696,-0.16964249312877655,
114,3.803804,10,head,-0.045393988490104675,-0.3339844346046448,-0.20209766924381256,
114,3.803804,11,left_shoulder,0.05751264467835426,-0.25574707984924316,-0.15247051417827606,
114,3.803804,12,left_elbow,0.021895501762628555,-0.10329002141952515,-0.16816428303718567,
114,3.803804,13,left_wrist,-0.06516662240028381,0.024058178067207336,-0.17201107740402222,
114,3.803804,14,right_shoulder,-0.12603458762168884,-0.255666583776474,-0.10492914915084839,
114,3.803804,15,right_elbow,-0.12485408782958984,-0.08761182427406311,-0.1034688800573349,
114,3.803804,16,right_wrist,-0.13458724319934845,0.0592326819896698,-0.12058687210083008,
115,3.837171,0,hip_center,0.00018329302838537842,0.00035244307946413755,-0.0007656241650693119,
115,3.837171,1,right_hip,-0.06368931382894516,2.797038177959621e-05,0.0321824811398983,
115,3.837171,2,right_knee,-0.1353415697813034,0.23843903839588165,-0.01192212849855423,
115,3.837171,3,right_ankle,-0.17127816379070282,0.4660186767578125,0.060814715921878815,
115,3.837171,4,left_hip,0.06405387818813324,0.0006770315812900662,-0.033716462552547455,
115,3.837171,5,left_knee,0.10822834819555283,0.24259743094444275,-0.017276853322982788,
115,3.837171,6,left_ankle,0.14282074570655823,0.4605206847190857,0.06998080015182495,
115,3.837171,7,spine,-0.017725983634591103,-0.1322578638792038,-0.06679093837738037,
115,3.837171,8,thorax,-0.03567621111869812,-0.2648876905441284,-0.1327877938747406,
115,3.837171,9,neck,-0.04047922044992447,-0.297641396522522,-0.1690933108329773,
115,3.837171,10,head,-0.04568228870630264,-0.33410972356796265,-0.2016676664352417,
115,3.837171,11,left_shoulder,0.057053156197071075,-0.2560352385044098,-0.15279284119606018,
115,3.837171,12,left_elbow,0.021575618535280228,-0.10357318818569183,-0.16875198483467102,
115,3.837171,13,left_wrist,-0.06851284205913544,0.021651118993759155,-0.1726403534412384,
115,3.837171,14,right_shoulder,-0.12619251012802124,-0.2563275992870331,-0.10385366529226303,
115,3.837171,15,right_elbow,-0.12621349096298218,-0.08827544748783112,-0.10175380855798721,
115,3.837171,16,right_wrist,-0.1393100619316101,0.05820140242576599,-0.11975604295730591,
116,3.870537,0,hip_center,0.00018690514843910933,0.0003671268932521343,-0.0007585379062220454,
116,3.870537,1,right_hip,-0.0635802298784256,9.97647293843329e-05,0.03239373862743378,
116,3.870537,2,right_knee,-0.13519085943698883,0.2385999858379364,-0.011294551193714142,
116,3.870537,3,right_ankle,-0.1711241602897644,0.46618109941482544,0.061439283192157745,
116,3.870537,4,left_hip,0.06395232677459717,0.000634658383205533,-0.033912938088178635,
116,3.870537,5,left_knee,0.10837621241807938,0.24246728420257568,-0.016865242272615433,
116,3.870537,6,left_ankle,0.1429567188024521,0.4602843225002289,0.07066194713115692,
116,3.870537,7,spine,-0.017847850918769836,-0.13235247135162354,-0.06652964651584625,
116,3.870537,8,thorax,-0.03591877222061157,-0.26509159803390503,-0.13227339088916779,
116,3.870537,9,neck,-0.04070230945944786,-0.29789507389068604,-0.16853652894496918,
116,3.870537,10,head,-0.045888278633356094,-0.3342774510383606,-0.20120957493782043,
116,3.870537,11,left_shoulder,0.05662427097558975,-0.25628218054771423,-0.15314161777496338,
116,3.870537,12,left_elbow,0.02070426568388939,-0.10394775867462158,-0.16932812333106995,
116,3.870537,13,left_wrist,-0.07196949422359467,0.01937490701675415,-0.1732356697320938,
116,3.870537,14,right_shoulder,-0.12630167603492737,-0.2570188045501709,-0.10278746485710144,
116,3.870537,15,right_elbow,-0.12751196324825287,-0.08898051083087921,-0.10003169625997543,
116,3.870537,16,right_wrist,-0.14405272901058197,0.057008832693099976,-0.11912573128938675,
117,3.903904,0,hip_center,0.0001884943339973688,0.0003836704418063164,-0.0007465468952432275,
117,3.903904,1,right_hip,-0.06347981095314026,0.00017278360610362142,0.032595548778772354,
117,3.903904,2,right_knee,-0.13497506082057953,0.2387818992137909,-0.010685168206691742,
117,3.903904,3,right_ankle,-0.17093908786773682,0.46634429693222046,0.06209201365709305,
117,3.903904,4,left_hip,0.06385540962219238,0.0005947839235886931,-0.034090135246515274,
117,3.903904,5,left_knee,0.10854029655456543,0.24233658611774445,-0.016446853056550026,
117,3.903904,6,left_ankle,0.14312289655208588,0.46003812551498413,0.07136640697717667,
117,3.903904,7,spine,-0.017943240702152252,-0.13243752717971802,-0.06628547608852386,
117,3.903904,8,thorax,-0.03610648959875107,-0.2652781009674072,-0.13179844617843628,
117,3.903904,9,neck,-0.04085833206772804,-0.2981521785259247,-0.16800178587436676,
117,3.903904,10,head,-0.046014364808797836,-0.33446452021598816,-0.20075736939907074,
117,3.903904,11,left_shoulder,0.05623649060726166,-0.25646543502807617,-0.15353351831436157,
117,3.903904,12,left_elbow,0.019255224615335464,-0.10440680384635925,-0.16992205381393433,
117,3.903904,13,left_wrist,-0.07560527324676514,0.017240747809410095,-0.17386354506015778,
117,3.903904,14,right_shoulder,-0.12635032832622528,-0.2577396631240845,-0.10175047814846039,
117,3.903904,15,right_elbow,-0.12871487438678741,-0.0897260457277298,-0.09832090139389038,
117,3.903904,16,right_wrist,-0.14879217743873596,0.05564020574092865,-0.11873222142457962,
118,3.937271,0,hip_center,0.00018904800526797771,0.00040106396772898734,-0.000728754501324147,
118,3.937271,1,right_hip,-0.06338775902986526,0.0002446751168463379,0.032787762582302094,
118,3.937271,2,right_knee,-0.13470235466957092,0.2389802783727646,-0.010091636329889297,
118,3.937271,3,right_ankle,-0.17071880400180817,0.46650540828704834,0.062776118516922,
118,3.937271,4,left_hip,0.06376480311155319,0.0005577351548708975,-0.03424612060189247,
118,3.937271,5,left_knee,0.1087227463722229,0.2422061711549759,-0.016027003526687622,
118,3.937271,6,left_ankle,0.14332632720470428,0.4597838521003723,0.072084441781044,
118,3.937271,7,spine,-0.018004797399044037,-0.13251125812530518,-0.06606538593769073,
118,3.937271,8,thorax,-0.036225587129592896,-0.2654426395893097,-0.13137784600257874,
118,3.937271,9,neck,-0.040938086807727814,-0.29839909076690674,-0.16751134395599365,
118,3.937271,10,head,-0.04605448991060257,-0.33465319871902466,-0.20033755898475647,
118,3.937271,11,left_shoulder,0.055901698768138885,-0.2565707862377167,-0.1539866328239441,
118,3.937271,12,left_elbow,0.017167724668979645,-0.10497166216373444,-0.1705821007490158,
118,3.937271,13,left_wrist,-0.079478420317173,0.015260212123394012,-0.17458157241344452,
118,3.937271,14,right_shoulder,-0.12632215023040771,-0.25849127769470215,-0.10075195133686066,
118,3.937271,15,right_elbow,-0.1297869086265564,-0.09051238000392914,-0.09662701934576035,
118,3.937271,16,right_wrist,-0.153486967086792,0.05407892167568207,-0.118598073720932,
119,3.970637,0,hip_center,0.00018825817096512765,0.00041798310121521354,-0.0007045735837891698,
119,3.970637,1,right_hip,-0.06330498307943344,0.00031280252733267844,0.032970182597637177,
119,3.970637,2,right_knee,-0.13438817858695984,0.23918867111206055,-0.009510379284620285,
119,3.970637,3,right_ankle,-0.1704690158367157,0.46666595339775085,0.06347477436065674,
119,3.970637,4,left_hip,0.06368079036474228,0.0005234931595623493,-0.03437952697277069,
119,3.970637,5,left_knee,0.10891830921173096,0.24207718670368195,-0.015604337677359581,
119,3.970637,6,left_ankle,0.14355888962745667,0.459530770778656,0.0727984607219696,
119,3.970637,7,spine,-0.018026433885097504,-0.13257378339767456,-0.06587354838848114,
119,3.970637,8,thorax,-0.036263614892959595,-0.2655840814113617,-0.13102056086063385,
119,3.970637,9,neck,-0.04093487188220024,-0.2986084520816803,-0.16709737479686737,
119,3.970637,10,head,-0.04600619897246361,-0.3347978889942169,-0.20000185072422028,
119,3.970637,11,left_shoulder,0.0556282103061676,-0.25658971071243286,-0.15452155470848083,
119,3.970637,12,left_elbow,0.014236502349376678,-0.10572248697280884,-0.17136886715888977,
119,3.970637,13,left_wrist,-0.08373759686946869,0.013425730168819427,-0.17548607289791107,
119,3.970637,14,right_shoulder,-0.12619802355766296,-0.2592722773551941,-0.09978562593460083,
119,3.970637,15,right_elbow,-0.1306890994310379,-0.09133560955524445,-0.09498555958271027,
119,3.970637,16,right_wrist,-0.15806037187576294,0.05230845510959625,-0.11882385611534119,
120,4.004004,0,hip_center,0.0001876788737718016,0.0004334965196903795,-0.0006730277673341334,
120,4.004004,1,right_hip,-0.06323126703500748,0.0003751707263290882,0.033141542226076126,
120,4.004004,2,right_knee,-0.1340397596359253,0.23940251767635345,-0.00894395262002945,
120,4.004004,3,right_ankle,-0.17018437385559082,0.46683186292648315,0.06415895372629166,
120,4.004004,4,left_hip,0.06360626965761185,0.0004921851796098053,-0.03448714688420296,
120,4.004004,5,left_knee,0.10912948846817017,0.241950124502182,-0.015178464353084564,
120,4.004004,6,left_ankle,0.14382323622703552,0.45928841829299927,0.0734865590929985,
120,4.004004,7,spine,-0.017998870462179184,-0.13262490928173065,-0.06571374833583832,
120,4.004004,8,thorax,-0.036203645169734955,-0.26570117473602295,-0.13073498010635376,
120,4.004004,9,neck,-0.04083584249019623,-0.2987654507160187,-0.1667802631855011,
120,4.004004,10,head,-0.04585905000567436,-0.3348684310913086,-0.1997869312763214,
120,4.004004,11,left_shoulder,0.05542895197868347,-0.2565288841724396,-0.15516120195388794,
120,4.004004,12,left_elbow,0.010274115949869156,-0.10678216814994812,-0.1723363846540451,
120,4.004004,13,left_wrist,-0.08854889869689941,0.011655189096927643,-0.17667025327682495,
120,4.004004,14,right_shoulder,-0.12595829367637634,-0.2600919008255005,-0.09885557740926743,
120,4.004004,15,right_elbow,-0.1313880980014801,-0.09220246970653534,-0.09341594576835632,
120,4.004004,16,right_wrist,-0.1624583601951599,0.05029487609863281,-0.11949687451124191,
121,4.037371,0,hip_center,0.00018342092516832054,0.0004396943550091237,-0.0005695947329513729,
121,4.037371,1,right_hip,-0.06323723495006561,0.000318216800224036,0.0332416333258152,
121,4.037371,2,right_knee,-0.13350652158260345,0.24015595018863678,-0.004957791417837143,
121,4.037371,3,right_ankle,-0.16992680728435516,0.46767503023147583,0.06772792339324951,
121,4.037371,4,left_hip,0.06360433250665665,0.000561411608941853,-0.034379176795482635,
121,4.037371,5,left_knee,0.10951939225196838,0.24169494211673737,-0.012163152918219566,
121,4.037371,6,left_ankle,0.14411373436450958,0.45881378650665283,0.0770765170454979,
121,4.037371,7,spine,-0.01785006932914257,-0.1325467973947525,-0.06579968333244324,
121,4.037371,8,thorax,-0.035897452384233475,-0.2655496597290039,-0.13101467490196228,
121,4.037371,9,neck,-0.0405198410153389,-0.29872146248817444,-0.16696228086948395,
121,4.037371,10,head,-0.04549011215567589,-0.33464109897613525,-0.20017635822296143,
121,4.037371,11,left_shoulder,0.05551464483141899,-0.2562885284423828,-0.15622109174728394,
121,4.037371,12,left_elbow,0.005186539143323898,-0.1082162857055664,-0.1735335886478424,
121,4.037371,13,left_wrist,-0.09401445090770721,0.009884476661682129,-0.17838633060455322,
121,4.037371,14,right_shoulder,-0.1255975216627121,-0.2609613239765167,-0.09881988912820816,
121,4.037371,15,right_elbow,-0.13212598860263824,-0.09325957298278809,-0.08990726619958878,
121,4.037371,16,right_wrist,-0.1669776737689972,0.04799845814704895,-0.11788220703601837,
122,4.070737,0,hip_center,0.0001806416257750243,0.00044427067041397095,-0.0004798636946361512,
122,4.070737,1,right_hip,-0.0632193386554718,0.00027688342379406095,0.03336991369724274,
122,4.070737,2,right_knee,-0.13298064470291138,0.24075637757778168,-0.0015882886946201324,
122,4.070737,3,right_ankle,-0.1696147918701172,0.4683704376220703,0.07069145143032074,
122,4.070737,4,left_hip,0.06358126550912857,0.0006118149613030255,-0.03432726860046387,
122,4.070737,5,left_knee,0.10988757014274597,0.24143347144126892,-0.009674124419689178,
122,4.070737,6,left_ankle,0.1444411724805832,0.4583718180656433,0.08001916855573654,
122,4.070737,7,spine,-0.017667848616838455,-0.13247284293174744,-0.06590193510055542,
122,4.070737,8,thorax,-0.03552710637450218,-0.26540571451187134,-0.13131114840507507,
122,4.070737,9,neck,-0.04015607386827469,-0.29860982298851013,-0.1672280728816986,
122,4.070737,10,head,-0.04509083181619644,-0.3343265652656555,-0.20066551864147186,
122,4.070737,11,left_shoulder,0.055648040026426315,-0.2560155391693115,-0.15731540322303772,
122,4.070737,12,left_elbow,0.0003714151680469513,-0.10973592102527618,-0.17477373778820038,
122,4.070737,13,left_wrist,-0.09946343302726746,0.007795378565788269,-0.18039248883724213,
122,4.070737,14,right_shoulder,-0.1251448094844818,-0.26182854175567627,-0.09876073896884918,
122,4.070737,15,right_elbow,-0.13268956542015076,-0.09435443580150604,-0.08686798810958862,
122,4.070737,16,right_wrist,-0.17139504849910736,0.045419320464134216,-0.117137610912323,
123,4.104104,0,hip_center,0.00017910328460857272,0.000447739235823974,-0.0004030325508210808,
123,4.104104,1,right_hip,-0.06318829953670502,0.0002490397891961038,0.03350749611854553,
123,4.104104,2,right_knee,-0.13245490193367004,0.24124868214130402,0.0012519732117652893,
123,4.104104,3,right_ankle,-0.16924814879894257,0.4689566195011139,0.07315416634082794,
123,4.104104,4,left_hip,0.06354741007089615,0.000646560569293797,-0.03431074321269989,
123,4.104104,5,left_knee,0.11024640500545502,0.24117550253868103,-0.007624505087733269,
123,4.104104,6,left_ankle,0.1448027491569519,0.4579693078994751,0.08241652697324753,
123,4.104104,7,spine,-0.01745067536830902,-0.13240104913711548,-0.06602293998003006,
123,4.104104,8,thorax,-0.035089150071144104,-0.26526451110839844,-0.13163283467292786,
123,4.104104,9,neck,-0.03974959999322891,-0.2984319031238556,-0.16757959127426147,
123,4.104104,10,head,-0.044673025608062744,-0.33392107486724854,-0.20126011967658997,
123,4.104104,11,left_shoulder,0.05583640933036804,-0.255706250667572,-0.15843740105628967,
123,4.104104,12,left_elbow,-0.004072077572345734,-0.11128932237625122,-0.17612211406230927,
123,4.104104,13,left_wrist,-0.10489211976528168,0.005349799990653992,-0.18266500532627106,
123,4.104104,14,right_shoulder,-0.12460128962993622,-0.26269304752349854,-0.09869920462369919,
123,4.104104,15,right_elbow,-0.13310781121253967,-0.09546804428100586,-0.08422943949699402,
123,4.104104,16,right_wrist,-0.17585676908493042,0.042505666613578796,-0.11719678342342377,
124,4.137471,0,hip_center,0.00017898727674037218,0.00044998220982961357,-0.00033439428079873323,
124,4.137471,1,right_hip,-0.06314732879400253,0.00022874223941471428,0.03365268185734749,
124,4.137471,2,right_knee,-0.131920725107193,0.2416568547487259,0.0036228355020284653,
124,4.137471,3,right_ankle,-0.16881991922855377,0.46945464611053467,0.0751853957772255,
124,4.137471,4,left_hip,0.0635063648223877,0.0006713263574056327,-0.03431834280490875,
124,4.137471,5,left_knee,0.11061078310012817,0.24093054234981537,-0.005966780707240105,
124,4.137471,6,left_ankle,0.14521750807762146,0.45760583877563477,0.08433975279331207,
124,4.137471,7,spine,-0.017203353345394135,-0.13232511281967163,-0.06616909801959991,
124,4.137471,8,thorax,-0.03459203988313675,-0.2651134133338928,-0.1319974660873413,
124,4.137471,9,neck,-0.03930867835879326,-0.2981782555580139,-0.16803127527236938,
124,4.137471,10,head,-0.04424653202295303,-0.33341243863105774,-0.20197635889053345,
124,4.137471,11,left_shoulder,0.05606871843338013,-0.2553043067455292,-0.15959659218788147,
124,4.137471,12,left_elbow,-0.008270472288131714,-0.11283554136753082,-0.1775170862674713,
124,4.137471,13,left_wrist,-0.11037545651197433,0.002609342336654663,-0.1852130889892578,
124,4.137471,14,right_shoulder,-0.1239718347787857,-0.2635568082332611,-0.09864349663257599,
124,4.137471,15,right_elbow,-0.1334143877029419,-0.09659640491008759,-0.08188053220510483,
124,4.137471,16,right_wrist,-0.18018795549869537,0.039223358035087585,-0.11816123127937317,
125,4.170838,0,hip_center,0.00018093292601406574,0.00045087511534802616,-0.0002713431022129953,
125,4.170838,1,right_hip,-0.06309942156076431,0.00021326100977603346,0.033801112323999405,
125,4.170838,2,right_knee,-0.13136929273605347,0.24200370907783508,0.005592735484242439,
125,4.170838,3,right_ankle,-0.16832049190998077,0.4698809087276459,0.07687497138977051,
125,4.170838,4,left_hip,0.06346247345209122,0.0006885819602757692,-0.03434046730399132,
125,4.170838,5,left_knee,0.11099039018154144,0.24070081114768982,-0.004636041820049286,
125,4.170838,6,left_ankle,0.14569392800331116,0.45727717876434326,0.08587038516998291,
125,4.170838,7,spine,-0.016927173361182213,-0.1322447508573532,-0.06633767485618591,
125,4.170838,8,thorax,-0.03403881937265396,-0.2649518847465515,-0.13240183889865875,
125,4.170838,9,neck,-0.038833752274513245,-0.29785001277923584,-0.16857761144638062,
125,4.170838,10,head,-0.04380958899855614,-0.3328007161617279,-0.20280902087688446,
125,4.170838,11,left_shoulder,0.056338921189308167,-0.25478801131248474,-0.16078956425189972,
125,4.170838,12,left_elbow,-0.012220270931720734,-0.11433544754981995,-0.17897580564022064,
125,4.170838,13,left_wrist,-0.11590784788131714,-0.00041112303733825684,-0.1880483329296112,
125,4.170838,14,right_shoulder,-0.12325506657361984,-0.26441922783851624,-0.09858119487762451,
125,4.170838,15,right_elbow,-0.13367390632629395,-0.09774009883403778,-0.07972775399684906,
125,4.170838,16,right_wrist,-0.1843683123588562,0.0354837030172348,-0.1201326847076416,
126,4.204204,0,hip_center,0.0001844822836574167,0.0004519150243140757,-0.0002124845632351935,
126,4.204204,1,right_hip,-0.06304706633090973,0.00020232083625160158,0.03395036235451698,
126,4.204204,2,right_knee,-0.13079825043678284,0.2423071712255478,0.007227187976241112,
126,4.204204,3,right_ankle,-0.16775253415107727,0.47025418281555176,0.07828433811664581,
126,4.204204,4,left_hip,0.06341730058193207,0.0007015925366431475,-0.03437186777591705,
126,4.204204,5,left_knee,0.11138907819986343,0.24048708379268646,-0.0035700667649507523,
126,4.204204,6,left_ankle,0.14622841775417328,0.45698171854019165,0.08707961440086365,
126,4.204204,7,spine,-0.016622629016637802,-0.1321578323841095,-0.06652802228927612,
126,4.204204,8,thorax,-0.03342996537685394,-0.2647773027420044,-0.1328458935022354,
126,4.204204,9,neck,-0.03831060603260994,-0.29746153950691223,-0.16920365393161774,
126,4.204204,10,head,-0.04333487153053284,-0.33210670948028564,-0.20373722910881042,
126,4.204204,11,left_shoulder,0.05665115267038345,-0.25415652990341187,-0.16199885308742523,
126,4.204204,12,left_elbow,-0.015882179141044617,-0.1157536655664444,-0.1804809868335724,
126,4.204204,13,left_wrist,-0.12146460264921188,-0.0037222877144813538,-0.19113439321517944,
126,4.204204,14,right_shoulder,-0.12245714664459229,-0.26527613401412964,-0.09853014349937439,
126,4.204204,15,right_elbow,-0.13386937975883484,-0.09889648854732513,-0.07770934700965881,
126,4.204204,16,right_wrist,-0.18833956122398376,0.031183362007141113,-0.12313289195299149,
127,4.237571,0,hip_center,0.00019096402684226632,0.00045394289190880954,-0.00015771531616337597,
127,4.237571,1,right_hip,-0.06299002468585968,0.0001964379334822297,0.03409850224852562,
127,4.237571,2,right_knee,-0.1302104890346527,0.24258068203926086,0.008595749735832214,
127,4.237571,3,right_ankle,-0.16712680459022522,0.4705909490585327,0.07946941256523132,
127,4.237571,4,left_hip,0.06337326765060425,0.0007115216576494277,-0.034410376101732254,
127,4.237571,5,left_knee,0.11180835217237473,0.24028868973255157,-0.002725258469581604,
127,4.237571,6,left_ankle,0.14681698381900787,0.4567120671272278,0.08802935481071472,
127,4.237571,7,spine,-0.016296565532684326,-0.132063090801239,-0.06673828512430191,
127,4.237571,8,thorax,-0.032780542969703674,-0.26458799839019775,-0.13332578539848328,
127,4.237571,9,neck,-0.037738777697086334,-0.2970418930053711,-0.16987885534763336,
127,4.237571,10,head,-0.04280839487910271,-0.33138230443000793,-0.20470893383026123,
127,4.237571,11,left_shoulder,0.056997284293174744,-0.25341612100601196,-0.16319942474365234,
127,4.237571,12,left_elbow,-0.019249826669692993,-0.11706322431564331,-0.1819688379764557,
127,4.237571,13,left_wrist,-0.12699481844902039,-0.0072942376136779785,-0.1943770945072174,
127,4.237571,14,right_shoulder,-0.12159906327724457,-0.26610836386680603,-0.09850311279296875,
127,4.237571,15,right_elbow,-0.13409268856048584,-0.10005435347557068,-0.07578946650028229,
127,4.237571,16,right_wrist,-0.1921806037425995,0.026302114129066467,-0.12688642740249634,
128,4.270938,0,hip_center,0.00020049922750331461,0.0004558789078146219,-0.00010490894055692479,
128,4.270938,1,right_hip,-0.06292837858200073,0.00019503236399032176,0.03424721956253052,
128,4.270938,2,right_knee,-0.12960785627365112,0.24283471703529358,0.009774014353752136,
128,4.270938,3,right_ankle,-0.166444793343544,0.4708937406539917,0.08053213357925415,
128,4.270938,4,left_hip,0.06333073228597641,0.0007167890435084701,-0.03445342183113098,
128,4.270938,5,left_knee,0.11225032806396484,0.2400982677936554,-0.002041909843683243,
128,4.270938,6,left_ankle,0.14746451377868652,0.4564543068408966,0.08879369497299194,
128,4.270938,7,spine,-0.015955986455082893,-0.13196241855621338,-0.06696252524852753,
128,4.270938,8,thorax,-0.032104864716529846,-0.2643868029117584,-0.13383153080940247,
128,4.270938,9,neck,-0.03712199255824089,-0.2966158092021942,-0.17057505249977112,
128,4.270938,10,head,-0.042224012315273285,-0.33066922426223755,-0.20568110048770905,
128,4.270938,11,left_shoulder,0.05736491084098816,-0.25258904695510864,-0.16438108682632446,
128,4.270938,12,left_elbow,-0.022247903048992157,-0.11822047829627991,-0.18348374962806702,
128,4.270938,13,left_wrist,-0.13248145580291748,-0.011180706322193146,-0.1977394074201584,
128,4.270938,14,right_shoulder,-0.12069728970527649,-0.26690474152565,-0.09849455952644348,
128,4.270938,15,right_elbow,-0.13449615240097046,-0.1012258380651474,-0.07387702167034149,
128,4.270938,16,right_wrist,-0.19611909985542297,0.0207105353474617,-0.13119365274906158,
129,4.304304,0,hip_center,0.00021203263895586133,0.00045905562001280487,-5.374294414650649e-05,
129,4.304304,1,right_hip,-0.06286241859197617,0.00020106256124563515,0.034398239105939865,
129,4.304304,2,right_knee,-0.12899601459503174,0.2430737316608429,0.010769521817564964,
129,4.304304,3,right_ankle,-0.1657213270664215,0.47116392850875854,0.08148506283760071,
129,4.304304,4,left_hip,0.0632878839969635,0.0007171013276092708,-0.0345020554959774,
129,4.304304,5,left_knee,0.1127115786075592,0.2399137169122696,-0.001495908945798874,
129,4.304304,6,left_ankle,0.1481591761112213,0.4562050998210907,0.08940286934375763,
129,4.304304,7,spine,-0.01561829075217247,-0.1318569928407669,-0.06719119101762772,
129,4.304304,8,thorax,-0.03143707662820816,-0.26417750120162964,-0.13434408605098724,
129,4.304304,9,neck,-0.03647451475262642,-0.2962036728858948,-0.1712617576122284,
129,4.304304,10,head,-0.04157784581184387,-0.3299977779388428,-0.20661728084087372,
129,4.304304,11,left_shoulder,0.05772797763347626,-0.2517285645008087,-0.16551971435546875,
129,4.304304,12,left_elbow,-0.02484387904405594,-0.11921766400337219,-0.18503321707248688,
129,4.304304,13,left_wrist,-0.1378299742937088,-0.015358418226242065,-0.2011444866657257,
129,4.304304,14,right_shoulder,-0.11979558318853378,-0.26764610409736633,-0.09850552678108215,
129,4.304304,15,right_elbow,-0.1351938396692276,-0.10241617262363434,-0.07189923524856567,
129,4.304304,16,right_wrist,-0.20005923509597778,0.014388009905815125,-0.1359330266714096,
130,4.337671,0,hip_center,0.00022698723478242755,0.00046400807332247496,-3.668963472591713e-06,
130,4.337671,1,right_hip,-0.06279204040765762,0.00021514997933991253,0.03454964980483055,
130,4.337671,2,right_knee,-0.12837530672550201,0.24330146610736847,0.011593662202358246,
130,4.337671,3,right_ankle,-0.16496504843235016,0.47140252590179443,0.0823444128036499,
130,4.337671,4,left_hip,0.063247449696064,0.0007129092700779438,-0.03455326706171036,
130,4.337671,5,left_knee,0.11318804323673248,0.23973536491394043,-0.0010669194161891937,
130,4.337671,6,left_ankle,0.14889413118362427,0.45596379041671753,0.08988043665885925,
130,4.337671,7,spine,-0.015293311327695847,-0.131746307015419,-0.06742127239704132,
130,4.337671,8,thorax,-0.030798640102148056,-0.2639596462249756,-0.13485783338546753,
130,4.337671,9,neck,-0.035815030336380005,-0.2958056628704071,-0.17193388938903809,
130,4.337671,10,head,-0.040885306894779205,-0.329367071390152,-0.20751512050628662,
130,4.337671,11,left_shoulder,0.058071572333574295,-0.2508869171142578,-0.1666145771741867,
130,4.337671,12,left_elbow,-0.02699708566069603,-0.12005048990249634,-0.1866939216852188,
130,4.337671,13,left_wrist,-0.1429840624332428,-0.019857659935951233,-0.20459894835948944,
130,4.337671,14,right_shoulder,-0.11892291903495789,-0.2683057487010956,-0.09854140877723694,
130,4.337671,15,right_elbow,-0.13649101555347443,-0.10365471243858337,-0.06977809965610504,
130,4.337671,16,right_wrist,-0.20404937863349915,0.007445618510246277,-0.1407967507839203,
131,4.371038,0,hip_center,0.0002454390923958272,0.000469025457277894,4.982794780516997e-05,
131,4.371038,1,right_hip,-0.06271766126155853,0.00023661207524128258,0.034705083817243576,
131,4.371038,2,right_knee,-0.12775856256484985,0.24351619184017181,0.012258831411600113,
131,4.371038,3,right_ankle,-0.16420410573482513,0.4716018736362457,0.08313344419002533,
131,4.371038,4,left_hip,0.06320999562740326,0.0007014770526438951,-0.03460165113210678,
131,4.371038,5,left_knee,0.11366866528987885,0.2395617663860321,-0.0007370077073574066,
131,4.371038,6,left_ankle,0.1496458649635315,0.45572513341903687,0.0902581661939621,
131,4.371038,7,spine,-0.015001557767391205,-0.13163205981254578,-0.0676436647772789,
131,4.371038,8,thorax,-0.03023115172982216,-0.2637350559234619,-0.13535872101783752,
131,4.371038,9,neck,-0.03517890349030495,-0.2954261302947998,-0.17257648706436157,
131,4.371038,10,head,-0.04017665982246399,-0.3288065493106842,-0.20833776891231537,
131,4.371038,11,left_shoulder,0.0583576001226902,-0.2500191628932953,-0.1676265150308609,
131,4.371038,12,left_elbow,-0.028574462980031967,-0.12051402032375336,-0.18834511935710907,
131,4.371038,13,left_wrist,-0.14778044819831848,-0.02450791746377945,-0.20796483755111694,
131,4.371038,14,right_shoulder,-0.11811377108097076,-0.26881885528564453,-0.09855574369430542,
131,4.371038,15,right_elbow,-0.13905060291290283,-0.10494694113731384,-0.06767568737268448,
131,4.371038,16,right_wrist,-0.20844262838363647,0.00044135749340057373,-0.14532306790351868,
132,4.404404,0,hip_center,0.00026624894235283136,0.0004744139441754669,0.00011178676504641771,
132,4.404404,1,right_hip,-0.06263815611600876,0.0002647422952577472,0.0348736047744751,
132,4.404404,2,right_knee,-0.12715911865234375,0.2437177449464798,0.01281026192009449,
132,4.404404,3,right_ankle,-0.16344831883907318,0.4717644453048706,0.08389034122228622,
132,4.404404,4,left_hip,0.06317218393087387,0.0006841272115707397,-0.03464615345001221,
132,4.404404,5,left_knee,0.11414836347103119,0.23939427733421326,-0.0004991628229618073,
132,4.404404,6,left_ankle,0.15041428804397583,0.45548394322395325,0.09055642783641815,
132,4.404404,7,spine,-0.014742299914360046,-0.1315174102783203,-0.06784763187170029,
132,4.404404,8,thorax,-0.02973194792866707,-0.263510525226593,-0.13582998514175415,
132,4.404404,9,neck,-0.03456876799464226,-0.29508110880851746,-0.17316456139087677,
132,4.404404,10,head,-0.03945858031511307,-0.328350692987442,-0.20904386043548584,
132,4.404404,11,left_shoulder,0.058591630309820175,-0.24912841618061066,-0.16853171586990356,
132,4.404404,12,left_elbow,-0.02959452196955681,-0.12058886885643005,-0.18995162844657898,
132,4.404404,13,left_wrist,-0.15211060643196106,-0.029172323644161224,-0.21104659140110016,
132,4.404404,14,right_shoulder,-0.11736486852169037,-0.26915132999420166,-0.09851627796888351,
132,4.404404,15,right_elbow,-0.1432982087135315,-0.10630187392234802,-0.06605939567089081,
132,4.404404,16,right_wrist,-0.2138097882270813,-0.0059845298528671265,-0.1492195427417755,
133,4.437771,0,hip_center,0.0002877193328458816,0.00048069158219732344,0.0001761219755280763,
133,4.437771,1,right_hip,-0.06255877017974854,0.00029938213992863894,0.03504269942641258,
133,4.437771,2,right_knee,-0.12657812237739563,0.24391262233257294,0.013289058580994606,
133,4.437771,3,right_ankle,-0.1627047061920166,0.47190091013908386,0.08463874459266663,
133,4.437771,4,left_hip,0.06313580274581909,0.0006620499771088362,-0.03468647599220276,
133,4.437771,5,left_knee,0.11462260782718658,0.23923073709011078,-0.00031767040491104126,
133,4.437771,6,left_ankle,0.1511840522289276,0.4552401602268219,0.090810127556324,
133,4.437771,7,spine,-0.014512713067233562,-0.13142523169517517,-0.06799536198377609,
133,4.437771,8,thorax,-0.029293693602085114,-0.26333245635032654,-0.1361897587776184,
133,4.437771,9,neck,-0.03400396183133125,-0.2947729229927063,-0.1736500859260559,
133,4.437771,10,head,-0.03877316787838936,-0.3279253840446472,-0.2096538096666336,
133,4.437771,11,left_shoulder,0.0587930753827095,-0.2484332025051117,-0.16929620504379272,
133,4.437771,12,left_elbow,-0.0304579958319664,-0.12079291045665741,-0.19166193902492523,
133,4.437771,13,left_wrist,-0.15605002641677856,-0.03398746997117996,-0.21410365402698517,
133,4.437771,14,right_shoulder,-0.11669579893350601,-0.26938575506210327,-0.09840233623981476,
133,4.437771,15,right_elbow,-0.14762449264526367,-0.10764390230178833,-0.06480294466018677,
133,4.437771,16,right_wrist,-0.21980032324790955,-0.01174876093864441,-0.1516697257757187,
134,4.471138,0,hip_center,0.0003083140472881496,0.0004875721351709217,0.00023793053696863353,
134,4.471138,1,right_hip,-0.062481820583343506,0.0003396939137019217,0.03520604595541954,
134,4.471138,2,right_knee,-0.12601499259471893,0.2441006749868393,0.013683449476957321,
134,4.471138,3,right_ankle,-0.16197848320007324,0.4720085859298706,0.08537152409553528,
134,4.471138,4,left_hip,0.06310008466243744,0.0006355107761919498,-0.03472613915801048,
134,4.471138,5,left_knee,0.11508730053901672,0.23906882107257843,-0.00017174333333969116,
134,4.471138,6,left_ankle,0.1519402116537094,0.45498982071876526,0.09104814380407333,
134,4.471138,7,spine,-0.01431310921907425,-0.1313709169626236,-0.06806385517120361,
134,4.471138,8,thorax,-0.028915414586663246,-0.2632312774658203,-0.13638722896575928,
134,4.471138,9,neck,-0.0334753654897213,-0.2945387661457062,-0.1739773005247116,
134,4.471138,10,head,-0.03810320422053337,-0.32755303382873535,-0.21012616157531738,
134,4.471138,11,left_shoulder,0.05897412449121475,-0.2480628490447998,-0.16989320516586304,
134,4.471138,12,left_elbow,-0.031316518783569336,-0.1213914155960083,-0.19355694949626923,
134,4.471138,13,left_wrist,-0.15968865156173706,-0.03912542015314102,-0.21732832491397858,
134,4.471138,14,right_shoulder,-0.11612286418676376,-0.269559770822525,-0.09819731116294861,
134,4.471138,15,right_elbow,-0.1516755223274231,-0.10897761583328247,-0.06362401694059372,
134,4.471138,16,right_wrist,-0.22601336240768433,-0.01705058664083481,-0.1529233455657959,
135,4.504505,0,hip_center,0.00032761984039098024,0.0004943793173879385,0.00029657271807082,
135,4.504505,1,right_hip,-0.0624067448079586,0.00038500429945997894,0.0353647880256176,
135,4.504505,2,right_knee,-0.12547597289085388,0.24428418278694153,0.014044282957911491,
135,4.504505,3,right_ankle,-0.1612829864025116,0.47209200263023376,0.08612775802612305,
135,4.504505,4,left_hip,0.06306364387273788,0.0006038295105099678,-0.03476756811141968,
135,4.504505,5,left_knee,0.11553629487752914,0.2389046996831894,-3.365427255630493e-05,
135,4.504505,6,left_ankle,0.15267495810985565,0.4547252058982849,0.09130806475877762,
135,4.504505,7,spine,-0.014135977253317833,-0.13137386739253998,-0.06801995635032654,
135,4.504505,8,thorax,-0.0285814069211483,-0.26324525475502014,-0.13635540008544922,
135,4.504505,9,neck,-0.0329752154648304,-0.29442182183265686,-0.17407384514808655,
135,4.504505,10,head,-0.03744686394929886,-0.3272748589515686,-0.2103888839483261,
135,4.504505,11,left_shoulder,0.059145938605070114,-0.24807974696159363,-0.17028506100177765,
135,4.504505,12,left_elbow,-0.03218493238091469,-0.12249977886676788,-0.19570888578891754,
135,4.504505,13,left_wrist,-0.16301167011260986,-0.04456271976232529,-0.2206559032201767,
135,4.504505,14,right_shoulder,-0.11562870442867279,-0.269722580909729,-0.09782656282186508,
135,4.504505,15,right_elbow,-0.15558388829231262,-0.11039060354232788,-0.062290169298648834,
135,4.504505,16,right_wrist,-0.23208752274513245,-0.022103816270828247,-0.15341481566429138,
136,4.537871,0,hip_center,0.00034408102510496974,0.000499802059493959,0.00034732732456177473,
136,4.537871,1,right_hip,-0.062335193157196045,0.00043089239625260234,0.03551400825381279,
136,4.537871,2,right_knee,-0.12496922165155411,0.2444605827331543,0.014404848217964172,
136,4.537871,3,right_ankle,-0.16062800586223602,0.47215455770492554,0.08692031353712082,
136,4.537871,4,left_hip,0.06302500516176224,0.0005688000237569213,-0.034815315157175064,
136,4.537871,5,left_knee,0.11596295237541199,0.23873668909072876,0.00012399256229400635,
136,4.537871,6,left_ankle,0.1533678025007248,0.45444995164871216,0.09161034971475601,
136,4.537871,7,spine,-0.013973587192595005,-0.13143710792064667,-0.06786730140447617,
136,4.537871,8,thorax,-0.028274329379200935,-0.26337873935699463,-0.1360974907875061,
136,4.537871,9,neck,-0.03250283747911453,-0.29444050788879395,-0.1739293783903122,
136,4.537871,10,head,-0.03681695833802223,-0.3271164894104004,-0.21042276918888092,
136,4.537871,11,left_shoulder,0.05931700021028519,-0.24846075475215912,-0.1704852283000946,
136,4.537871,12,left_elbow,-0.03308331221342087,-0.12411101907491684,-0.19800518453121185,
136,4.537871,13,left_wrist,-0.16608023643493652,-0.050188109278678894,-0.22368398308753967,
136,4.537871,14,right_shoulder,-0.11519446223974228,-0.26993486285209656,-0.0972958654165268,
136,4.537871,15,right_elbow,-0.1587274968624115,-0.11179095506668091,-0.06067190319299698,
136,4.537871,16,right_wrist,-0.23748181760311127,-0.027233801782131195,-0.1534022092819214,
137,4.571238,0,hip_center,0.00035813148133456707,0.0005032587214373052,0.0003887463826686144,
137,4.571238,1,right_hip,-0.06226447597146034,0.0004734352696686983,0.03565629571676254,
137,4.571238,2,right_knee,-0.12449022382497787,0.24462871253490448,0.01479339599609375,
137,4.571238,3,right_ankle,-0.16000722348690033,0.4721958637237549,0.08777488023042679,
137,4.571238,4,left_hip,0.06298236548900604,0.0005331776919774711,-0.03487483039498329,
137,4.571238,5,left_knee,0.1163700744509697,0.23856161534786224,0.00032941997051239014,
137,4.571238,6,left_ankle,0.15402419865131378,0.45415931940078735,0.09198566526174545,
137,4.571238,7,spine,-0.013815250247716904,-0.1315733790397644,-0.06758520007133484,
137,4.571238,8,thorax,-0.027972882613539696,-0.2636565864086151,-0.13557091355323792,
137,4.571238,9,neck,-0.03204948827624321,-0.29461604356765747,-0.17350320518016815,
137,4.571238,10,head,-0.03621474653482437,-0.327086865901947,-0.21019646525382996,
137,4.571238,11,left_shoulder,0.0594935417175293,-0.249227374792099,-0.17048117518424988,
137,4.571238,12,left_elbow,-0.03396029770374298,-0.1262393593788147,-0.20045365393161774,
137,4.571238,13,left_wrist,-0.168887197971344,-0.05604784935712814,-0.22653165459632874,
137,4.571238,14,right_shoulder,-0.11479076743125916,-0.27025532722473145,-0.09654822200536728,
137,4.571238,15,right_elbow,-0.16100966930389404,-0.11322112381458282,-0.05846930295228958,
137,4.571238,16,right_wrist,-0.24171316623687744,-0.03265924006700516,-0.15306207537651062,
138,4.604605,0,hip_center,0.0003680111840367317,0.0005062057171016932,0.00041909582796506584,
138,4.604605,1,right_hip,-0.062191907316446304,0.0005154994432814419,0.03579774871468544,
138,4.604605,2,right_knee,-0.12404279410839081,0.2447911947965622,0.015231803059577942,
138,4.604605,3,right_ankle,-0.15942102670669556,0.472223162651062,0.0887005552649498,
138,4.604605,4,left_hip,0.06292950361967087,0.0004970119334757328,-0.03495568037033081,
138,4.604605,5,left_knee,0.1167532354593277,0.23837561905384064,0.000595729798078537,
138,4.604605,6,left_ankle,0.15464745461940765,0.4538526237010956,0.0924367606639862,
138,4.604605,7,spine,-0.013658802025020123,-0.13178442418575287,-0.06716799736022949,
138,4.604605,8,thorax,-0.027670688927173615,-0.26408305764198303,-0.1347639262676239,
138,4.604605,9,neck,-0.03162980452179909,-0.2949484586715698,-0.1727851927280426,
138,4.604605,10,head,-0.03567349538207054,-0.3271794021129608,-0.20970286428928375,
138,4.604605,11,left_shoulder,0.059667639434337616,-0.2503836452960968,-0.17028355598449707,
138,4.604605,12,left_elbow,-0.03446254879236221,-0.12866708636283875,-0.20318663120269775,
138,4.604605,13,left_wrist,-0.17126256227493286,-0.06239061802625656,-0.22974534332752228,
138,4.604605,14,right_shoulder,-0.11440128087997437,-0.2707084119319916,-0.09555209428071976,
138,4.604605,15,right_elbow,-0.16251836717128754,-0.11477817595005035,-0.055347125977277756,
138,4.604605,16,right_wrist,-0.24431908130645752,-0.038786597549915314,-0.1527380496263504,
139,4.637971,0,hip_center,0.0003731686156243086,0.0005099941045045853,0.0004398490418680012,
139,4.637971,1,right_hip,-0.06211668998003006,0.0005571495275944471,0.03594205528497696,
139,4.637971,2,right_knee,-0.12363374978303909,0.2449466586112976,0.015730122104287148,
139,4.637971,3,right_ankle,-0.1588725447654724,0.4722405672073364,0.08969151228666306,
139,4.637971,4,left_hip,0.06286454945802689,0.00046294330968521535,-0.03505859896540642,
139,4.637971,5,left_knee,0.11710686981678009,0.2381829470396042,0.0009150207042694092,
139,4.637971,6,left_ankle,0.15523271262645721,0.453533411026001,0.09295672923326492,
139,4.637971,7,spine,-0.01351455319672823,-0.1320568174123764,-0.06663287431001663,
139,4.637971,8,thorax,-0.027388019487261772,-0.26463431119918823,-0.13370898365974426,
139,4.637971,9,neck,-0.0312650203704834,-0.2954052686691284,-0.1718152016401291,
139,4.637971,10,head,-0.03521730750799179,-0.3273649513721466,-0.20897778868675232,
139,4.637971,11,left_shoulder,0.05979958921670914,-0.25186681747436523,-0.16993899643421173,
139,4.637971,12,left_elbow,-0.03462051600217819,-0.13129286468029022,-0.20606088638305664,
139,4.637971,13,left_wrist,-0.1732640266418457,-0.06931808590888977,-0.23343391716480255,
139,4.637971,14,right_shoulder,-0.11403011530637741,-0.271282434463501,-0.09430582821369171,
139,4.637971,15,right_elbow,-0.16347186267375946,-0.11653733253479004,-0.05123143270611763,
139,4.637971,16,right_wrist,-0.2453451156616211,-0.045857399702072144,-0.15248450636863708,
140,4.671338,0,hip_center,0.00037590565625578165,0.0005137857515364885,0.000453889457276091,
140,4.671338,1,right_hip,-0.06203779950737953,0.0005912639899179339,0.036089763045310974,
140,4.671338,2,right_knee,-0.12326328456401825,0.24508635699748993,0.016273221001029015,
140,4.671338,3,right_ankle,-0.15836293995380402,0.47223788499832153,0.09073640406131744,
140,4.671338,4,left_hip,0.06279104948043823,0.00043641289812512696,-0.035178378224372864,
140,4.671338,5,left_knee,0.11742901057004929,0.2379937767982483,0.0012676678597927094,
140,4.671338,6,left_ankle,0.15577907860279083,0.4532046914100647,0.09354236721992493,
140,4.671338,7,spine,-0.013392561115324497,-0.13237585127353668,-0.06600175052881241,
140,4.671338,8,thorax,-0.027147434651851654,-0.2652806043624878,-0.13245165348052979,
140,4.671338,9,neck,-0.030952341854572296,-0.29597505927085876,-0.17062677443027496,
140,4.671338,10,head,-0.03482034429907799,-0.3276454508304596,-0.20804500579833984,
140,4.671338,11,left_shoulder,0.059829264879226685,-0.2536090612411499,-0.1695478856563568,
140,4.671338,12,left_elbow,-0.03524533659219742,-0.13452284038066864,-0.20875650644302368,
140,4.671338,13,left_wrist,-0.175499826669693,-0.07685592770576477,-0.23731127381324768,
140,4.671338,14,right_shoulder,-0.11366961896419525,-0.27200186252593994,-0.09279821068048477,
140,4.671338,15,right_elbow,-0.16407650709152222,-0.11849117279052734,-0.04654295742511749,
140,4.671338,16,right_wrist,-0.24535652995109558,-0.053853102028369904,-0.15221482515335083,
141,4.704705,0,hip_center,0.00037774944212287664,0.0005165525362826884,0.0004632429627235979,
141,4.704705,1,right_hip,-0.06195693463087082,0.0006156672607176006,0.036237116903066635,
141,4.704705,2,right_knee,-0.12294187396764755,0.24520383775234222,0.01683179847896099,
141,4.704705,3,right_ankle,-0.1579076498746872,0.47220686078071594,0.09180909395217896,
141,4.704705,4,left_hip,0.06271376460790634,0.00041753772529773414,-0.03530721738934517,
141,4.704705,5,left_knee,0.11771422624588013,0.23781554400920868,0.0016285963356494904,
141,4.704705,6,left_ankle,0.15627244114875793,0.45287489891052246,0.0941695123910904,
141,4.704705,7,spine,-0.013291643001139164,-0.1327197402715683,-0.06531529128551483,
141,4.704705,8,thorax,-0.02694808505475521,-0.2659769654273987,-0.13107603788375854,
141,4.704705,9,neck,-0.03067859634757042,-0.29662859439849854,-0.1692928820848465,
141,4.704705,10,head,-0.03445819392800331,-0.32802334427833557,-0.20695164799690247,
141,4.704705,11,left_shoulder,0.05973108112812042,-0.2554013133049011,-0.16918352246284485,
141,4.704705,12,left_elbow,-0.03673567622900009,-0.1383472979068756,-0.21102303266525269,
141,4.704705,13,left_wrist,-0.17833834886550903,-0.08485844731330872,-0.24101971089839935,
141,4.704705,14,right_shoulder,-0.11328428983688354,-0.27285149693489075,-0.09104529023170471,
141,4.704705,15,right_elbow,-0.16462507843971252,-0.12060071527957916,-0.04175271838903427,
141,4.704705,16,right_wrist,-0.24525845050811768,-0.06250108778476715,-0.1516333818435669,
142,4.738071,0,hip_center,0.00038098404183983803,0.000520194647833705,0.00047140626702457666,
142,4.738071,1,right_hip,-0.06186702102422714,0.0006338449893519282,0.0363958440721035,
142,4.738071,2,right_knee,-0.12266692519187927,0.2452986240386963,0.01737929880619049,
142,4.738071,3,right_ankle,-0.1574980467557907,0.47215020656585693,0.0928758904337883,
142,4.738071,4,left_hip,0.06263022869825363,0.00040663834079168737,-0.0354498028755188,
142,4.738071,5,left_knee,0.11796799302101135,0.23764954507350922,0.00197562575340271,
142,4.738071,6,left_ankle,0.1567276567220688,0.45254480838775635,0.09481308609247208,
142,4.738071,7,spine,-0.013208098709583282,-0.13307905197143555,-0.06458359956741333,
142,4.738071,8,thorax,-0.026784928515553474,-0.2667059302330017,-0.12960663437843323,
142,4.738071,9,neck,-0.030454210937023163,-0.29732808470726013,-0.16785302758216858,
142,4.738071,10,head,-0.0341581292450428,-0.328470379114151,-0.20572832226753235,
142,4.738071,11,left_shoulder,0.05951406806707382,-0.25709643959999084,-0.16881686449050903,
142,4.738071,12,left_elbow,-0.03848930448293686,-0.142184317111969,-0.21295946836471558,
142,4.738071,13,left_wrist,-0.18137505650520325,-0.09310059249401093,-0.24437005817890167,
142,4.738071,14,right_shoulder,-0.1128576323390007,-0.2737930119037628,-0.08904898911714554,
142,4.738071,15,right_elbow,-0.16514894366264343,-0.1228741854429245,-0.03675120696425438,
142,4.738071,16,right_wrist,-0.2446720153093338,-0.07174845039844513,-0.150827094912529,
143,4.771438,0,hip_center,0.00038522659451700747,0.0005242349579930305,0.0004836918960791081,
143,4.771438,1,right_hip,-0.06176665797829628,0.00064724066760391,0.036574143916368484,
143,4.771438,2,right_knee,-0.12244035303592682,0.24537144601345062,0.017922766506671906,
143,4.771438,3,right_ankle,-0.1571316123008728,0.4720771908760071,0.09392011165618896,
143,4.771438,4,left_hip,0.06253829598426819,0.0004013163270428777,-0.03560364618897438,
143,4.771438,5,left_knee,0.1181849017739296,0.2374965399503708,0.0022967420518398285,
143,4.771438,6,left_ankle,0.15714338421821594,0.45221805572509766,0.09545248746871948,
143,4.771438,7,spine,-0.013135569170117378,-0.13344399631023407,-0.0638224259018898,
143,4.771438,8,thorax,-0.02664489671587944,-0.2674468457698822,-0.1280813068151474,
143,4.771438,9,neck,-0.030283909291028976,-0.29804080724716187,-0.16635313630104065,
143,4.771438,10,head,-0.03394455090165138,-0.3289638161659241,-0.20441186428070068,
143,4.771438,11,left_shoulder,0.05920882895588875,-0.2585880756378174,-0.16842931509017944,
143,4.771438,12,left_elbow,-0.040059227496385574,-0.1455947756767273,-0.21465043723583221,
143,4.771438,13,left_wrist,-0.18422633409500122,-0.10126309096813202,-0.24724987149238586,
143,4.771438,14,right_shoulder,-0.11237935721874237,-0.27479317784309387,-0.0868588462471962,
143,4.771438,15,right_elbow,-0.16574068367481232,-0.1253441423177719,-0.031510088592767715,
143,4.771438,16,right_wrist,-0.2435969114303589,-0.08133819699287415,-0.14963267743587494,
144,4.804805,0,hip_center,0.00039185461355373263,0.0005280827172100544,0.000498548848554492,
144,4.804805,1,right_hip,-0.06165552884340286,0.0006552893901243806,0.0367683470249176,
144,4.804805,2,right_knee,-0.12225981056690216,0.24541988968849182,0.018423669040203094,
144,4.804805,3,right_ankle,-0.1568135917186737,0.4719920754432678,0.09488048404455185,
144,4.804805,4,left_hip,0.06244039908051491,0.00040095424628816545,-0.03576819598674774,
144,4.804805,5,left_knee,0.11836256086826324,0.23735839128494263,0.00258558988571167,
144,4.804805,6,left_ankle,0.15751394629478455,0.4519070088863373,0.09605824947357178,
144,4.804805,7,spine,-0.01305975392460823,-0.1338019222021103,-0.06306307017803192,
144,4.804805,8,thorax,-0.026500776410102844,-0.26817309856414795,-0.12656261026859283,
144,4.804805,9,neck,-0.03013535775244236,-0.2987722158432007,-0.16483072936534882,
144,4.804805,10,head,-0.03378177434206009,-0.32955440878868103,-0.20300480723381042,
144,4.804805,11,left_shoulder,0.05883348733186722,-0.2597610056400299,-0.16809095442295074,
144,4.804805,12,left_elbow,-0.04187064617872238,-0.14868895709514618,-0.21583716571331024,
144,4.804805,13,left_wrist,-0.18714094161987305,-0.10863146185874939,-0.2490653693675995,
144,4.804805,14,right_shoulder,-0.11179846525192261,-0.27584001421928406,-0.08450096845626831,
144,4.804805,15,right_elbow,-0.16656120121479034,-0.12781912088394165,-0.02673603594303131,
144,4.804805,16,right_wrist,-0.24338559806346893,-0.09093119949102402,-0.14793157577514648,
145,4.838172,0,hip_center,0.00040321919368579984,0.0005292284768074751,0.0005172906676307321,
145,4.838172,1,right_hip,-0.061542265117168427,0.0006537935696542263,0.03696085512638092,
145,4.838172,2,right_knee,-0.12212508916854858,0.24544131755828857,0.01885300874710083,
145,4.838172,3,right_ankle,-0.1565488874912262,0.47189223766326904,0.09572671353816986,
145,4.838172,4,left_hip,0.06234986335039139,0.0004047281399834901,-0.03592323511838913,
145,4.838172,5,left_knee,0.11849721521139145,0.23724491894245148,0.0028237514197826385,
145,4.838172,6,left_ankle,0.15783268213272095,0.4516295790672302,0.0965949147939682,
145,4.838172,7,spine,-0.0129746338352561,-0.13412335515022278,-0.06237383559346199,
145,4.838172,8,thorax,-0.0263428445905447,-0.2688218355178833,-0.12519168853759766,
145,4.838172,9,neck,-0.02997428923845291,-0.29949522018432617,-0.16340062022209167,
145,4.838172,10,head,-0.03361062332987785,-0.3302433490753174,-0.20160309970378876,
145,4.838172,11,left_shoulder,0.0583900585770607,-0.2605149745941162,-0.1679542362689972,
145,4.838172,12,left_elbow,-0.04505503177642822,-0.15207478404045105,-0.2158903181552887,
145,4.838172,13,left_wrist,-0.19121131300926208,-0.11470447480678558,-0.24835532903671265,
145,4.838172,14,right_shoulder,-0.11109884828329086,-0.2769518792629242,-0.08213379979133606,
145,4.838172,15,right_elbow,-0.1677052080631256,-0.13002777099609375,-0.023354925215244293,
145,4.838172,16,right_wrist,-0.24516502022743225,-0.10017777979373932,-0.14607420563697815,
146,4.871538,0,hip_center,0.0004218766698613763,0.0005293040303513408,0.0005429023876786232,
146,4.871538,1,right_hip,-0.061421994119882584,0.0006458492134697735,0.03715865686535835,
146,4.871538,2,right_knee,-0.1220398098230362,0.24543826282024384,0.019235126674175262,
146,4.871538,3,right_ankle,-0.15633578598499298,0.47178947925567627,0.09645882993936539,
146,4.871538,4,left_hip,0.06226696819067001,0.00041281033190898597,-0.03606974706053734,
146,4.871538,5,left_knee,0.1185908168554306,0.23715685307979584,0.003007102757692337,
146,4.871538,6,left_ankle,0.1581052541732788,0.45138227939605713,0.0970664769411087,
146,4.871538,7,spine,-0.012895496562123299,-0.1344025731086731,-0.06175970286130905,
146,4.871538,8,thorax,-0.026204371824860573,-0.2693829834461212,-0.12398214638233185,
146,4.871538,9,neck,-0.02983950637280941,-0.3001697361469269,-0.1620994210243225,
146,4.871538,10,head,-0.03347555547952652,-0.33096545934677124,-0.20026357471942902,
146,4.871538,11,left_shoulder,0.057854652404785156,-0.2608320116996765,-0.16800786554813385,
146,4.871538,12,left_elbow,-0.049261175096035004,-0.15553194284439087,-0.2148706316947937,
146,4.871538,13,left_wrist,-0.19618529081344604,-0.11982642114162445,-0.24570238590240479,
146,4.871538,14,right_shoulder,-0.1103183776140213,-0.27811068296432495,-0.07979707419872284,
146,4.871538,15,right_elbow,-0.16919022798538208,-0.13203877210617065,-0.021119680255651474,
146,4.871538,16,right_wrist,-0.2490639090538025,-0.1084941029548645,-0.1436631828546524,
147,4.904905,0,hip_center,0.0004435726150404662,0.0005311199347488582,0.0005736931343562901,
147,4.904905,1,right_hip,-0.06129312142729759,0.0006358877872116864,0.037369903177022934,
147,4.904905,2,right_knee,-0.12199295312166214,0.24541598558425903,0.019555892795324326,
147,4.904905,3,right_ankle,-0.15615907311439514,0.47169116139411926,0.09705941379070282,
147,4.904905,4,left_hip,0.06218159571290016,0.000426392478402704,-0.03621925413608551,
147,4.904905,5,left_knee,0.1186511218547821,0.23708575963974,0.0031592026352882385,
147,4.904905,6,left_ankle,0.15833650529384613,0.45116496086120605,0.09747912734746933,
147,4.904905,7,spine,-0.012843270786106586,-0.13464607298374176,-0.06120140105485916,
147,4.904905,8,thorax,-0.026122983545064926,-0.26987290382385254,-0.12289272248744965,
147,4.904905,9,neck,-0.029795967042446136,-0.30074936151504517,-0.1609337478876114,
147,4.904905,10,head,-0.03346844017505646,-0.3316058814525604,-0.19904527068138123,
147,4.904905,11,left_shoulder,0.057203684002161026,-0.26083624362945557,-0.16819512844085693,
147,4.904905,12,left_elbow,-0.05351880565285683,-0.15870648622512817,-0.21367108821868896,
147,4.904905,13,left_wrist,-0.20114535093307495,-0.12480176985263824,-0.2431507408618927,
147,4.904905,14,right_shoulder,-0.10951113700866699,-0.2792527377605438,-0.0774824321269989,
147,4.904905,15,right_elbow,-0.17102830111980438,-0.1341039389371872,-0.019229546189308167,
147,4.904905,16,right_wrist,-0.2534535527229309,-0.11648928374052048,-0.14107725024223328,
148,4.938272,0,hip_center,0.00046711068716831505,0.0005359526840038598,0.0006081941537559032,
148,4.938272,1,right_hip,-0.06115216389298439,0.0006271738093346357,0.03760074824094772,
148,4.938272,2,right_knee,-0.12197845429182053,0.2453787922859192,0.01982673816382885,
148,4.938272,3,right_ankle,-0.1560077667236328,0.4716021418571472,0.0975414514541626,
148,4.938272,4,left_hip,0.06208786368370056,0.0004447615647222847,-0.03638085350394249,
148,4.938272,5,left_knee,0.1186865046620369,0.2370271384716034,0.003273904323577881,
148,4.938272,6,left_ankle,0.15853999555110931,0.4509730637073517,0.0978250578045845,
148,4.938272,7,spine,-0.012825206853449345,-0.13485752046108246,-0.0606902614235878,
148,4.938272,8,thorax,-0.026111871004104614,-0.27030059695243835,-0.12190382182598114,
148,4.938272,9,neck,-0.029864434152841568,-0.30121541023254395,-0.15990591049194336,
148,4.938272,10,head,-0.03361678868532181,-0.3321079909801483,-0.19798040390014648,
148,4.938272,11,left_shoulder,0.05643691122531891,-0.2606312334537506,-0.1684817671775818,
148,4.938272,12,left_elbow,-0.0576087161898613,-0.1616171896457672,-0.21261607110500336,
148,4.938272,13,left_wrist,-0.205857515335083,-0.12977644801139832,-0.24126280844211578,
148,4.938272,14,right_shoulder,-0.10871060937643051,-0.28033724427223206,-0.0752093493938446,
148,4.938272,15,right_elbow,-0.1733187884092331,-0.1362989991903305,-0.017549138516187668,
148,4.938272,16,right_wrist,-0.2581784129142761,-0.12401318550109863,-0.13837532699108124,
149,4.971638,0,hip_center,0.000491259794216603,0.0005430070450529456,0.0006471798988059163,
149,4.971638,1,right_hip,-0.0609980970621109,0.0006213286542333663,0.03785530850291252,
149,4.971638,2,right_knee,-0.12199202924966812,0.24533021450042725,0.020067311823368073,
149,4.971638,3,right_ankle,-0.15587392449378967,0.4715202748775482,0.09794314950704575,
149,4.971638,4,left_hip,0.06198231875896454,0.00046470906818285584,-0.03655710816383362,
149,4.971638,5,left_knee,0.1187014952301979,0.23697364330291748,0.0033626481890678406,
149,4.971638,6,left_ankle,0.15872380137443542,0.4507941007614136,0.09812607616186142,
149,4.971638,7,spine,-0.012844973243772984,-0.13504239916801453,-0.060215942561626434,
149,4.971638,8,thorax,-0.02617698535323143,-0.2706766128540039,-0.12099496275186539,
149,4.971638,9,neck,-0.030056770890951157,-0.3015584349632263,-0.1590110957622528,
149,4.971638,10,head,-0.03393731266260147,-0.33243101835250854,-0.19708897173404694,
149,4.971638,11,left_shoulder,0.05556782707571983,-0.26033949851989746,-0.16883045434951782,
149,4.971638,12,left_elbow,-0.061402153223752975,-0.16435778141021729,-0.21199946105480194,
149,4.971638,13,left_wrist,-0.210190087556839,-0.1349576860666275,-0.24045930802822113,
149,4.971638,14,right_shoulder,-0.10795152187347412,-0.2813182473182678,-0.07300183176994324,
149,4.971638,15,right_elbow,-0.1762872338294983,-0.13872380554676056,-0.016054581850767136,
149,4.971638,16,right_wrist,-0.26326271891593933,-0.13138164579868317,-0.1357726901769638,
150,5.005005,0,hip_center,0.0005163737223483622,0.0005528731853701174,0.0006887707277201116,
150,5.005005,1,right_hip,-0.06083087995648384,0.0006211775471456349,0.038130756467580795,
150,5.005005,2,right_knee,-0.12202689051628113,0.2452738732099533,0.02026415430009365,
150,5.005005,3,right_ankle,-0.15574911236763,0.47144615650177,0.09826075285673141,
150,5.005005,4,left_hip,0.06186559051275253,0.00048458887613378465,-0.036748964339494705,
150,5.005005,5,left_knee,0.11870405077934265,0.23692317306995392,0.0034170858561992645,
150,5.005005,6,left_ankle,0.15890111029148102,0.4506251811981201,0.09837353229522705,
150,5.005005,7,spine,-0.012902217917144299,-0.13521115481853485,-0.059756651520729065,
150,5.005005,8,thorax,-0.02631782367825508,-0.27102285623550415,-0.12011945992708206,
150,5.005005,9,neck,-0.030379246920347214,-0.30176842212677,-0.15822695195674896,
150,5.005005,10,head,-0.03444498032331467,-0.3325275182723999,-0.19637726247310638,
150,5.005005,11,left_shoulder,0.05463457480072975,-0.26007595658302307,-0.16915187239646912,
150,5.005005,12,left_elbow,-0.06468260288238525,-0.16691738367080688,-0.21208104491233826,
150,5.005005,13,left_wrist,-0.2139378935098648,-0.14042538404464722,-0.24094641208648682,
150,5.005005,14,right_shoulder,-0.10727696120738983,-0.2821498513221741,-0.07087042927742004,
150,5.005005,15,right_elbow,-0.17998100817203522,-0.1414116770029068,-0.014720458537340164,
150,5.005005,16,right_wrist,-0.26855045557022095,-0.138865664601326,-0.1334640383720398,
151,5.038372,0,hip_center,0.0005414810148067772,0.0005660367314703763,0.0007309219799935818,
151,5.038372,1,right_hip,-0.06065312772989273,0.0006288675940595567,0.0384218692779541,
151,5.038372,2,right_knee,-0.12208294868469238,0.24521328508853912,0.02042304538190365,
151,5.038372,3,right_ankle,-0.1556299477815628,0.4713793992996216,0.09851309657096863,
151,5.038372,4,left_hip,0.061738353222608566,0.0005032229819335043,-0.0369553305208683,
151,5.038372,5,left_knee,0.118697389960289,0.23687365651130676,0.003440350294113159,
151,5.038372,6,left_ankle,0.1590651422739029,0.45046645402908325,0.09856999665498734,
151,5.038372,7,spine,-0.013001805171370506,-0.1353730857372284,-0.05929170176386833,
151,5.038372,8,thorax,-0.026542987674474716,-0.2713589370250702,-0.11923295259475708,
151,5.038372,9,neck,-0.03083650767803192,-0.3018539547920227,-0.15751591324806213,
151,5.038372,10,head,-0.03513813391327858,-0.3323884606361389,-0.19582048058509827,
151,5.038372,11,left_shoulder,0.05366820469498634,-0.25995272397994995,-0.16936643421649933,
151,5.038372,12,left_elbow,-0.06731083989143372,-0.16932058334350586,-0.21304604411125183,
151,5.038372,13,left_wrist,-0.21695555746555328,-0.14643381536006927,-0.24295976758003235,
151,5.038372,14,right_shoulder,-0.10674189031124115,-0.2827996611595154,-0.06882555782794952,
151,5.038372,15,right_elbow,-0.18444401025772095,-0.14442402124404907,-0.01350385695695877,
151,5.038372,16,right_wrist,-0.2738793194293976,-0.14700312912464142,-0.1315959393978119,
152,5.071738,0,hip_center,0.000565406633540988,0.0005808236310258508,0.0007726176409050822,
152,5.071738,1,right_hip,-0.060469094663858414,0.0006433637463487685,0.038722287863492966,
152,5.071738,2,right_knee,-0.12215515971183777,0.2451503723859787,0.020549431443214417,
152,5.071738,3,right_ankle,-0.15550927817821503,0.47132039070129395,0.09871076792478561,
152,5.071738,4,left_hip,0.06160246580839157,0.0005182973109185696,-0.037171922624111176,
152,5.071738,5,left_knee,0.11869068443775177,0.23681983351707458,0.0034439489245414734,
152,5.071738,6,left_ankle,0.15922404825687408,0.4503094553947449,0.09873462468385696,
152,5.071738,7,spine,-0.013158509507775307,-0.13553768396377563,-0.058800745755434036,
152,5.071738,8,thorax,-0.026881657540798187,-0.2717024087905884,-0.118292897939682,
152,5.071738,9,neck,-0.03143855184316635,-0.30182477831840515,-0.1568395495414734,
152,5.071738,10,head,-0.03600773587822914,-0.33201441168785095,-0.19538573920726776,
152,5.071738,11,left_shoulder,0.0526750311255455,-0.2600266635417938,-0.16939783096313477,
152,5.071738,12,left_elbow,-0.06938574463129044,-0.1717063933610916,-0.21477095782756805,
152,5.071738,13,left_wrist,-0.2192860245704651,-0.15316851437091827,-0.2463688850402832,
152,5.071738,14,right_shoulder,-0.10641340911388397,-0.2832612991333008,-0.06686574220657349,
152,5.071738,15,right_elbow,-0.1895180642604828,-0.147769957780838,-0.012261293828487396,
152,5.071738,16,right_wrist,-0.27862969040870667,-0.155769482254982,-0.13035529851913452,
153,5.105105,0,hip_center,0.0005885203136131167,0.0005974093801341951,0.0008165079052560031,
153,5.105105,1,right_hip,-0.06027757748961449,0.0006681067170575261,0.03903568536043167,
153,5.105105,2,right_knee,-0.12224484980106354,0.2450864464044571,0.020628171041607857,
153,5.105105,3,right_ankle,-0.15539345145225525,0.4712626039981842,0.09885916858911514,
153,5.105105,4,left_hip,0.06145751103758812,0.0005267229280434549,-0.03739706054329872,
153,5.105105,5,left_knee,0.118684783577919,0.2367599904537201,0.003419652581214905,
153,5.105105,6,left_ankle,0.15937763452529907,0.450151264667511,0.09886250644922256,
153,5.105105,7,spine,-0.013397480361163616,-0.1357121765613556,-0.05825691297650337,
153,5.105105,8,thorax,-0.027384992688894272,-0.27206817269325256,-0.11724723875522614,
153,5.105105,9,neck,-0.03221910819411278,-0.30167680978775024,-0.15615643560886383,
153,5.105105,10,head,-0.037070199847221375,-0.33138707280158997,-0.19503915309906006,
153,5.105105,11,left_shoulder,0.05162309482693672,-0.26032501459121704,-0.16918107867240906,
153,5.105105,12,left_elbow,-0.07086257636547089,-0.1739596724510193,-0.21710094809532166,
153,5.105105,13,left_wrist,-0.22080497443675995,-0.1608644276857376,-0.2511298656463623,
153,5.105105,14,right_shoulder,-0.1063586175441742,-0.28352299332618713,-0.06494416296482086,
153,5.105105,15,right_elbow,-0.19513344764709473,-0.1514860838651657,-0.010803475975990295,
153,5.105105,16,right_wrist,-0.28253746032714844,-0.1653757095336914,-0.12962552905082703,
154,5.138472,0,hip_center,0.0006112753762863576,0.0006165069644339383,0.0008619101135991514,
154,5.138472,1,right_hip,-0.06008361652493477,0.0007060196367092431,0.039352353662252426,
154,5.138472,2,right_knee,-0.12234991788864136,0.2450270652770996,0.0206645205616951,
154,5.138472,3,right_ankle,-0.1552881896495819,0.4712124466896057,0.09895771741867065,
154,5.138472,4,left_hip,0.06130938231945038,0.0005270079127512872,-0.03762245550751686,
154,5.138472,5,left_knee,0.11868218332529068,0.23669564723968506,0.0033635832369327545,
154,5.138472,6,left_ankle,0.15952099859714508,0.44999656081199646,0.0989459902048111,
154,5.138472,7,spine,-0.01372060552239418,-0.13589929044246674,-0.057649705559015274,
154,5.138472,8,thorax,-0.028057854622602463,-0.2724625766277313,-0.11607381701469421,
154,5.138472,9,neck,-0.0331667922437191,-0.3014353811740875,-0.1554240584373474,
154,5.138472,10,head,-0.03829757496714592,-0.33055126667022705,-0.19471833109855652,
154,5.138472,11,left_shoulder,0.05053896829485893,-0.26085296273231506,-0.16865764558315277,
154,5.138472,12,left_elbow,-0.07166789472103119,-0.17604747414588928,-0.21995611488819122,
154,5.138472,13,left_wrist,-0.22139322757720947,-0.16955557465553284,-0.25673046708106995,
154,5.138472,14,right_shoulder,-0.10661226511001587,-0.28360170125961304,-0.06307587027549744,
154,5.138472,15,right_elbow,-0.2012401521205902,-0.15549445152282715,-0.009409938007593155,
154,5.138472,16,right_wrist,-0.2858332693576813,-0.17611075937747955,-0.1292850375175476,
155,5.171839,0,hip_center,0.0006345900474116206,0.0006383660365827382,0.0009090807288885117,
155,5.171839,1,right_hip,-0.059891972690820694,0.0007581913378089666,0.039663612842559814,
155,5.171839,2,right_knee,-0.12247148156166077,0.24497473239898682,0.020658761262893677,
155,5.171839,3,right_ankle,-0.15520451962947845,0.47117000818252563,0.09900941699743271,
155,5.171839,4,left_hip,0.06116468086838722,0.0005185716436244547,-0.03783893585205078,
155,5.171839,5,left_knee,0.11867771297693253,0.2366296350955963,0.0032822079956531525,
155,5.171839,6,left_ankle,0.15963947772979736,0.44984832406044006,0.09899537265300751,
155,5.171839,7,spine,-0.014126814901828766,-0.13609859347343445,-0.05697600543498993,
155,5.171839,8,thorax,-0.028899619355797768,-0.27288487553596497,-0.11476657539606094,
155,5.171839,9,neck,-0.034265242516994476,-0.3011191785335541,-0.15461629629135132,
155,5.171839,10,head,-0.03965739160776138,-0.3295394778251648,-0.194381982088089,
155,5.171839,11,left_shoulder,0.04943304508924484,-0.2616153657436371,-0.16781648993492126,
155,5.171839,12,left_elbow,-0.07186450809240341,-0.1780601441860199,-0.22316499054431915,
155,5.171839,13,left_wrist,-0.2210591435432434,-0.17870362102985382,-0.2625695466995239,
155,5.171839,14,right_shoulder,-0.10718470066785812,-0.28352999687194824,-0.06127092242240906,
155,5.171839,15,right_elbow,-0.2076067477464676,-0.1594250202178955,-0.008741877973079681,
155,5.171839,16,right_wrist,-0.28867560625076294,-0.18809892237186432,-0.1293931007385254,
156,5.205205,0,hip_center,0.0006639093044213951,0.0006729149026796222,0.0009685656987130642,
156,5.205205,1,right_hip,-0.05984074994921684,0.0007780790911056101,0.039757322520017624,
156,5.205205,2,right_knee,-0.12254524230957031,0.24494625627994537,0.020543783903121948,
156,5.205205,3,right_ankle,-0.15509910881519318,0.4710564613342285,0.09921396523714066,
156,5.205205,4,left_hip,0.06117194518446922,0.0005677705630660057,-0.037813927978277206,
156,5.205205,5,left_knee,0.1187451109290123,0.2365603744983673,0.0038987621665000916,
156,5.205205,6,left_ankle,0.15986713767051697,0.4496650993824005,0.0997968390583992,
156,5.205205,7,spine,-0.014558347873389721,-0.13625852763652802,-0.0563344731926918,
156,5.205205,8,thorax,-0.029799271374940872,-0.27323979139328003,-0.11353860050439835,
156,5.205205,9,neck,-0.03537600859999657,-0.30076879262924194,-0.15385013818740845,
156,5.205205,10,head,-0.040983036160469055,-0.32850396633148193,-0.19406729936599731,
156,5.205205,11,left_shoulder,0.048407409340143204,-0.2625781297683716,-0.16689914464950562,
156,5.205205,12,left_elbow,-0.07201072573661804,-0.1805075705051422,-0.2262449562549591,
156,5.205205,13,left_wrist,-0.2205418050289154,-0.18771637976169586,-0.26746058464050293,
156,5.205205,14,right_shoulder,-0.1079656332731247,-0.2832413613796234,-0.05974595993757248,
156,5.205205,15,right_elbow,-0.2141346037387848,-0.16363942623138428,-0.008079104125499725,
156,5.205205,16,right_wrist,-0.2909241318702698,-0.20270408689975739,-0.12861287593841553,
157,5.238572,0,hip_center,0.000693128036800772,0.0007104714750312269,0.0010332841193303466,
157,5.238572,1,right_hip,-0.059797096997499466,0.0008215944981202483,0.03984452411532402,
157,5.238572,2,right_knee,-0.12265290319919586,0.244925394654274,0.02031039074063301,
157,5.238572,3,right_ankle,-0.15506553649902344,0.4709692597389221,0.0992291271686554,
157,5.238572,4,left_hip,0.0611865259706974,0.0005993663799017668,-0.03777201846241951,
157,5.238572,5,left_knee,0.118777334690094,0.23651942610740662,0.004324924200773239,
157,5.238572,6,left_ankle,0.1599881798028946,0.449527770280838,0.10039880871772766,
157,5.238572,7,spine,-0.015133767388761044,-0.13638721406459808,-0.0557057224214077,
157,5.238572,8,thorax,-0.030991271138191223,-0.2735339403152466,-0.11234300583600998,
157,5.238572,9,neck,-0.03663654625415802,-0.30029940605163574,-0.1531560719013214,
157,5.238572,10,head,-0.04231272265315056,-0.32725366950035095,-0.19389118254184723,
157,5.238572,11,left_shoulder,0.047278665006160736,-0.2637314200401306,-0.16577549278736115,
157,5.238572,12,left_elbow,-0.07239244878292084,-0.18338316679000854,-0.2288707047700882,
157,5.238572,13,left_wrist,-0.2201979011297226,-0.1957891881465912,-0.2714361250400543,
157,5.238572,14,right_shoulder,-0.10924497991800308,-0.2828129827976227,-0.058547891676425934,
157,5.238572,15,right_elbow,-0.22113719582557678,-0.16738347709178925,-0.009536676108837128,
157,5.238572,16,right_wrist,-0.292389452457428,-0.21681952476501465,-0.12966269254684448,
158,5.271939,0,hip_center,0.0007205852307379246,0.0007498361519537866,0.0011093956418335438,
158,5.271939,1,right_hip,-0.05976187810301781,0.0008954405784606934,0.03993261978030205,
158,5.271939,2,right_knee,-0.122786745429039,0.2449183166027069,0.019937442615628242,
158,5.271939,3,right_ankle,-0.15510804951190948,0.47089681029319763,0.09908053278923035,
158,5.271939,4,left_hip,0.061205990612506866,0.000604274042416364,-0.03770824894309044,
158,5.271939,5,left_knee,0.11877317726612091,0.23649542033672333,0.004582535475492477,
158,5.271939,6,left_ankle,0.16000226140022278,0.44941431283950806,0.10084667801856995,
158,5.271939,7,spine,-0.015929467976093292,-0.13649888336658478,-0.0550256073474884,
158,5.271939,8,thorax,-0.032631393522024155,-0.27379512786865234,-0.1110546886920929,
158,5.271939,9,neck,-0.03812580183148384,-0.2997618615627289,-0.15240086615085602,
158,5.271939,10,head,-0.04364835098385811,-0.32586559653282166,-0.19370698928833008,
158,5.271939,11,left_shoulder,0.045958902686834335,-0.26513347029685974,-0.1642133593559265,
158,5.271939,12,left_elbow,-0.07258722186088562,-0.18643873929977417,-0.23138463497161865,
158,5.271939,13,left_wrist,-0.2195466011762619,-0.20334523916244507,-0.2753082513809204,
158,5.271939,14,right_shoulder,-0.11124683916568756,-0.28220492601394653,-0.05764545872807503,
158,5.271939,15,right_elbow,-0.23023584485054016,-0.17209991812705994,-0.013323452323675156,
158,5.271939,16,right_wrist,-0.29410359263420105,-0.23030579090118408,-0.13367316126823425,
159,5.305305,0,hip_center,0.0007461543427780271,0.0007909925770945847,0.0011963529977947474,
159,5.305305,1,right_hip,-0.0597301684319973,0.0009996577864512801,0.04002885892987251,
159,5.305305,2,right_knee,-0.1229364275932312,0.24492375552654266,0.019410690292716026,
159,5.305305,3,right_ankle,-0.15521815419197083,0.470814049243927,0.09882134199142456,
159,5.305305,4,left_hip,0.061225175857543945,0.0005824633990414441,-0.037630949169397354,
159,5.305305,5,left_knee,0.11873060464859009,0.23648586869239807,0.004675358533859253,
159,5.305305,6,left_ankle,0.15993627905845642,0.44931265711784363,0.10115297883749008,
159,5.305305,7,spine,-0.016937408596277237,-0.1365949511528015,-0.05428307130932808,
159,5.305305,8,thorax,-0.03470616787672043,-0.27402567863464355,-0.1096503883600235,
159,5.305305,9,neck,-0.039874158799648285,-0.29916203022003174,-0.15154814720153809,
159,5.305305,10,head,-0.045063700526952744,-0.3243362009525299,-0.1934698522090912,
159,5.305305,11,left_shoulder,0.044411540031433105,-0.2667757570743561,-0.16223490238189697,
159,5.305305,12,left_elbow,-0.07213045656681061,-0.1893012821674347,-0.234163299202919,
159,5.305305,13,left_wrist,-0.21803566813468933,-0.21040287613868713,-0.2797546088695526,
159,5.305305,14,right_shoulder,-0.11392099410295486,-0.2814716696739197,-0.056988947093486786,
159,5.305305,15,right_elbow,-0.24204975366592407,-0.17940980195999146,-0.0194079652428627,
159,5.305305,16,right_wrist,-0.2966238856315613,-0.24303066730499268,-0.14157634973526,
160,5.338672,0,hip_center,0.0007694458472542465,0.0008342152577824891,0.0012820626143366098,
160,5.338672,1,right_hip,-0.05970843881368637,0.0011303441133350134,0.04011156037449837,
160,5.338672,2,right_knee,-0.12309052795171738,0.244948610663414,0.01879328489303589,
160,5.338672,3,right_ankle,-0.15537388622760773,0.4707156717777252,0.0985528826713562,
160,5.338672,4,left_hip,0.06124971807003021,0.0005384226096794009,-0.037542734295129776,
160,5.338672,5,left_knee,0.11865364015102386,0.2364846020936966,0.004662882536649704,
160,5.338672,6,left_ankle,0.1598072648048401,0.4492112696170807,0.1013832539319992,
160,5.338672,7,spine,-0.018091874197125435,-0.13667559623718262,-0.05349823087453842,
160,5.338672,8,thorax,-0.0370822548866272,-0.27422580122947693,-0.10815878212451935,
160,5.338672,9,neck,-0.04181106016039848,-0.29861658811569214,-0.15054620802402496,
160,5.338672,10,head,-0.0465456061065197,-0.32287466526031494,-0.19305771589279175,
160,5.338672,11,left_shoulder,0.042695052921772,-0.2686285972595215,-0.15994250774383545,
160,5.338672,12,left_elbow,-0.07089539617300034,-0.19190946221351624,-0.23720446228981018,
160,5.338672,13,left_wrist,-0.21549010276794434,-0.21717384457588196,-0.2848097085952759,
160,5.338672,14,right_shoulder,-0.11708308011293411,-0.2807352542877197,-0.05657241493463516,
160,5.338672,15,right_elbow,-0.255038857460022,-0.18924996256828308,-0.027510812506079674,
160,5.338672,16,right_wrist,-0.29913368821144104,-0.254980206489563,-0.15275555849075317,
161,5.372039,0,hip_center,0.0007897964678704739,0.0008772900910116732,0.0013547446578741074,
161,5.372039,1,right_hip,-0.05970120057463646,0.0012746136635541916,0.040162913501262665,
161,5.372039,2,right_knee,-0.12324044108390808,0.24499164521694183,0.018165703862905502,
161,5.372039,3,right_ankle,-0.1555592119693756,0.4706098437309265,0.09833106398582458,
161,5.372039,4,left_hip,0.061282768845558167,0.000480559712741524,-0.037449344992637634,
161,5.372039,5,left_knee,0.11853992938995361,0.23649248480796814,0.004587624222040176,
161,5.372039,6,left_ankle,0.159617081284523,0.44911009073257446,0.10157988965511322,
161,5.372039,7,spine,-0.019286667928099632,-0.13673953711986542,-0.052720412611961365,
161,5.372039,8,thorax,-0.039539337158203125,-0.2743907570838928,-0.1066688746213913,
161,5.372039,9,neck,-0.04385429620742798,-0.2981579601764679,-0.1494528353214264,
161,5.372039,10,head,-0.04814259707927704,-0.3215392529964447,-0.19249960780143738,
161,5.372039,11,left_shoulder,0.04092375189065933,-0.27060386538505554,-0.15754768252372742,
161,5.372039,12,left_elbow,-0.0692717432975769,-0.1945245862007141,-0.2401728630065918,
161,5.372039,13,left_wrist,-0.21239985525608063,-0.22362175583839417,-0.28997117280960083,
161,5.372039,14,right_shoulder,-0.12041470408439636,-0.2800986170768738,-0.056367240846157074,
161,5.372039,15,right_elbow,-0.26710885763168335,-0.2002626210451126,-0.03757978603243828,
161,5.372039,16,right_wrist,-0.30060750246047974,-0.2658921480178833,-0.16611644625663757,
162,5.405405,0,hip_center,0.0008036683429963887,0.0009172880672849715,0.0013976108748465776,
162,5.405405,1,right_hip,-0.05972268059849739,0.0014067674055695534,0.040149569511413574,
162,5.405405,2,right_knee,-0.12336353957653046,0.24504831433296204,0.017616430297493935,
162,5.405405,3,right_ankle,-0.15574221312999725,0.4705013632774353,0.0982210710644722,
162,5.405405,4,left_hip,0.061331503093242645,0.00042862375266849995,-0.03735102713108063,
162,5.405405,5,left_knee,0.11837787926197052,0.2365189492702484,0.004532042890787125,
162,5.405405,6,left_ankle,0.15939785540103912,0.4490170478820801,0.10180999338626862,
162,5.405405,7,spine,-0.02033854089677334,-0.1368415206670761,-0.0519043430685997,
162,5.405405,8,thorax,-0.04169142618775368,-0.27463090419769287,-0.10507021844387054,
162,5.405405,9,neck,-0.04570159316062927,-0.29791784286499023,-0.14814692735671997,
162,5.405405,10,head,-0.04963783547282219,-0.3205319046974182,-0.19163495302200317,
162,5.405405,11,left_shoulder,0.03937361016869545,-0.27262812852859497,-0.15508772432804108,
162,5.405405,12,left_elbow,-0.067599818110466,-0.19741138815879822,-0.24259288609027863,
162,5.405405,13,left_wrist,-0.209329754114151,-0.22967734932899475,-0.29439741373062134,
162,5.405405,14,right_shoulder,-0.12338392436504364,-0.2796686291694641,-0.05603332817554474,
162,5.405405,15,right_elbow,-0.2766106128692627,-0.2109479010105133,-0.04932603985071182,
162,5.405405,16,right_wrist,-0.3006962835788727,-0.27534130215644836,-0.1805679202079773,
163,5.438772,0,hip_center,0.0008064215653575957,0.0009510663221590221,0.0013999241637066007,
163,5.438772,1,right_hip,-0.05977974459528923,0.0015111112734302878,0.04005733132362366,
163,5.438772,2,right_knee,-0.12344647943973541,0.24511849880218506,0.01722976565361023,
163,5.438772,3,right_ankle,-0.15589295327663422,0.4703772962093353,0.09834863245487213,
163,5.438772,4,left_hip,0.0613936111330986,0.0003919608425348997,-0.03725489601492882,
163,5.438772,5,left_knee,0.1181640475988388,0.2365582287311554,0.004574954509735107,
163,5.438772,6,left_ankle,0.15919138491153717,0.44891297817230225,0.10216230899095535,
163,5.438772,7,spine,-0.02116396091878414,-0.13701042532920837,-0.05103585124015808,
163,5.438772,8,thorax,-0.04335881024599075,-0.2750031352043152,-0.10332222282886505,
163,5.438772,9,neck,-0.04695187881588936,-0.2981269359588623,-0.14652344584465027,
163,5.438772,10,head,-0.05041607841849327,-0.3203238248825073,-0.19026583433151245,
163,5.438772,11,left_shoulder,0.038187481462955475,-0.27459806203842163,-0.15259027481079102,
163,5.438772,12,left_elbow,-0.06598380208015442,-0.20042559504508972,-0.2442680299282074,
163,5.438772,13,left_wrist,-0.2065289169549942,-0.23507921397686005,-0.29773178696632385,
163,5.438772,14,right_shoulder,-0.12573841214179993,-0.2794943153858185,-0.0553942546248436,
163,5.438772,15,right_elbow,-0.28323936462402344,-0.22118957340717316,-0.06171375513076782,
163,5.438772,16,right_wrist,-0.2997433543205261,-0.284074991941452,-0.19484567642211914,
164,5.472139,0,hip_center,0.0007941699004732072,0.0009800547268241644,0.0013555067125707865,
164,5.472139,1,right_hip,-0.05988138169050217,0.001580311101861298,0.03987186402082443,
164,5.472139,2,right_knee,-0.12348626554012299,0.2451999932527542,0.017003176733851433,
164,5.472139,3,right_ankle,-0.15598629415035248,0.4702167212963104,0.09876987338066101,
164,5.472139,4,left_hip,0.06147042661905289,0.00038073811447247863,-0.03715874254703522,
164,5.472139,5,left_knee,0.11790229380130768,0.23661231994628906,0.00476030632853508,
164,5.472139,6,left_ankle,0.15902891755104065,0.44879627227783203,0.10267683863639832,
164,5.472139,7,spine,-0.021748853847384453,-0.13725456595420837,-0.05010886490345001,
164,5.472139,8,thorax,-0.044510163366794586,-0.27552616596221924,-0.1014055609703064,
164,5.472139,9,neck,-0.04707097262144089,-0.2991219162940979,-0.14442473649978638,
164,5.472139,10,head,-0.049445755779743195,-0.32158443331718445,-0.18810419738292694,
164,5.472139,11,left_shoulder,0.03741136193275452,-0.27652454376220703,-0.15003857016563416,
164,5.472139,12,left_elbow,-0.06448361277580261,-0.20363609492778778,-0.2452368438243866,
164,5.472139,13,left_wrist,-0.20399734377861023,-0.24023717641830444,-0.30008620023727417,
164,5.472139,14,right_shoulder,-0.12745830416679382,-0.2796110212802887,-0.05443132668733597,
164,5.472139,15,right_elbow,-0.28743594884872437,-0.23169520497322083,-0.07333019375801086,
164,5.472139,16,right_wrist,-0.2979269027709961,-0.292970210313797,-0.20781581103801727,
165,5.505506,0,hip_center,0.0007747542695142329,0.0010029643308371305,0.0012757277581840754,
165,5.505506,1,right_hip,-0.060009803622961044,0.0016117471968755126,0.03961968794465065,
165,5.505506,2,right_knee,-0.12349040806293488,0.24528181552886963,0.01694311760365963,
165,5.505506,3,right_ankle,-0.1560286283493042,0.4700270891189575,0.09943798929452896,
165,5.505506,4,left_hip,0.06155989691615105,0.0003950083046220243,-0.03706630691885948,
165,5.505506,5,left_knee,0.11759009212255478,0.23668397963047028,0.005067605525255203,
165,5.505506,6,left_ankle,0.15890860557556152,0.4486740231513977,0.10332278907299042,
165,5.505506,7,spine,-0.02209838107228279,-0.13756397366523743,-0.049138572067022324,
165,5.505506,8,thorax,-0.04516877979040146,-0.27617761492729187,-0.09936289489269257,
165,5.505506,9,neck,-0.046566642820835114,-0.3005300760269165,-0.14201226830482483,
165,5.505506,10,head,-0.047726821154356,-0.32354268431663513,-0.185453861951828,
165,5.505506,11,left_shoulder,0.037035293877124786,-0.278410404920578,-0.14747534692287445,
165,5.505506,12,left_elbow,-0.06306952983140945,-0.20709961652755737,-0.24571901559829712,
165,5.505506,13,left_wrist,-0.2016180157661438,-0.2455436885356903,-0.30174171924591064,
165,5.505506,14,right_shoulder,-0.12857630848884583,-0.27995291352272034,-0.0531829297542572,
165,5.505506,15,right_elbow,-0.28948020935058594,-0.24222171306610107,-0.08371533453464508,
165,5.505506,16,right_wrist,-0.2953692674636841,-0.3022920489311218,-0.21902216970920563,
166,5.538872,0,hip_center,0.0007522322121076286,0.0010171520989388227,0.0011751899728551507,
166,5.538872,1,right_hip,-0.060142580419778824,0.0016074295854195952,0.03934410586953163,
166,5.538872,2,right_knee,-0.12347441911697388,0.24534872174263,0.017019905149936676,
166,5.538872,3,right_ankle,-0.15604020655155182,0.4698162376880646,0.10025680810213089,
166,5.538872,4,left_hip,0.06164722144603729,0.0004275236860848963,-0.03699243441224098,
166,5.538872,5,left_knee,0.11722452193498611,0.2367686927318573,0.005447477102279663,
166,5.538872,6,left_ankle,0.1588229537010193,0.44854867458343506,0.10403698682785034,
166,5.538872,7,spine,-0.022236447781324387,-0.13793271780014038,-0.04812018573284149,
166,5.538872,8,thorax,-0.04539308696985245,-0.2769416570663452,-0.09719923138618469,
166,5.538872,9,neck,-0.04595328867435455,-0.302007794380188,-0.13945253193378448,
166,5.538872,10,head,-0.046210892498493195,-0.3255844712257385,-0.18260544538497925,
166,5.538872,11,left_shoulder,0.0369965136051178,-0.28022050857543945,-0.14493294060230255,
166,5.538872,12,left_elbow,-0.061520352959632874,-0.2105671614408493,-0.24593226611614227,
166,5.538872,13,left_wrist,-0.1990768164396286,-0.25099682807922363,-0.3029922544956207,
166,5.538872,14,right_shoulder,-0.12913107872009277,-0.2804325222969055,-0.05159856006503105,
166,5.538872,15,right_elbow,-0.2895534634590149,-0.2521562874317169,-0.09296323359012604,
166,5.538872,16,right_wrist,-0.29229843616485596,-0.3118816316127777,-0.2285228669643402,
167,5.572239,0,hip_center,0.0007268607150763273,0.0010236914968118072,0.0010588206350803375,
167,5.572239,1,right_hip,-0.060273271054029465,0.0015723499236628413,0.03905981406569481,
167,5.572239,2,right_knee,-0.12344442307949066,0.2453981190919876,0.017207812517881393,
167,5.572239,3,right_ankle,-0.15602758526802063,0.4695965647697449,0.10115998983383179,
167,5.572239,4,left_hip,0.0617266520857811,0.0004754980909638107,-0.036941710859537125,
167,5.572239,5,left_knee,0.11680842936038971,0.2368658483028412,0.0058685652911663055,
167,5.572239,6,left_ankle,0.15877225995063782,0.44842612743377686,0.10477444529533386,
167,5.572239,7,spine,-0.022210994735360146,-0.13834239542484283,-0.04707144945859909,
167,5.572239,8,thorax,-0.045285843312740326,-0.2777807116508484,-0.09495644271373749,
167,5.572239,9,neck,-0.04540330916643143,-0.3034583330154419,-0.13684453070163727,
167,5.572239,10,head,-0.04514699801802635,-0.3275417387485504,-0.17971670627593994,
167,5.572239,11,left_shoulder,0.0372166708111763,-0.2819518446922302,-0.14242473244667053,
167,5.572239,12,left_elbow,-0.05975745618343353,-0.21397070586681366,-0.246023029088974,
167,5.572239,13,left_wrist,-0.1962287276983261,-0.25669822096824646,-0.3040068745613098,
167,5.572239,14,right_shoulder,-0.12925198674201965,-0.2809905707836151,-0.04975641518831253,
167,5.572239,15,right_elbow,-0.2878715991973877,-0.261334091424942,-0.10171189904212952,
167,5.572239,16,right_wrist,-0.2888610064983368,-0.3221173584461212,-0.23682475090026855,
168,5.605606,0,hip_center,0.0006985080544836819,0.0010249573970213532,0.0009309463785029948,
168,5.605606,1,right_hip,-0.06040537357330322,0.0015140586765483022,0.038765694946050644,
168,5.605606,2,right_knee,-0.12340382486581802,0.24543432891368866,0.017477042973041534,
168,5.605606,3,right_ankle,-0.15600010752677917,0.4693906903266907,0.10206787288188934,
168,5.605606,4,left_hip,0.06180146336555481,0.0005362090305425227,-0.03690428286790848,
168,5.605606,5,left_knee,0.11634936183691025,0.23697705566883087,0.006308905780315399,
168,5.605606,6,left_ankle,0.15875253081321716,0.4483233392238617,0.10548456013202667,
168,5.605606,7,spine,-0.02206205204129219,-0.13876822590827942,-0.04603073000907898,
168,5.605606,8,thorax,-0.04493110999464989,-0.2786455452442169,-0.09271916002035141,
168,5.605606,9,neck,-0.04501628130674362,-0.304813414812088,-0.13430282473564148,
168,5.605606,10,head,-0.04467954859137535,-0.3293025493621826,-0.17694398760795593,
168,5.605606,11,left_shoulder,0.037637535482645035,-0.28361693024635315,-0.1399950236082077,
168,5.605606,12,left_elbow,-0.05808155611157417,-0.21749083697795868,-0.24593472480773926,
168,5.605606,13,left_wrist,-0.19313932955265045,-0.26300087571144104,-0.3050989508628845,
168,5.605606,14,right_shoulder,-0.12906232476234436,-0.2815859913825989,-0.0478086918592453,
168,5.605606,15,right_elbow,-0.28433483839035034,-0.2691650688648224,-0.11091255396604538,
168,5.605606,16,right_wrist,-0.2855440676212311,-0.33329710364341736,-0.2444666028022766,
169,5.638972,0,hip_center,0.0006686302367597818,0.0010225157020613551,0.0008008843869902194,
169,5.638972,1,right_hip,-0.06054138019680977,0.0014405969996005297,0.03846455737948418,
169,5.638972,2,right_knee,-0.12336133420467377,0.2454604059457779,0.017798302695155144,
169,5.638972,3,right_ankle,-0.15596835315227509,0.4691997468471527,0.1029573455452919,
169,5.638972,4,left_hip,0.06187710165977478,0.0006047712522558868,-0.036864273250103,
169,5.638972,5,left_knee,0.1158595010638237,0.23710162937641144,0.006750661879777908,
169,5.638972,6,left_ankle,0.15874940156936646,0.4482467770576477,0.10614508390426636,
169,5.638972,7,spine,-0.021846048533916473,-0.13918857276439667,-0.045019589364528656,
169,5.638972,8,thorax,-0.044445816427469254,-0.2794930338859558,-0.09054296463727951,
169,5.638972,9,neck,-0.04483646899461746,-0.3060482144355774,-0.13187861442565918,
169,5.638972,10,head,-0.04478396102786064,-0.3308394253253937,-0.17434614896774292,
169,5.638972,11,left_shoulder,0.03815880045294762,-0.2852325439453125,-0.13766872882843018,
169,5.638972,12,left_elbow,-0.05657947435975075,-0.2212919294834137,-0.24580883979797363,
169,5.638972,13,left_wrist,-0.18934360146522522,-0.27069446444511414,-0.3070072829723358,
169,5.638972,14,right_shoulder,-0.12871243059635162,-0.28219833970069885,-0.045872196555137634,
169,5.638972,15,right_elbow,-0.27961692214012146,-0.2765217423439026,-0.11963901668787003,
169,5.638972,16,right_wrist,-0.28208956122398376,-0.34577476978302,-0.2505930960178375,
170,5.672339,0,hip_center,0.000638580706436187,0.0010163254337385297,0.0006701183156110346,
170,5.672339,1,right_hip,-0.06067125126719475,0.0013584315311163664,0.03817184641957283,
170,5.672339,2,right_knee,-0.12331652641296387,0.24547737836837769,0.01815629191696644,
170,5.672339,3,right_ankle,-0.15594296157360077,0.46902692317962646,0.10380493849515915,
170,5.672339,4,left_hip,0.06194630265235901,0.0006745774298906326,-0.03683403506875038,
170,5.672339,5,left_knee,0.11533506214618683,0.23723448812961578,0.007167920470237732,
170,5.672339,6,left_ankle,0.1587473750114441,0.4481888711452484,0.10674049705266953,
170,5.672339,7,spine,-0.021590420976281166,-0.13959838449954987,-0.04403955116868019,
170,5.672339,8,thorax,-0.043886445462703705,-0.2803129553794861,-0.08843286335468292,
170,5.672339,9,neck,-0.04493148252367973,-0.3071231245994568,-0.129592165350914,
170,5.672339,10,head,-0.045535858720541,-0.3320791721343994,-0.1719587743282318,
170,5.672339,11,left_shoulder,0.0387372151017189,-0.28679871559143066,-0.1354282647371292,
170,5.672339,12,left_elbow,-0.05517233908176422,-0.22508320212364197,-0.2455655187368393,
170,5.672339,13,left_wrist,-0.18562820553779602,-0.27831941843032837,-0.3084888458251953,
170,5.672339,14,right_shoulder,-0.12827134132385254,-0.2828011214733124,-0.04397325962781906,
170,5.672339,15,right_elbow,-0.27418628334999084,-0.28343474864959717,-0.1273660957813263,
170,5.672339,16,right_wrist,-0.27819961309432983,-0.35803937911987305,-0.2553079128265381,
171,5.705706,0,hip_center,0.0006115813739597797,0.0010065329261124134,0.0005453353514894843,
171,5.705706,1,right_hip,-0.06078464537858963,0.0012720581144094467,0.03790608420968056,
171,5.705706,2,right_knee,-0.12327106297016144,0.2454821765422821,0.018516389653086662,
171,5.705706,3,right_ankle,-0.15592554211616516,0.46886152029037476,0.10459727048873901,
171,5.705706,4,left_hip,0.06200525909662247,0.0007413433631882071,-0.03681856393814087,
171,5.705706,5,left_knee,0.11478716135025024,0.23736721277236938,0.007559280842542648,
171,5.705706,6,left_ankle,0.1587432324886322,0.448142409324646,0.10727271437644958,
171,5.705706,7,spine,-0.021325092762708664,-0.13998788595199585,-0.043100275099277496,
171,5.705706,8,thorax,-0.04331549257040024,-0.2810857892036438,-0.08641622960567474,
171,5.705706,9,neck,-0.045337311923503876,-0.3080122172832489,-0.12746310234069824,
171,5.705706,10,head,-0.046956103295087814,-0.33298471570014954,-0.16979339718818665,
171,5.705706,11,left_shoulder,0.039309293031692505,-0.28831133246421814,-0.13330161571502686,
171,5.705706,12,left_elbow,-0.05377291887998581,-0.22871747612953186,-0.24529403448104858,
171,5.705706,13,left_wrist,-0.18229952454566956,-0.2853161692619324,-0.30924463272094727,
171,5.705706,14,right_shoulder,-0.12780486047267914,-0.28337422013282776,-0.04214470088481903,
171,5.705706,15,right_elbow,-0.26855671405792236,-0.2901765704154968,-0.1337338536977768,
171,5.705706,16,right_wrist,-0.27314624190330505,-0.36968573927879333,-0.2586670219898224,
172,5.739072,0,hip_center,0.0005866250721737742,0.0009921020828187466,0.000425230769906193,
172,5.739072,1,right_hip,-0.06088845804333687,0.0011830165749415755,0.03765653073787689,
172,5.739072,2,right_knee,-0.1232130378484726,0.24548391997814178,0.01889967918395996,
172,5.739072,3,right_ankle,-0.15590538084506989,0.4687063694000244,0.1053723692893982,
172,5.739072,4,left_hip,0.062058839946985245,0.0008014542399905622,-0.036809779703617096,
172,5.739072,5,left_knee,0.11422911286354065,0.23749391734600067,0.00793461874127388,
172,5.739072,6,left_ankle,0.15874889492988586,0.4480971097946167,0.10776133835315704,
172,5.739072,7,spine,-0.02105080336332321,-0.14036379754543304,-0.04218829795718193,
172,5.739072,8,thorax,-0.04273243993520737,-0.2818247675895691,-0.08446326851844788,
172,5.739072,9,neck,-0.045707762241363525,-0.3088584542274475,-0.12538139522075653,
172,5.739072,10,head,-0.04833710566163063,-0.33384308218955994,-0.16765378415584564,
172,5.739072,11,left_shoulder,0.03990674018859863,-0.28976163268089294,-0.13120804727077484,
172,5.739072,12,left_elbow,-0.052347876131534576,-0.2321648895740509,-0.24491700530052185,
172,5.739072,13,left_wrist,-0.17928385734558105,-0.291601300239563,-0.3094673752784729,
172,5.739072,14,right_shoulder,-0.1273358166217804,-0.2839312255382538,-0.0404009185731411,
172,5.739072,15,right_elbow,-0.26298558712005615,-0.29656511545181274,-0.13881565630435944,
172,5.739072,16,right_wrist,-0.2675476670265198,-0.38014888763427734,-0.2610613703727722,
173,5.772439,0,hip_center,0.0005632813554257154,0.0009738800581544638,0.00030824384884908795,
173,5.772439,1,right_hip,-0.06098637357354164,0.0010921315988525748,0.03741644322872162,
173,5.772439,2,right_knee,-0.12313727289438248,0.24548748135566711,0.019325485453009605,
173,5.772439,3,right_ankle,-0.15587827563285828,0.46857112646102905,0.10613728314638138,
173,5.772439,4,left_hip,0.0621098168194294,0.0008557856199331582,-0.036804091185331345,
173,5.772439,5,left_knee,0.11366897076368332,0.23761634528636932,0.008287031203508377,
173,5.772439,6,left_ankle,0.1587667465209961,0.4480573534965515,0.1081961989402771,
173,5.772439,7,spine,-0.020761817693710327,-0.1407264769077301,-0.04130702465772629,
173,5.772439,8,thorax,-0.04212256520986557,-0.2825320065021515,-0.08257901668548584,
173,5.772439,9,neck,-0.045953355729579926,-0.3096863329410553,-0.12334583699703217,
173,5.772439,10,head,-0.04949869588017464,-0.33470088243484497,-0.16553355753421783,
173,5.772439,11,left_shoulder,0.0405530110001564,-0.2911480665206909,-0.12913882732391357,
173,5.772439,12,left_elbow,-0.051023103296756744,-0.23554642498493195,-0.24437901377677917,
173,5.772439,13,left_wrist,-0.17677715420722961,-0.2971125543117523,-0.30924585461616516,
173,5.772439,14,right_shoulder,-0.12685763835906982,-0.2844843566417694,-0.03876333311200142,
173,5.772439,15,right_elbow,-0.2575525641441345,-0.3025742769241333,-0.14286677539348602,
173,5.772439,16,right_wrist,-0.261638879776001,-0.38934820890426636,-0.2628861665725708,
174,5.805806,0,hip_center,0.0005410929443314672,0.000952676753513515,0.00019204491400159895,
174,5.805806,1,right_hip,-0.06108175218105316,0.0009990707039833069,0.037178732454776764,
174,5.805806,2,right_knee,-0.12303416430950165,0.2454964518547058,0.019799692556262016,
174,5.805806,3,right_ankle,-0.1558304727077484,0.46845316886901855,0.10691612213850021,
174,5.805806,4,left_hip,0.06216062232851982,0.0009063096949830651,-0.036799121648073196,
174,5.805806,5,left_knee,0.11311343312263489,0.23773466050624847,0.008624043315649033,
174,5.805806,6,left_ankle,0.15880630910396576,0.448014497756958,0.10860222578048706,
174,5.805806,7,spine,-0.020454440265893936,-0.14107874035835266,-0.0404508076608181,
174,5.805806,8,thorax,-0.041477229446172714,-0.2832145690917969,-0.08074869960546494,
174,5.805806,9,neck,-0.04594879597425461,-0.31055036187171936,-0.12132856249809265,
174,5.805806,10,head,-0.050178997218608856,-0.3356694281101227,-0.1633908599615097,
174,5.805806,11,left_shoulder,0.04126329347491264,-0.2924417555332184,-0.1270754486322403,
174,5.805806,12,left_elbow,-0.04985494539141655,-0.23880743980407715,-0.24360378086566925,
174,5.805806,13,left_wrist,-0.17459765076637268,-0.3019753396511078,-0.3088819980621338,
174,5.805806,14,right_shoulder,-0.1263601928949356,-0.2850496172904968,-0.037215109914541245,
174,5.805806,15,right_elbow,-0.25243157148361206,-0.30835482478141785,-0.1458834856748581,
174,5.805806,16,right_wrist,-0.2555500268936157,-0.39746707677841187,-0.26420652866363525,
175,5.839173,0,hip_center,0.0005185066838748753,0.0009289254667237401,7.712812657700852e-05,
175,5.839173,1,right_hip,-0.061177365481853485,0.0009012232767418027,0.036941882222890854,
175,5.839173,2,right_knee,-0.12289819121360779,0.2455098181962967,0.020320173352956772,
175,5.839173,3,right_ankle,-0.1557510793209076,0.4683409035205841,0.10773620009422302,
175,5.839173,4,left_hip,0.06221090257167816,0.0009565112413838506,-0.03679240867495537,
175,5.839173,5,left_knee,0.11256448179483414,0.23784755170345306,0.008970919996500015,
175,5.839173,6,left_ankle,0.15887990593910217,0.4479637145996094,0.10900671780109406,
175,5.839173,7,spine,-0.02012624964118004,-0.14142589271068573,-0.03960258513689041,
175,5.839173,8,thorax,-0.040789999067783356,-0.2838839292526245,-0.0789368748664856,
175,5.839173,9,neck,-0.04553605616092682,-0.31152448058128357,-0.11927841603755951,
175,5.839173,10,head,-0.050048861652612686,-0.3368943929672241,-0.1611604243516922,
175,5.839173,11,left_shoulder,0.04203669726848602,-0.2936227321624756,-0.12500417232513428,
175,5.839173,12,left_elbow,-0.0487661138176918,-0.24190926551818848,-0.24264171719551086,
175,5.839173,13,left_wrist,-0.17212623357772827,-0.30667075514793396,-0.30897724628448486,
175,5.839173,14,right_shoulder,-0.12582337856292725,-0.28564873337745667,-0.03569488599896431,
175,5.839173,15,right_elbow,-0.24775494635105133,-0.3143363296985626,-0.14774687588214874,
175,5.839173,16,right_wrist,-0.24905362725257874,-0.40516799688339233,-0.2647895812988281,
176,5.872539,0,hip_center,0.0004969644360244274,0.0009029692737385631,-3.2023279345594347e-05,
176,5.872539,1,right_hip,-0.06126529723405838,0.0007955525070428848,0.036721259355545044,
176,5.872539,2,right_knee,-0.12272404134273529,0.24552130699157715,0.02087063528597355,
176,5.872539,3,right_ankle,-0.1556285172700882,0.46823060512542725,0.1085771843791008,
176,5.872539,4,left_hip,0.06225566938519478,0.0010101126972585917,-0.036790236830711365,
176,5.872539,5,left_knee,0.1120249480009079,0.2379576861858368,0.009318362921476364,
176,5.872539,6,left_ankle,0.15899524092674255,0.4479091763496399,0.10939455032348633,
176,5.872539,7,spine,-0.019764596596360207,-0.1417710781097412,-0.03875104337930679,
176,5.872539,8,thorax,-0.04003673046827316,-0.2845470905303955,-0.07712452113628387,
176,5.872539,9,neck,-0.044738754630088806,-0.31259506940841675,-0.11718907207250595,
176,5.872539,10,head,-0.049185611307621,-0.33834078907966614,-0.15884819626808167,
176,5.872539,11,left_shoulder,0.04289161413908005,-0.29468977451324463,-0.12292101979255676,
176,5.872539,12,left_elbow,-0.04747422784566879,-0.24481987953186035,-0.2416856288909912,
176,5.872539,13,left_wrist,-0.1685856580734253,-0.31157228350639343,-0.3101568818092346,
176,5.872539,14,right_shoulder,-0.12521490454673767,-0.28628939390182495,-0.03416755422949791,
176,5.872539,15,right_elbow,-0.24337133765220642,-0.32034412026405334,-0.14873309433460236,
176,5.872539,16,right_wrist,-0.24242492020130157,-0.41236796975135803,-0.2648441791534424,
177,5.905906,0,hip_center,0.00047869913396425545,0.0008761601056903601,-0.00013297982513904572,
177,5.905906,1,right_hip,-0.06133599951863289,0.0006851445068605244,0.03653170168399811,
177,5.905906,2,right_knee,-0.12251310050487518,0.24552932381629944,0.02143876627087593,
177,5.905906,3,right_ankle,-0.15546628832817078,0.4681306481361389,0.10940076410770416,
177,5.905906,4,left_hip,0.062289897352457047,0.0010667406022548676,-0.0368025079369545,
177,5.905906,5,left_knee,0.11149334907531738,0.238066166639328,0.009645532816648483,
177,5.905906,6,left_ankle,0.15915605425834656,0.4478587508201599,0.10972760617733002,
177,5.905906,7,spine,-0.019358975812792778,-0.14211291074752808,-0.03789767622947693,
177,5.905906,8,thorax,-0.03919832408428192,-0.28520259261131287,-0.0753171294927597,
177,5.905906,9,neck,-0.04376949369907379,-0.3136572241783142,-0.1151091456413269,
177,5.905906,10,head,-0.04807569831609726,-0.3397945463657379,-0.15653856098651886,
177,5.905906,11,left_shoulder,0.0438414067029953,-0.2956300377845764,-0.12084706127643585,
177,5.905906,12,left_elbow,-0.045750245451927185,-0.24754032492637634,-0.2409251183271408,
177,5.905906,13,left_wrist,-0.16326244175434113,-0.317063570022583,-0.31282490491867065,
177,5.905906,14,right_shoulder,-0.12450599670410156,-0.28695806860923767,-0.03261842951178551,
177,5.905906,15,right_elbow,-0.2389134168624878,-0.3259933590888977,-0.14937937259674072,
177,5.905906,16,right_wrist,-0.23593200743198395,-0.4192354083061218,-0.26447975635528564,
178,5.939273,0,hip_center,0.0004640938714146614,0.0008486283477395773,-0.00022785304463468492,
178,5.939273,1,right_hip,-0.061391618102788925,0.0005718179745599627,0.03636704012751579,
178,5.939273,2,right_knee,-0.12226396054029465,0.24553921818733215,0.022061973810195923,
178,5.939273,3,right_ankle,-0.15526703000068665,0.46805834770202637,0.1102130338549614,
178,5.939273,4,left_hip,0.062316469848155975,0.0011248420923948288,-0.03682733327150345,
178,5.939273,5,left_knee,0.11097511649131775,0.23817282915115356,0.00994565337896347,
178,5.939273,6,left_ankle,0.15936122834682465,0.4478054344654083,0.11001581698656082,
178,5.939273,7,spine,-0.018901556730270386,-0.14244942367076874,-0.03705473616719246,
178,5.939273,8,thorax,-0.038259074091911316,-0.2858465909957886,-0.07353778183460236,
178,5.939273,9,neck,-0.04274556785821915,-0.31466060876846313,-0.11308002471923828,
178,5.939273,10,head,-0.046971436589956284,-0.3411559760570526,-0.15428969264030457,
178,5.939273,11,left_shoulder,0.04491166025400162,-0.29643839597702026,-0.11878980696201324,
178,5.939273,12,left_elbow,-0.04391661286354065,-0.2501934766769409,-0.2401527762413025,
178,5.939273,13,left_wrist,-0.15673425793647766,-0.3230322599411011,-0.3161715865135193,
178,5.939273,14,right_shoulder,-0.12368925660848618,-0.28764522075653076,-0.031086552888154984,
178,5.939273,15,right_elbow,-0.23391057550907135,-0.3307962119579315,-0.15039785206317902,
178,5.939273,16,right_wrist,-0.23007217049598694,-0.42583808302879333,-0.2639908790588379,
179,5.972639,0,hip_center,0.00045334306196309626,0.0008212176035158336,-0.0003092125116381794,
179,5.972639,1,right_hip,-0.061426836997270584,0.0004564615373965353,0.036243513226509094,
179,5.972639,2,right_knee,-0.12198416888713837,0.24554476141929626,0.022691922262310982,
179,5.972639,3,right_ankle,-0.15503425896167755,0.46799972653388977,0.11098717153072357,
179,5.972639,4,left_hip,0.062330469489097595,0.0011852220632135868,-0.036866072565317154,
179,5.972639,5,left_knee,0.11046435683965683,0.23827774822711945,0.010223083198070526,
179,5.972639,6,left_ankle,0.15961316227912903,0.447751522064209,0.11025410145521164,
179,5.972639,7,spine,-0.018398551270365715,-0.1427772492170334,-0.036221083253622055,
179,5.972639,8,thorax,-0.03723157197237015,-0.2864731252193451,-0.07179183512926102,
179,5.972639,9,neck,-0.04169377312064171,-0.31560903787612915,-0.11110027134418488,
179,5.972639,10,head,-0.04590701684355736,-0.3424416780471802,-0.15209244191646576,
179,5.972639,11,left_shoulder,0.04608837515115738,-0.29708796739578247,-0.11676310002803802,
179,5.972639,12,left_elbow,-0.04142367094755173,-0.25225743651390076,-0.23960401117801666,
179,5.972639,13,left_wrist,-0.1485498696565628,-0.3283509612083435,-0.3205109238624573,
179,5.972639,14,right_shoulder,-0.1227724552154541,-0.28834447264671326,-0.029567264020442963,
179,5.972639,15,right_elbow,-0.22841207683086395,-0.33483389019966125,-0.15173491835594177,
179,5.972639,16,right_wrist,-0.22522695362567902,-0.43221843242645264,-0.2633466124534607,
180,6.006006,0,hip_center,0.00044118345249444246,0.0007934003951959312,-0.00036969262873753905,
180,6.006006,1,right_hip,-0.061423853039741516,0.0003384537703823298,0.0362076535820961,
180,6.006006,2,right_knee,-0.12168189883232117,0.24552953243255615,0.023192092776298523,
180,6.006006,3,right_ankle,-0.1547461450099945,0.4678996503353119,0.1116955578327179,
180,6.006006,4,left_hip,0.06230366975069046,0.0012474455870687962,-0.036950308829545975,
180,6.006006,5,left_knee,0.10994704067707062,0.2383798062801361,0.010436192154884338,
180,6.006006,6,left_ankle,0.1599244326353073,0.4476783871650696,0.11042337864637375,
180,6.006006,7,spine,-0.017881643027067184,-0.1431010514497757,-0.03535887226462364,
180,6.006006,8,thorax,-0.03617476671934128,-0.28709155321121216,-0.07000802457332611,
180,6.006006,9,neck,-0.04049549251794815,-0.316620796918869,-0.10903777927160263,
180,6.006006,10,head,-0.04457671567797661,-0.34390705823898315,-0.14974284172058105,
180,6.006006,11,left_shoulder,0.04727330803871155,-0.2974732220172882,-0.11479577422142029,
180,6.006006,12,left_elbow,-0.035653576254844666,-0.2515062391757965,-0.24036724865436554,
180,6.006006,13,left_wrist,-0.1340833604335785,-0.3285891115665436,-0.33082157373428345,
180,6.006006,14,right_shoulder,-0.12175450474023819,-0.2890607714653015,-0.027866724878549576,
180,6.006006,15,right_elbow,-0.22277911007404327,-0.3385803699493408,-0.1527177095413208,
180,6.006006,16,right_wrist,-0.22164016962051392,-0.43846219778060913,-0.2621407210826874,
181,6.039373,0,hip_center,0.00042682772618718445,0.0007594636408612132,-0.0004104397667106241,
181,6.039373,1,right_hip,-0.06137750670313835,0.0002017086953856051,0.0362679585814476,
181,6.039373,2,right_knee,-0.12137328088283539,0.24547845125198364,0.02366148680448532,
181,6.039373,3,right_ankle,-0.15441758930683136,0.46775609254837036,0.11240429431200027,
181,6.039373,4,left_hip,0.06222919374704361,0.0013161160750314593,-0.03709113225340843,
181,6.039373,5,left_knee,0.10942025482654572,0.23847725987434387,0.010602831840515137,
181,6.039373,6,left_ankle,0.16029593348503113,0.4475957155227661,0.11051385849714279,
181,6.039373,7,spine,-0.01735534891486168,-0.14343854784965515,-0.034414876252412796,
181,6.039373,8,thorax,-0.035097070038318634,-0.2877326011657715,-0.06807384639978409,
181,6.039373,9,neck,-0.03920041024684906,-0.3176993727684021,-0.10679232329130173,
181,6.039373,10,head,-0.043076012283563614,-0.3455570936203003,-0.14712874591350555,
181,6.039373,11,left_shoulder,0.04851541668176651,-0.29749247431755066,-0.11269445717334747,
181,6.039373,12,left_elbow,-0.02385988086462021,-0.2463107705116272,-0.24269551038742065,
181,6.039373,13,left_wrist,-0.11002993583679199,-0.3219811022281647,-0.34594711661338806,
181,6.039373,14,right_shoulder,-0.12066850066184998,-0.2897931635379791,-0.025920040905475616,
181,6.039373,15,right_elbow,-0.21745657920837402,-0.3422650694847107,-0.15290310978889465,
181,6.039373,16,right_wrist,-0.21864965558052063,-0.44490930438041687,-0.2597385048866272,
182,6.072739,0,hip_center,0.0004133897600695491,0.0007266438333317637,-0.00044610656914301217,
182,6.072739,1,right_hip,-0.06132056936621666,6.516731809824705e-05,0.036348916590213776,
182,6.072739,2,right_knee,-0.12106818705797195,0.2454220950603485,0.02413010224699974,
182,6.072739,3,right_ankle,-0.15409862995147705,0.46761399507522583,0.1130925714969635,
182,6.072739,4,left_hip,0.06214572861790657,0.0013868322130292654,-0.03724280372262001,
182,6.072739,5,left_knee,0.10888606309890747,0.2385721057653427,0.010774001479148865,
182,6.072739,6,left_ankle,0.16065067052841187,0.44751378893852234,0.11059826612472534,
182,6.072739,7,spine,-0.01681055687367916,-0.14375817775726318,-0.033507395535707474,
182,6.072739,8,thorax,-0.033983055502176285,-0.28833821415901184,-0.06622110307216644,
182,6.072739,9,neck,-0.037876322865486145,-0.31871044635772705,-0.10464420914649963,
182,6.072739,10,head,-0.041555535048246384,-0.34711897373199463,-0.14461319148540497,
182,6.072739,11,left_shoulder,0.04978397861123085,-0.2973496615886688,-0.11070909351110458,
182,6.072739,12,left_elbow,-0.011355876922607422,-0.24097171425819397,-0.24428105354309082,
182,6.072739,13,left_wrist,-0.08522937446832657,-0.3142396807670593,-0.35824018716812134,
182,6.072739,14,right_shoulder,-0.11952562630176544,-0.2905420958995819,-0.02401600033044815,
182,6.072739,15,right_elbow,-0.21234017610549927,-0.3461448848247528,-0.15262284874916077,
182,6.072739,16,right_wrist,-0.2148694545030594,-0.4513242542743683,-0.25693953037261963,
183,6.106106,0,hip_center,0.0004004396905656904,0.0006991485133767128,-0.00048150637303479016,
183,6.106106,1,right_hip,-0.06127156689763069,-5.741388304159045e-05,0.03641542047262192,
183,6.106106,2,right_knee,-0.12076807022094727,0.24537961184978485,0.024585939943790436,
183,6.106106,3,right_ankle,-0.15381348133087158,0.4674921929836273,0.11374075710773468,
183,6.106106,4,left_hip,0.062071025371551514,0.001454305718652904,-0.03737979754805565,
183,6.106106,5,left_knee,0.10835288465023041,0.2386622279882431,0.01096804067492485,
183,6.106106,6,left_ankle,0.16095836460590363,0.4474368691444397,0.11070217192173004,
183,6.106106,7,spine,-0.01625441014766693,-0.14404022693634033,-0.03271052613854408,
183,6.106106,8,thorax,-0.03284701332449913,-0.288872092962265,-0.06459920108318329,
183,6.106106,9,neck,-0.036635056138038635,-0.3195965588092804,-0.10275183618068695,
183,6.106106,10,head,-0.04022699594497681,-0.3484742045402527,-0.14239120483398438,
183,6.106106,11,left_shoulder,0.05100952461361885,-0.29717519879341125,-0.10905639827251434,
183,6.106106,12,left_elbow,-0.0019154399633407593,-0.23754386603832245,-0.24470697343349457,
183,6.106106,13,left_wrist,-0.06455961614847183,-0.3082304298877716,-0.36673685908317566,
183,6.106106,14,right_shoulder,-0.1183260828256607,-0.2912957966327667,-0.02227766066789627,
183,6.106106,15,right_elbow,-0.20728442072868347,-0.35004928708076477,-0.15220215916633606,
183,6.106106,16,right_wrist,-0.2097572386264801,-0.45760002732276917,-0.2540735602378845,
184,6.139473,0,hip_center,0.0003943956980947405,0.0006826980970799923,-0.0005174051620997488,
184,6.139473,1,right_hip,-0.0612611323595047,-0.00015896931290626526,0.036405205726623535,
184,6.139473,2,right_knee,-0.12049142271280289,0.24536839127540588,0.02512713521718979,
184,6.139473,3,right_ankle,-0.15360653400421143,0.4674517512321472,0.1143287941813469,
184,6.139473,4,left_hip,0.06204865872859955,0.001522949431091547,-0.03744111582636833,
184,6.139473,5,left_knee,0.10782656073570251,0.2387613207101822,0.011235971003770828,
184,6.139473,6,left_ankle,0.16118568181991577,0.447420209646225,0.11081185936927795,
184,6.139473,7,spine,-0.01567239500582218,-0.14428545534610748,-0.03200826421380043,
184,6.139473,8,thorax,-0.03166630119085312,-0.28934189677238464,-0.06317383795976639,
184,6.139473,9,neck,-0.035517532378435135,-0.3202716112136841,-0.10115392506122589,
184,6.139473,10,head,-0.039194606244564056,-0.3493962585926056,-0.14060431718826294,
184,6.139473,11,left_shoulder,0.052301377058029175,-0.2972245514392853,-0.10749758780002594,
184,6.139473,12,left_elbow,-0.0017004907131195068,-0.23954296112060547,-0.24356615543365479,
184,6.139473,13,left_wrist,-0.06030968949198723,-0.31339356303215027,-0.3657268285751343,
184,6.139473,14,right_shoulder,-0.1171676442027092,-0.29205307364463806,-0.020914781838655472,
184,6.139473,15,right_elbow,-0.2020312249660492,-0.35398244857788086,-0.15209731459617615,
184,6.139473,16,right_wrist,-0.2023688703775406,-0.46417000889778137,-0.2511410117149353,
185,6.17284,0,hip_center,0.000385795981856063,0.0006672448362223804,-0.0005474464851431549,
185,6.17284,1,right_hip,-0.061254147440195084,-0.00025701033882796764,0.03639921545982361,
185,6.17284,2,right_knee,-0.12023864686489105,0.24535588920116425,0.025711169466376305,
185,6.17284,3,right_ankle,-0.15345774590969086,0.46742382645606995,0.11491259932518005,
185,6.17284,4,left_hip,0.06202459707856178,0.0015900935977697372,-0.03749499097466469,
185,6.17284,5,left_knee,0.10730186849832535,0.23885603249073029,0.011514909565448761,
185,6.17284,6,left_ankle,0.16135075688362122,0.4474108815193176,0.11093664169311523,
185,6.17284,7,spine,-0.015096322633326054,-0.1445179134607315,-0.03132331743836403,
185,6.17284,8,thorax,-0.03049604222178459,-0.2897871732711792,-0.06178911775350571,
185,6.17284,9,neck,-0.03458667919039726,-0.32082319259643555,-0.09965726733207703,
185,6.17284,10,head,-0.038533758372068405,-0.3500886857509613,-0.13897711038589478,
185,6.17284,11,left_shoulder,0.053568776696920395,-0.2972274720668793,-0.10600508749485016,
185,6.17284,12,left_elbow,-0.0033836327493190765,-0.24247872829437256,-0.2420823574066162,
185,6.17284,13,left_wrist,-0.05784788727760315,-0.31922274827957153,-0.36437779664993286,
185,6.17284,14,right_shoulder,-0.1160060465335846,-0.29280009865760803,-0.01956803724169731,
185,6.17284,15,right_elbow,-0.1968422830104828,-0.3578179180622101,-0.15179555118083954,
185,6.17284,16,right_wrist,-0.1944187581539154,-0.47049543261528015,-0.24796712398529053,
186,6.206206,0,hip_center,0.000373890099581331,0.0006548006786033511,-0.0005768615519627929,
186,6.206206,1,right_hip,-0.06123759597539902,-0.0003451021621003747,0.03641526401042938,
186,6.206206,2,right_knee,-0.1200244203209877,0.24533559381961823,0.026206467300653458,
186,6.206206,3,right_ankle,-0.15334853529930115,0.467381089925766,0.11542458832263947,
186,6.206206,4,left_hip,0.061984334141016006,0.0016533444868400693,-0.037569720298051834,
186,6.206206,5,left_knee,0.10675425827503204,0.2389512062072754,0.011750668287277222,
186,6.206206,6,left_ankle,0.16147448122501373,0.4474160969257355,0.1109936386346817,
186,6.206206,7,spine,-0.014530706219375134,-0.14473246037960052,-0.030676281079649925,
186,6.206206,8,thorax,-0.029344625771045685,-0.29019948840141296,-0.06048167496919632,
186,6.206206,9,neck,-0.033788204193115234,-0.32129567861557007,-0.09826059639453888,
186,6.206206,10,head,-0.038122598081827164,-0.35066407918930054,-0.1374627649784088,
186,6.206206,11,left_shoulder,0.05478589981794357,-0.2970784306526184,-0.10466353595256805,
186,6.206206,12,left_elbow,-0.0033449456095695496,-0.2435874044895172,-0.24074271321296692,
186,6.206206,13,left_wrist,-0.053707368671894073,-0.32179316878318787,-0.36386728286743164,
186,6.206206,14,right_shoulder,-0.11482077091932297,-0.2935664653778076,-0.01821880415081978,
186,6.206206,15,right_elbow,-0.1920441836118698,-0.3617999255657196,-0.1509842723608017,
186,6.206206,16,right_wrist,-0.18772023916244507,-0.4760708808898926,-0.245188906788826,
187,6.239573,0,hip_center,0.00035278714494779706,0.0006423882441595197,-0.0006103680934756994,
187,6.239573,1,right_hip,-0.061209049075841904,-0.00042963901069015265,0.03646231070160866,
187,6.239573,2,right_knee,-0.11984585225582123,0.24529726803302765,0.026506341993808746,
187,6.239573,3,right_ankle,-0.15326064825057983,0.4672822952270508,0.11584098637104034,
187,6.239573,4,left_hip,0.06191360577940941,0.0017131109489127994,-0.03768373280763626,
187,6.239573,5,left_knee,0.10618002712726593,0.23904924094676971,0.011906225234270096,
187,6.239573,6,left_ankle,0.161577969789505,0.4474203586578369,0.1109699159860611,
187,6.239573,7,spine,-0.013993464410305023,-0.1449243575334549,-0.030107568949460983,
187,6.239573,8,thorax,-0.028242390602827072,-0.2905661463737488,-0.05932926386594772,
187,6.239573,9,neck,-0.03306560963392258,-0.3217766582965851,-0.09696710109710693,
187,6.239573,10,head,-0.03781354799866676,-0.3513402044773102,-0.1359741985797882,
187,6.239573,11,left_shoulder,0.05590434744954109,-0.29662156105041504,-0.10360071063041687,
187,6.239573,12,left_elbow,0.00102899968624115,-0.24045920372009277,-0.23995506763458252,
187,6.239573,13,left_wrist,-0.04367285221815109,-0.3162456154823303,-0.366723895072937,
187,6.239573,14,right_shoulder,-0.11360643804073334,-0.29435640573501587,-0.01687609776854515,
187,6.239573,15,right_elbow,-0.18772411346435547,-0.3658047914505005,-0.1497204750776291,
187,6.239573,16,right_wrist,-0.1824028193950653,-0.4806973934173584,-0.24311447143554688,
188,6.27294,0,hip_center,0.00032327702501788735,0.0006289167795330286,-0.000650428410153836,
188,6.27294,1,right_hip,-0.06118132174015045,-0.0005187605274841189,0.03651487082242966,
188,6.27294,2,right_knee,-0.11969785392284393,0.2452443689107895,0.026746870949864388,
188,6.27294,3,right_ankle,-0.15320006012916565,0.46713605523109436,0.11628037691116333,
188,6.27294,4,left_hip,0.06182682514190674,0.001775329583324492,-0.03781646117568016,
188,6.27294,5,left_knee,0.10559320449829102,0.23914869129657745,0.012038450688123703,
188,6.27294,6,left_ankle,0.16164347529411316,0.44739845395088196,0.11099039018154144,
188,6.27294,7,spine,-0.013484266586601734,-0.1451033055782318,-0.029582291841506958,
188,6.27294,8,thorax,-0.027189411222934723,-0.2909059524536133,-0.058256663382053375,
188,6.27294,9,neck,-0.0323733314871788,-0.3222980499267578,-0.09569500386714935,
188,6.27294,10,head,-0.03751249983906746,-0.35216543078422546,-0.13442003726959229,
188,6.27294,11,left_shoulder,0.056937821209430695,-0.2958988845348358,-0.10269743949174881,
188,6.27294,12,left_elbow,0.008502528071403503,-0.2339611053466797,-0.23899033665657043,
188,6.27294,13,left_wrist,-0.0303460955619812,-0.30415546894073486,-0.3708072900772095,
188,6.27294,14,right_shoulder,-0.11238173395395279,-0.2951568067073822,-0.015503216534852982,
188,6.27294,15,right_elbow,-0.18363341689109802,-0.36993029713630676,-0.14808547496795654,
188,6.27294,16,right_wrist,-0.17686593532562256,-0.4850532114505768,-0.24110151827335358,
189,6.306306,0,hip_center,0.0002941955754067749,0.0006190194981172681,-0.0006936144782230258,
189,6.306306,1,right_hip,-0.061174530535936356,-0.0005990536883473396,0.03652874007821083,
189,6.306306,2,right_knee,-0.11958133429288864,0.24519962072372437,0.027001753449440002,
189,6.306306,3,right_ankle,-0.15318694710731506,0.46699827909469604,0.11672687530517578,
189,6.306306,4,left_hip,0.06176189333200455,0.0018358973320573568,-0.03791668266057968,
189,6.306306,5,left_knee,0.1050029993057251,0.23924614489078522,0.012220151722431183,
189,6.306306,6,left_ankle,0.16166236996650696,0.4474063515663147,0.11101344227790833,
189,6.306306,7,spine,-0.01297807414084673,-0.14526687562465668,-0.02909659780561924,
189,6.306306,8,thorax,-0.02614392340183258,-0.291218638420105,-0.05726058781147003,
189,6.306306,9,neck,-0.03162974491715431,-0.3228304982185364,-0.0944703072309494,
189,6.306306,10,head,-0.037095777690410614,-0.35301244258880615,-0.13290561735630035,
189,6.306306,11,left_shoulder,0.05794195830821991,-0.2952805161476135,-0.10187412798404694,
189,6.306306,12,left_elbow,0.012479063123464584,-0.22949805855751038,-0.2373872995376587,
189,6.306306,13,left_wrist,-0.023671433329582214,-0.2957453429698944,-0.3719852566719055,
189,6.306306,14,right_shoulder,-0.11117414385080338,-0.29596349596977234,-0.014237262308597565,
189,6.306306,15,right_elbow,-0.17945775389671326,-0.3743933141231537,-0.14626771211624146,
189,6.306306,16,right_wrist,-0.16950088739395142,-0.48944202065467834,-0.23908862471580505,
190,6.339673,0,hip_center,0.00026558118406683207,0.0006092595285736024,-0.0007354854606091976,
190,6.339673,1,right_hip,-0.061177320778369904,-0.0006762096309103072,0.03652722015976906,
190,6.339673,2,right_knee,-0.11949386447668076,0.2451561540365219,0.027322150766849518,
190,6.339673,3,right_ankle,-0.15321946144104004,0.46685791015625,0.1172415092587471,
190,6.339673,4,left_hip,0.061707478016614914,0.0018936027772724628,-0.03799884021282196,
190,6.339673,5,left_knee,0.1044171005487442,0.23933491110801697,0.012445550411939621,
190,6.339673,6,left_ankle,0.16162124276161194,0.4474170506000519,0.1110893189907074,
190,6.339673,7,spine,-0.01247793436050415,-0.14542393386363983,-0.028618937358260155,
190,6.339673,8,thorax,-0.02511214092373848,-0.2915186882019043,-0.05628059804439545,
190,6.339673,9,neck,-0.03083784133195877,-0.3233930468559265,-0.09322930872440338,
190,6.339673,10,head,-0.03656528517603874,-0.3539031147956848,-0.1313663274049759,
190,6.339673,11,left_shoulder,0.058894749730825424,-0.2948036193847656,-0.1011064350605011,
190,6.339673,12,left_elbow,0.012726370245218277,-0.22725586593151093,-0.23550809919834137,
190,6.339673,13,left_wrist,-0.020059246569871902,-0.28901222348213196,-0.3730705678462982,
190,6.339673,14,right_shoulder,-0.10997121036052704,-0.2967798709869385,-0.012980271130800247,
190,6.339673,15,right_elbow,-0.175248384475708,-0.37933701276779175,-0.14401134848594666,
190,6.339673,16,right_wrist,-0.1599997729063034,-0.49387311935424805,-0.23674766719341278,
191,6.37304,0,hip_center,0.00023245095508173108,0.0005964732263237238,-0.0007792004034854472,
191,6.37304,1,right_hip,-0.06118055805563927,-0.0007573636248707771,0.03653033822774887,
191,6.37304,2,right_knee,-0.11943135410547256,0.24510174989700317,0.027627985924482346,
191,6.37304,3,right_ankle,-0.1532856523990631,0.46667417883872986,0.11781734228134155,
191,6.37304,4,left_hip,0.061644475907087326,0.0019492291612550616,-0.03808936849236488,
191,6.37304,5,left_knee,0.1038300171494484,0.23941613733768463,0.012674495577812195,
191,6.37304,6,left_ankle,0.16154837608337402,0.44740891456604004,0.11120708286762238,
191,6.37304,7,spine,-0.011987684294581413,-0.1455712914466858,-0.028187774121761322,
191,6.37304,8,thorax,-0.02409636415541172,-0.29179638624191284,-0.05539196729660034,
191,6.37304,9,neck,-0.0300179161131382,-0.3240041434764862,-0.09201928973197937,
191,6.37304,10,head,-0.035960979759693146,-0.35491976141929626,-0.12979499995708466,
191,6.37304,11,left_shoulder,0.05978897213935852,-0.2942500114440918,-0.1004977747797966,
191,6.37304,12,left_elbow,0.013320144265890121,-0.22435881197452545,-0.23359134793281555,
191,6.37304,13,left_wrist,-0.015884343534708023,-0.2799540162086487,-0.3745468258857727,
191,6.37304,14,right_shoulder,-0.10874306410551071,-0.29761409759521484,-0.0117485411465168,
191,6.37304,15,right_elbow,-0.17110557854175568,-0.38460278511047363,-0.14132405817508698,
191,6.37304,16,right_wrist,-0.14968088269233704,-0.49803900718688965,-0.23419104516506195,
192,6.406406,0,hip_center,0.00019727449398487806,0.0005855562048964202,-0.0008276516455225646,
192,6.406406,1,right_hip,-0.06119203940033913,-0.0008304088260047138,0.036518558859825134,
192,6.406406,2,right_knee,-0.11939793825149536,0.24504882097244263,0.02788272500038147,
192,6.406406,3,right_ankle,-0.1533583551645279,0.466464638710022,0.11841609328985214,
192,6.406406,4,left_hip,0.061585620045661926,0.0020005004480481148,-0.03817444667220116,
192,6.406406,5,left_knee,0.10321912169456482,0.2394944429397583,0.012917567044496536,
192,6.406406,6,left_ankle,0.1614641696214676,0.4473767876625061,0.11137330532073975,
192,6.406406,7,spine,-0.01151774451136589,-0.14569571614265442,-0.027848491445183754,
192,6.406406,8,thorax,-0.023120325058698654,-0.29202988743782043,-0.054684318602085114,
192,6.406406,9,neck,-0.02915871888399124,-0.32475391030311584,-0.09083183109760284,
192,6.406406,10,head,-0.035235695540905,-0.3562888503074646,-0.12807048857212067,
192,6.406406,11,left_shoulder,0.06059553101658821,-0.293475478887558,-0.10014714300632477,
192,6.406406,12,left_elbow,0.01592656970024109,-0.21865610778331757,-0.23116151988506317,
192,6.406406,13,left_wrist,-0.008204340934753418,-0.2624242901802063,-0.37715545296669006,
192,6.406406,14,right_shoulder,-0.10749839246273041,-0.29848942160606384,-0.010613072663545609,
192,6.406406,15,right_elbow,-0.1670496165752411,-0.3900158107280731,-0.13837264478206635,
192,6.406406,16,right_wrist,-0.1386936455965042,-0.5017646551132202,-0.23142749071121216,
193,6.439773,0,hip_center,0.00015978138253558427,0.0005744756199419498,-0.0008782349759712815,
193,6.439773,1,right_hip,-0.061197876930236816,-0.0009048166684806347,0.03651750460267067,
193,6.439773,2,right_knee,-0.11938662081956863,0.24498477578163147,0.028062188997864723,
193,6.439773,3,right_ankle,-0.15343454480171204,0.4661904275417328,0.11907519400119781,
193,6.439773,4,left_hip,0.061516471207141876,0.0020527993328869343,-0.038274575024843216,
193,6.439773,5,left_knee,0.10259805619716644,0.2395678162574768,0.013165075331926346,
193,6.439773,6,left_ankle,0.16136534512043,0.44730567932128906,0.111615389585495,
193,6.439773,7,spine,-0.011064602062106133,-0.14580848813056946,-0.02755448780953884,
193,6.439773,8,thorax,-0.02217632345855236,-0.292240172624588,-0.05406410992145538,
193,6.439773,9,neck,-0.028254587203264236,-0.32563745975494385,-0.08958369493484497,
193,6.439773,10,head,-0.034383878111839294,-0.3579951822757721,-0.12610094249248505,
193,6.439773,11,left_shoulder,0.06131991744041443,-0.2924133241176605,-0.09995147585868835,
193,6.439773,12,left_elbow,0.021137144416570663,-0.20984019339084625,-0.22772099077701569,
193,6.439773,13,left_wrist,0.0028755702078342438,-0.23631440103054047,-0.3786441683769226,
193,6.439773,14,right_shoulder,-0.10622043162584305,-0.29940083622932434,-0.009466230869293213,
193,6.439773,15,right_elbow,-0.16313375532627106,-0.39552992582321167,-0.13502898812294006,
193,6.439773,16,right_wrist,-0.12670180201530457,-0.5051409602165222,-0.22781476378440857,
194,6.47314,0,hip_center,0.00012492257519625127,0.0005625226767733693,-0.0009250582079403102,
194,6.47314,1,right_hip,-0.061198458075523376,-0.000977800227701664,0.03652441129088402,
194,6.47314,2,right_knee,-0.11939333379268646,0.2449159175157547,0.028233496472239494,
194,6.47314,3,right_ankle,-0.1535288691520691,0.46589112281799316,0.11977195739746094,
194,6.47314,4,left_hip,0.061447322368621826,0.0021019214764237404,-0.038375139236450195,
194,6.47314,5,left_knee,0.10197597742080688,0.2396382838487625,0.013403594493865967,
194,6.47314,6,left_ankle,0.16125176846981049,0.44720882177352905,0.11190201342105865,
194,6.47314,7,spine,-0.010616964660584927,-0.14591045677661896,-0.027304142713546753,
194,6.47314,8,thorax,-0.02124645933508873,-0.29242822527885437,-0.053534429520368576,
194,6.47314,9,neck,-0.02731427364051342,-0.32660430669784546,-0.08830715715885162,
194,6.47314,10,head,-0.03344140574336052,-0.3599061071872711,-0.12396593391895294,
194,6.47314,11,left_shoulder,0.06199527159333229,-0.29123884439468384,-0.09986694902181625,
194,6.47314,12,left_elbow,0.02713368833065033,-0.2002740055322647,-0.2234310805797577,
194,6.47314,13,left_wrist,0.014314656145870686,-0.20804700255393982,-0.37701308727264404,
194,6.47314,14,right_shoulder,-0.10492759943008423,-0.3003183603286743,-0.008380558341741562,
194,6.47314,15,right_elbow,-0.15935161709785461,-0.4009348452091217,-0.13150765001773834,
194,6.47314,16,right_wrist,-0.11401470005512238,-0.5080345869064331,-0.22329694032669067,
195,6.506507,0,hip_center,9.591633715899661e-05,0.0005498733371496201,-0.0009636145550757647,
195,6.506507,1,right_hip,-0.06118856742978096,-0.0010500364005565643,0.0365469865500927,
195,6.506507,2,right_knee,-0.11941200494766235,0.24484223127365112,0.028415320441126823,
195,6.506507,3,right_ankle,-0.15363626182079315,0.46557754278182983,0.12049788981676102,
195,6.506507,4,left_hip,0.06137939542531967,0.002148896222934127,-0.038474857807159424,
195,6.506507,5,left_knee,0.1013558954000473,0.2397087812423706,0.013624094426631927,
195,6.506507,6,left_ankle,0.16112744808197021,0.44708874821662903,0.112224280834198,
195,6.506507,7,spine,-0.010169296525418758,-0.14600564539432526,-0.027072690427303314,
195,6.506507,8,thorax,-0.02032272145152092,-0.2926023602485657,-0.05304933339357376,
195,6.506507,9,neck,-0.026358971372246742,-0.32762593030929565,-0.08697395771741867,
195,6.506507,10,head,-0.032459113746881485,-0.36194655299186707,-0.12165798246860504,
195,6.506507,11,left_shoulder,0.06265033781528473,-0.29000720381736755,-0.09980443120002747,
195,6.506507,12,left_elbow,0.03359378129243851,-0.19071343541145325,-0.21835604310035706,
195,6.506507,13,left_wrist,0.02556043677031994,-0.18078793585300446,-0.37213873863220215,
195,6.506507,14,right_shoulder,-0.10363742709159851,-0.301224946975708,-0.007355045527219772,
195,6.506507,15,right_elbow,-0.1557077020406723,-0.40601447224617004,-0.127994105219841,
195,6.506507,16,right_wrist,-0.10123176872730255,-0.5100404620170593,-0.21833805739879608,
196,6.539873,0,hip_center,7.326087506953627e-05,0.000536617822945118,-0.0009947950020432472,
196,6.539873,1,right_hip,-0.06116991490125656,-0.0011189209762960672,0.03658079728484154,
196,6.539873,2,right_knee,-0.11944001913070679,0.2447681874036789,0.02862854115664959,
196,6.539873,3,right_ankle,-0.15376164019107819,0.4652777910232544,0.12121427059173584,
196,6.539873,4,left_hip,0.06131540238857269,0.0021913039963692427,-0.0385710783302784,
196,6.539873,5,left_knee,0.10074542462825775,0.23978157341480255,0.013805098831653595,
196,6.539873,6,left_ankle,0.16099412739276886,0.44696396589279175,0.1125301793217659,
196,6.539873,7,spine,-0.00972308125346899,-0.1460949331521988,-0.026855967938899994,
196,6.539873,8,thorax,-0.019408680498600006,-0.2927643656730652,-0.05259963870048523,
196,6.539873,9,neck,-0.025404537096619606,-0.32865890860557556,-0.08560869097709656,
196,6.539873,10,head,-0.03146619349718094,-0.3640097379684448,-0.11924906820058823,
196,6.539873,11,left_shoulder,0.06329286098480225,-0.2888152003288269,-0.09973946213722229,
196,6.539873,12,left_elbow,0.03984673321247101,-0.1821058988571167,-0.21297122538089752,
196,6.539873,13,left_wrist,0.03579263016581535,-0.1572021245956421,-0.36520636081695557,
196,6.539873,14,right_shoulder,-0.1023712232708931,-0.30210065841674805,-0.006407555192708969,
196,6.539873,15,right_elbow,-0.1522488296031952,-0.41056641936302185,-0.12470097839832306,
196,6.539873,16,right_wrist,-0.0896325409412384,-0.5113922953605652,-0.2133825123310089,
197,6.57324,0,hip_center,5.7264784118160605e-05,0.0005225864006206393,-0.0010167192667722702,
197,6.57324,1,right_hip,-0.06113998964428902,-0.0011846307897940278,0.03663130849599838,
197,6.57324,2,right_knee,-0.11948013305664062,0.2446923851966858,0.02888307347893715,
197,6.57324,3,right_ankle,-0.15390561521053314,0.46499544382095337,0.12192080914974213,
197,6.57324,4,left_hip,0.06125345826148987,0.0022289827466011047,-0.03866548836231232,
197,6.57324,5,left_knee,0.10013929009437561,0.23985576629638672,0.01395123079419136,
197,6.57324,6,left_ankle,0.16084691882133484,0.4468347430229187,0.11282168328762054,
197,6.57324,7,spine,-0.009285279549658298,-0.1461828649044037,-0.026625365018844604,
197,6.57324,8,thorax,-0.018518831580877304,-0.29292333126068115,-0.05212916433811188,
197,6.57324,9,neck,-0.02448193170130253,-0.32967472076416016,-0.0841875821352005,
197,6.57324,10,head,-0.030510634183883667,-0.3660247027873993,-0.11675187945365906,
197,6.57324,11,left_shoulder,0.06392401456832886,-0.28768667578697205,-0.09959553182125092,
197,6.57324,12,left_elbow,0.04580937698483467,-0.17458419501781464,-0.2074737846851349,
197,6.57324,13,left_wrist,0.04527273029088974,-0.1370028555393219,-0.3571385145187378,
197,6.57324,14,right_shoulder,-0.10115791857242584,-0.302936851978302,-0.005501165986061096,
197,6.57324,15,right_elbow,-0.14891991019248962,-0.4145500659942627,-0.12172172218561172,
197,6.57324,16,right_wrist,-0.07893090695142746,-0.5121874809265137,-0.2084370255470276,
198,6.606607,0,hip_center,4.777560752700083e-05,0.000508176046423614,-0.0010312111116945744,
198,6.606607,1,right_hip,-0.061101190745830536,-0.001248007989488542,0.03669293597340584,
198,6.606607,2,right_knee,-0.11953197419643402,0.24461427330970764,0.029163908213377,
198,6.606607,3,right_ankle,-0.1540686935186386,0.4647345542907715,0.12259228527545929,
198,6.606607,4,left_hip,0.06119566038250923,0.0022635688073933125,-0.038756128400564194,
198,6.606607,5,left_knee,0.099540576338768,0.23993328213691711,0.014063365757465363,
198,6.606607,6,left_ankle,0.16068923473358154,0.4467117488384247,0.11308150738477707,
198,6.606607,7,spine,-0.008866231888532639,-0.14627033472061157,-0.026372672989964485,
198,6.606607,8,thorax,-0.017674103379249573,-0.2930813431739807,-0.05161973834037781,
198,6.606607,9,neck,-0.0236210860311985,-0.33063992857933044,-0.08273166418075562,
198,6.606607,10,head,-0.02963230200111866,-0.367914617061615,-0.11423663794994354,
198,6.606607,11,left_shoulder,0.0645374208688736,-0.2866714894771576,-0.0993427261710167,
198,6.606607,12,left_elbow,0.05106835812330246,-0.16845473647117615,-0.2023058831691742,
198,6.606607,13,left_wrist,0.05382480472326279,-0.11953344196081161,-0.3486318290233612,
198,6.606607,14,right_shoulder,-0.10003281384706497,-0.30372294783592224,-0.0046361349523067474,
198,6.606607,15,right_elbow,-0.14576900005340576,-0.4178590774536133,-0.11920958757400513,
198,6.606607,16,right_wrist,-0.06896773725748062,-0.5122896432876587,-0.20368146896362305,
199,6.639973,0,hip_center,4.271260695531964e-05,0.0004944452084600925,-0.001040730276145041,
199,6.639973,1,right_hip,-0.06105596572160721,-0.0013098185881972313,0.0367625392973423,
199,6.639973,2,right_knee,-0.11959933489561081,0.24453186988830566,0.029437990859150887,
199,6.639973,3,right_ankle,-0.15425337851047516,0.4644950032234192,0.12319236993789673,
199,6.639973,4,left_hip,0.06114031374454498,0.002297948347404599,-0.03884478285908699,
199,6.639973,5,left_knee,0.0989549458026886,0.24001650512218475,0.014136936515569687,
199,6.639973,6,left_ankle,0.16052648425102234,0.44660866260528564,0.11328183114528656,
199,6.639973,7,spine,-0.008476173505187035,-0.1463540941476822,-0.026110831648111343,
199,6.639973,8,thorax,-0.016893107444047928,-0.29323291778564453,-0.05109548568725586,
199,6.639973,9,neck,-0.02283405512571335,-0.3315160572528839,-0.08131258189678192,
199,6.639973,10,head,-0.028837721794843674,-0.36960193514823914,-0.11183342337608337,
199,6.639973,11,left_shoulder,0.06511141359806061,-0.28580912947654724,-0.09902718663215637,
199,6.639973,12,left_elbow,0.055224839597940445,-0.16389276087284088,-0.19800534844398499,
199,6.639973,13,left_wrist,0.06087712198495865,-0.1051299050450325,-0.34057867527008057,
199,6.639973,14,right_shoulder,-0.09900963306427002,-0.3044503629207611,-0.0038228221237659454,
199,6.639973,15,right_elbow,-0.14280155301094055,-0.4204772114753723,-0.11725109815597534,
199,6.639973,16,right_wrist,-0.05984194576740265,-0.5117089748382568,-0.19938230514526367,
200,6.67334,0,hip_center,3.93783011531923e-05,0.0004828218079637736,-0.0010495211463421583,
200,6.67334,1,right_hip,-0.061007048934698105,-0.001368295750580728,0.03683580458164215,
200,6.67334,2,right_knee,-0.11968573927879333,0.24444667994976044,0.029700657352805138,
200,6.67334,3,right_ankle,-0.15446142852306366,0.46427860856056213,0.12371741235256195,
200,6.67334,4,left_hip,0.06108472868800163,0.0023332161363214254,-0.03893561661243439,
200,6.67334,5,left_knee,0.09838321059942245,0.24010522663593292,0.01417209580540657,
200,6.67334,6,left_ankle,0.16035908460617065,0.4465305805206299,0.11341242492198944,
200,6.67334,7,spine,-0.008118013851344585,-0.1464306116104126,-0.025858279317617416,
200,6.67334,8,thorax,-0.016178738325834274,-0.2933722734451294,-0.05058968439698219,
200,6.67334,9,neck,-0.022103218361735344,-0.33226293325424194,-0.08002405613660812,
200,6.67334,10,head,-0.028089527040719986,-0.37101054191589355,-0.10970380902290344,
200,6.67334,11,left_shoulder,0.06563737988471985,-0.2851143479347229,-0.09870654344558716,
200,6.67334,12,left_elbow,0.058033861219882965,-0.16091901063919067,-0.19501715898513794,
200,6.67334,13,left_wrist,0.06595729291439056,-0.09439405053853989,-0.33402732014656067,
200,6.67334,14,right_shoulder,-0.09808190166950226,-0.3051125407218933,-0.003074459731578827,
200,6.67334,15,right_elbow,-0.14005596935749054,-0.42238008975982666,-0.1159125566482544,
200,6.67334,16,right_wrist,-0.05204840749502182,-0.510830283164978,-0.19580185413360596,
201,6.706707,0,hip_center,3.52367787854746e-05,0.000474555476102978,-0.0010598700027912855,
201,6.706707,1,right_hip,-0.06095628812909126,-0.0014229784719645977,0.036911509931087494,
201,6.706707,2,right_knee,-0.11979518085718155,0.24435797333717346,0.029924165457487106,
201,6.706707,3,right_ankle,-0.15469910204410553,0.4640898108482361,0.12412722408771515,
201,6.706707,4,left_hip,0.06102567911148071,0.0023714136332273483,-0.03903200104832649,
201,6.706707,5,left_knee,0.09782341867685318,0.2402033805847168,0.014156416058540344,
201,6.706707,6,left_ankle,0.16018462181091309,0.4464911222457886,0.1134415715932846,
201,6.706707,7,spine,-0.007798789069056511,-0.14649492502212524,-0.025639820843935013,
201,6.706707,8,thorax,-0.015542503446340561,-0.29349058866500854,-0.05015048757195473,
201,6.706707,9,neck,-0.02142980322241783,-0.33284878730773926,-0.07896435260772705,
201,6.706707,10,head,-0.027379842475056648,-0.37208500504493713,-0.10800252109766006,
201,6.706707,11,left_shoulder,0.0660828948020935,-0.28461652994155884,-0.09848110377788544,
201,6.706707,12,left_elbow,0.05932600051164627,-0.15954653918743134,-0.19371691346168518,
201,6.706707,13,left_wrist,0.0687793716788292,-0.08799263834953308,-0.330109179019928,
201,6.706707,14,right_shoulder,-0.09723682701587677,-0.3056960105895996,-0.0023935697972774506,
201,6.706707,15,right_elbow,-0.13749104738235474,-0.42361828684806824,-0.11517597734928131,
201,6.706707,16,right_wrist,-0.045605726540088654,-0.5098485350608826,-0.19310221076011658,
202,6.740073,0,hip_center,2.9212229492259212e-05,0.00047016446478664875,-0.0010694917291402817,
202,6.740073,1,right_hip,-0.06090063974261284,-0.001474461518228054,0.03699839115142822,
202,6.740073,2,right_knee,-0.11992431432008743,0.24426443874835968,0.03009037673473358,
202,6.740073,3,right_ankle,-0.1549726277589798,0.4639357626438141,0.12438088655471802,
202,6.740073,4,left_hip,0.06095798313617706,0.002414172748103738,-0.03913812339305878,
202,6.740073,5,left_knee,0.09727659821510315,0.240314781665802,0.014072641730308533,
202,6.740073,6,left_ankle,0.16000965237617493,0.446499228477478,0.11333802342414856,
202,6.740073,7,spine,-0.007523566484451294,-0.14654314517974854,-0.025474902242422104,
202,6.740073,8,thorax,-0.014993345364928246,-0.2935805916786194,-0.04981961101293564,
202,6.740073,9,neck,-0.02082601934671402,-0.33324670791625977,-0.07821935415267944,
202,6.740073,10,head,-0.02672526426613331,-0.3727790415287018,-0.1068635955452919,
202,6.740073,11,left_shoulder,0.06641970574855804,-0.28434866666793823,-0.0984405055642128,
202,6.740073,12,left_elbow,0.05897539108991623,-0.15980777144432068,-0.1943163126707077,
202,6.740073,13,left_wrist,0.06928934156894684,-0.08641023933887482,-0.329662561416626,
202,6.740073,14,right_shoulder,-0.09646100550889969,-0.3061888813972473,-0.001780971884727478,
202,6.740073,15,right_elbow,-0.13506241142749786,-0.42423883080482483,-0.11500672996044159,
202,6.740073,16,right_wrist,-0.040410347282886505,-0.5088855028152466,-0.19134145975112915,
203,6.77344,0,hip_center,2.2449419702752493e-05,0.00047032529255375266,-0.0010749909561127424,
203,6.77344,1,right_hip,-0.06083749607205391,-0.0015225226525217295,0.037102069705724716,
203,6.77344,2,right_knee,-0.12006187438964844,0.24416793882846832,0.030190354213118553,
203,6.77344,3,right_ankle,-0.155281662940979,0.4638211727142334,0.12445906549692154,
203,6.77344,4,left_hip,0.06088130921125412,0.0024626257363706827,-0.03925279527902603,
203,6.77344,5,left_knee,0.0967499315738678,0.24044543504714966,0.013895493000745773,
203,6.77344,6,left_ankle,0.15983933210372925,0.4465634226799011,0.11307305097579956,
203,6.77344,7,spine,-0.007289683446288109,-0.14657172560691833,-0.025380315259099007,
203,6.77344,8,thorax,-0.014526735991239548,-0.2936357855796814,-0.049634166061878204,
203,6.77344,9,neck,-0.020292526111006737,-0.3334377706050873,-0.07785690575838089,
203,6.77344,10,head,-0.026132406666874886,-0.37306180596351624,-0.10638637840747833,
203,6.77344,11,left_shoulder,0.06663595139980316,-0.2843397855758667,-0.09865971654653549,
203,6.77344,12,left_elbow,0.05686527490615845,-0.16183048486709595,-0.1969146430492401,
203,6.77344,13,left_wrist,0.06744393706321716,-0.09007757157087326,-0.33311957120895386,
203,6.77344,14,right_shoulder,-0.0957319438457489,-0.3065788745880127,-0.0012415014207363129,
203,6.77344,15,right_elbow,-0.13274189829826355,-0.42421990633010864,-0.11542023718357086,
203,6.77344,16,right_wrist,-0.036716774106025696,-0.5082756280899048,-0.19068558514118195,
204,6.806807,0,hip_center,1.680207969911862e-05,0.00047594856005162,-0.0010741454316303134,
204,6.806807,1,right_hip,-0.06076887995004654,-0.0015638669719919562,0.037218570709228516,
204,6.806807,2,right_knee,-0.12020280957221985,0.24407383799552917,0.030229909345507622,
204,6.806807,3,right_ankle,-0.15564246475696564,0.46376702189445496,0.12432297319173813,
204,6.806807,4,left_hip,0.060801420360803604,0.002515306230634451,-0.03936757519841194,
204,6.806807,5,left_knee,0.09624198824167252,0.24059931933879852,0.013614356517791748,
204,6.806807,6,left_ankle,0.1596684753894806,0.4466993808746338,0.1126139909029007,
204,6.806807,7,spine,-0.00709406565874815,-0.14657384157180786,-0.02539227157831192,
204,6.806807,8,thorax,-0.014138113707304,-0.2936435341835022,-0.04966887831687927,
204,6.806807,9,neck,-0.01982259564101696,-0.33337318897247314,-0.07800976932048798,
204,6.806807,10,head,-0.025594009086489677,-0.3728386163711548,-0.10677208751440048,
204,6.806807,11,left_shoulder,0.06672000885009766,-0.2846852242946625,-0.09925734251737595,
204,6.806807,12,left_elbow,0.0521048866212368,-0.1666472852230072,-0.2022693157196045,
204,6.806807,13,left_wrist,0.062044769525527954,-0.10240583121776581,-0.3422207832336426,
204,6.806807,14,right_shoulder,-0.09503056108951569,-0.3068453073501587,-0.0008243843913078308,
204,6.806807,15,right_elbow,-0.130555659532547,-0.42345574498176575,-0.11652185022830963,
204,6.806807,16,right_wrist,-0.03479696065187454,-0.5082835555076599,-0.19125856459140778,
205,6.840174,0,hip_center,1.3817154467687942e-05,0.00048643071204423904,-0.0010684530716389418,
205,6.840174,1,right_hip,-0.06069858372211456,-0.0016017863526940346,0.037337735295295715,
205,6.840174,2,right_knee,-0.12033626437187195,0.24398256838321686,0.030211376026272774,
205,6.840174,3,right_ankle,-0.15605269372463226,0.4637562036514282,0.12401148676872253,
205,6.840174,4,left_hip,0.060725197196006775,0.002574295736849308,-0.039475273340940475,
205,6.840174,5,left_knee,0.0957603007555008,0.24077370762825012,0.013257138431072235,
205,6.840174,6,left_ankle,0.1594865620136261,0.4468858242034912,0.11203892529010773,
205,6.840174,7,spine,-0.006905212998390198,-0.14656105637550354,-0.02545577473938465,
205,6.840174,8,thorax,-0.013764897361397743,-0.293626606464386,-0.04981028288602829,
205,6.840174,9,neck,-0.01938422955572605,-0.33302879333496094,-0.07861750572919846,
205,6.840174,10,head,-0.025106292217969894,-0.37204769253730774,-0.10799237340688705,
205,6.840174,11,left_shoulder,0.06680391728878021,-0.2853103578090668,-0.09997808933258057,
205,6.840174,12,left_elbow,0.04425860941410065,-0.17498403787612915,-0.20987731218338013,
205,6.840174,13,left_wrist,0.05249670892953873,-0.12858062982559204,-0.3568161725997925,
205,6.840174,14,right_shoulder,-0.09436942636966705,-0.3069775700569153,-0.000532291829586029,
205,6.840174,15,right_elbow,-0.12874020636081696,-0.4215022325515747,-0.1186368390917778,
205,6.840174,16,right_wrist,-0.0356229767203331,-0.5095714330673218,-0.19296090304851532,
206,6.87354,0,hip_center,1.838001662690658e-05,0.0005008007865399122,-0.001057588029652834,
206,6.87354,1,right_hip,-0.060625847429037094,-0.0016439110040664673,0.037453047931194305,
206,6.87354,2,right_knee,-0.12045463919639587,0.24388791620731354,0.03012223169207573,
206,6.87354,3,right_ankle,-0.1565053015947342,0.4637555480003357,0.12357361614704132,
206,6.87354,4,left_hip,0.0606616772711277,0.002645279513671994,-0.0395687036216259,
206,6.87354,5,left_knee,0.0953177660703659,0.24096976220607758,0.012848056852817535,
206,6.87354,6,left_ankle,0.15928354859352112,0.44708192348480225,0.11147478222846985,
206,6.87354,7,spine,-0.006703570950776339,-0.14654235541820526,-0.02552609331905842,
206,6.87354,8,thorax,-0.013372447341680527,-0.2936020493507385,-0.049968618899583817,
206,6.87354,9,neck,-0.018966449424624443,-0.33239543437957764,-0.0795954093337059,
206,6.87354,10,head,-0.024677149951457977,-0.37067854404449463,-0.10992512106895447,
206,6.87354,11,left_shoulder,0.06697134673595428,-0.28605377674102783,-0.10061643272638321,
206,6.87354,12,left_elbow,0.0328717976808548,-0.1880086064338684,-0.2188635766506195,
206,6.87354,13,left_wrist,0.03545637056231499,-0.18502341210842133,-0.37312498688697815,
206,6.87354,14,right_shoulder,-0.09376835823059082,-0.30690690875053406,-0.0003385990858078003,
206,6.87354,15,right_elbow,-0.1278015822172165,-0.4176796078681946,-0.1220640167593956,
206,6.87354,16,right_wrist,-0.041141994297504425,-0.512506365776062,-0.19588182866573334,
207,6.906907,0,hip_center,2.3478894945583306e-05,0.0005177328712306917,-0.0010325670009478927,
207,6.906907,1,right_hip,-0.060557302087545395,-0.0016799008008092642,0.03757483884692192,
207,6.906907,2,right_knee,-0.12057138979434967,0.24379995465278625,0.03002186119556427,
207,6.906907,3,right_ankle,-0.15700316429138184,0.4637756049633026,0.12307029217481613,
207,6.906907,4,left_hip,0.060603462159633636,0.002715255133807659,-0.03964022174477577,
207,6.906907,5,left_knee,0.09488926082849503,0.24118009209632874,0.012380309402942657,
207,6.906907,6,left_ankle,0.15903905034065247,0.4472970962524414,0.1108773872256279,
207,6.906907,7,spine,-0.006562754511833191,-0.14650306105613708,-0.02567167580127716,
207,6.906907,8,thorax,-0.013102749362587929,-0.2935391664505005,-0.0502903126180172,
207,6.906907,9,neck,-0.018729694187641144,-0.33161309361457825,-0.08083011209964752,
207,6.906907,10,head,-0.024491051211953163,-0.3690309226512909,-0.11221183091402054,
207,6.906907,11,left_shoulder,0.06693663448095322,-0.2867540717124939,-0.1015247106552124,
207,6.906907,12,left_elbow,0.020153433084487915,-0.20356523990631104,-0.22662058472633362,
207,6.906907,13,left_wrist,0.016014643013477325,-0.2505591809749603,-0.3735444247722626,
207,6.906907,14,right_shoulder,-0.09322186559438705,-0.3067850172519684,-0.00019906461238861084,
207,6.906907,15,right_elbow,-0.12670564651489258,-0.41348424553871155,-0.12565839290618896,
207,6.906907,16,right_wrist,-0.047730401158332825,-0.5153550505638123,-0.1987084448337555,
208,6.940274,0,hip_center,2.6729847377282567e-05,0.0005354289896786213,-0.0009964070050045848,
208,6.940274,1,right_hip,-0.06049087643623352,-0.0016991265583783388,0.03770783171057701,
208,6.940274,2,right_knee,-0.12068997323513031,0.24372780323028564,0.029910987243056297,
208,6.940274,3,right_ankle,-0.15754491090774536,0.4638215899467468,0.12251237779855728,
208,6.940274,4,left_hip,0.06054370850324631,0.002769975457340479,-0.039700623601675034,
208,6.940274,5,left_knee,0.09447100758552551,0.2413845956325531,0.011866237968206406,
208,6.940274,6,left_ankle,0.15873895585536957,0.4475286900997162,0.11022944748401642,
208,6.940274,7,spine,-0.006509330123662949,-0.14644251763820648,-0.025903044268488884,
208,6.940274,8,thorax,-0.013006659224629402,-0.29343485832214355,-0.05079306662082672,
208,6.940274,9,neck,-0.018744906410574913,-0.33077216148376465,-0.08220907300710678,
208,6.940274,10,head,-0.024636702612042427,-0.36728599667549133,-0.11461472511291504,
208,6.940274,11,left_shoulder,0.06662965565919876,-0.2873368561267853,-0.10273702442646027,
208,6.940274,12,left_elbow,0.008401434868574142,-0.218510240316391,-0.23169590532779694,
208,6.940274,13,left_wrist,-2.1608546376228333e-05,-0.29767221212387085,-0.3638874888420105,
208,6.940274,14,right_shoulder,-0.09276217222213745,-0.3066810667514801,-0.00012497976422309875,
208,6.940274,15,right_elbow,-0.12509718537330627,-0.40960896015167236,-0.12899011373519897,
208,6.940274,16,right_wrist,-0.053599610924720764,-0.5173963308334351,-0.20124690234661102,
209,6.97364,0,hip_center,3.141588967991993e-05,0.0005556090618483722,-0.0009501072927378118,
209,6.97364,1,right_hip,-0.06041787937283516,-0.001703689806163311,0.03785930573940277,
209,6.97364,2,right_knee,-0.1208055391907692,0.24366861581802368,0.02980498969554901,
209,6.97364,3,right_ankle,-0.15813811123371124,0.46388331055641174,0.12192631512880325,
209,6.97364,4,left_hip,0.06048028543591499,0.002814982319250703,-0.03975917771458626,
209,6.97364,5,left_knee,0.0940844863653183,0.24158084392547607,0.011316664516925812,
209,6.97364,6,left_ankle,0.1583767831325531,0.4477692246437073,0.10957111418247223,
209,6.97364,7,spine,-0.0065529546700417995,-0.14635708928108215,-0.026226336136460304,
209,6.97364,8,thorax,-0.01310625858604908,-0.2932828664779663,-0.05149159952998161,
209,6.97364,9,neck,-0.01903824880719185,-0.32988548278808594,-0.08372554183006287,
209,6.97364,10,head,-0.025144634768366814,-0.36548691987991333,-0.11709241569042206,
209,6.97364,11,left_shoulder,0.0660000592470169,-0.2878005802631378,-0.10430672764778137,
209,6.97364,12,left_elbow,-0.002254270017147064,-0.2319796234369278,-0.23462706804275513,
209,6.97364,13,left_wrist,-0.013066818937659264,-0.32898378372192383,-0.35414886474609375,
209,6.97364,14,right_shoulder,-0.09238399565219879,-0.3065732717514038,-9.058043360710144e-05,
209,6.97364,15,right_elbow,-0.12304497510194778,-0.4062347412109375,-0.1318988800048828,
209,6.97364,16,right_wrist,-0.0576447993516922,-0.5182527899742126,-0.2034938931465149,
210,7.007007,0,hip_center,3.8484809920191765e-05,0.0005783101660199463,-0.0008936966769397259,
210,7.007007,1,right_hip,-0.06034138798713684,-0.001695977058261633,0.03802275285124779,
210,7.007007,2,right_knee,-0.12092364579439163,0.24361950159072876,0.029703855514526367,
210,7.007007,3,right_ankle,-0.15879541635513306,0.46395814418792725,0.12130722403526306,
210,7.007007,4,left_hip,0.06041816994547844,0.0028527327813208103,-0.039809450507164,
210,7.007007,5,left_knee,0.0937466025352478,0.241769477725029,0.010738901793956757,
210,7.007007,6,left_ankle,0.15795138478279114,0.4480181336402893,0.10892397910356522,
210,7.007007,7,spine,-0.006688609719276428,-0.1462445706129074,-0.02664959244430065,
210,7.007007,8,thorax,-0.013391519896686077,-0.29307883977890015,-0.05240294709801674,
210,7.007007,9,neck,-0.019593602046370506,-0.3289610743522644,-0.08538728952407837,
210,7.007007,10,head,-0.0259920135140419,-0.3636621832847595,-0.11963626742362976,
210,7.007007,11,left_shoulder,0.06507468223571777,-0.28814995288848877,-0.10621805489063263,
210,7.007007,12,left_elbow,-0.012249350547790527,-0.24386972188949585,-0.23590336740016937,
210,7.007007,13,left_wrist,-0.02459874376654625,-0.3517626225948334,-0.3455336093902588,
210,7.007007,14,right_shoulder,-0.09209789335727692,-0.3064357340335846,-0.0001482143998146057,
210,7.007007,15,right_elbow,-0.12083937227725983,-0.4032384753227234,-0.13449513912200928,
210,7.007007,16,right_wrist,-0.05926261097192764,-0.517704427242279,-0.2056071162223816,
211,7.040374,0,hip_center,4.8256082664011046e-05,0.0006024586618877947,-0.0008290944388136268,
211,7.040374,1,right_hip,-0.060265399515628815,-0.0016703731380403042,0.03818998858332634,
211,7.040374,2,right_knee,-0.12106254696846008,0.24358153343200684,0.0295695960521698,
211,7.040374,3,right_ankle,-0.15952837467193604,0.46404793858528137,0.1206163614988327,
211,7.040374,4,left_hip,0.060361962765455246,0.00287544634193182,-0.039847102016210556,
211,7.040374,5,left_knee,0.09345785528421402,0.24194486439228058,0.010128937661647797,
211,7.040374,6,left_ankle,0.15745428204536438,0.44828808307647705,0.10825139284133911,
211,7.040374,7,spine,-0.006907171104103327,-0.14610843360424042,-0.02715613879263401,
211,7.040374,8,thorax,-0.013843618333339691,-0.29282844066619873,-0.05349230393767357,
211,7.040374,9,neck,-0.020395291969180107,-0.32801786065101624,-0.08714860677719116,
211,7.040374,10,head,-0.02717495709657669,-0.36185693740844727,-0.12217792868614197,
211,7.040374,11,left_shoulder,0.06393540650606155,-0.2883663475513458,-0.10833586752414703,
211,7.040374,12,left_elbow,-0.020748503506183624,-0.25311532616615295,-0.23617962002754211,
211,7.040374,13,left_wrist,-0.03409619629383087,-0.36694276332855225,-0.3395107686519623,
211,7.040374,14,right_shoulder,-0.0919446349143982,-0.3062545657157898,-0.0003544725477695465,
211,7.040374,15,right_elbow,-0.11871602386236191,-0.4003349542617798,-0.13702233135700226,
211,7.040374,16,right_wrist,-0.05992291867733002,-0.5163330435752869,-0.20800742506980896,
212,7.07374,0,hip_center,5.826758570037782e-05,0.0006223975215107203,-0.0007549838628619909,
212,7.07374,1,right_hip,-0.06018102541565895,-0.0016116625629365444,0.03838104382157326,
212,7.07374,2,right_knee,-0.12125234305858612,0.24355396628379822,0.029259100556373596,
212,7.07374,3,right_ankle,-0.16034145653247833,0.46412909030914307,0.11977562308311462,
212,7.07374,4,left_hip,0.060297880321741104,0.0028565574903041124,-0.039889514446258545,
212,7.07374,5,left_knee,0.09319926053285599,0.24208122491836548,0.009468156844377518,
212,7.07374,6,left_ankle,0.15687960386276245,0.44856518507003784,0.10750006139278412,
212,7.07374,7,spine,-0.007224574685096741,-0.14596229791641235,-0.027689455077052116,
212,7.07374,8,thorax,-0.014492223039269447,-0.29255348443984985,-0.05464646965265274,
212,7.07374,9,neck,-0.021496441215276718,-0.3271351456642151,-0.08883734047412872,
212,7.07374,10,head,-0.028758829459547997,-0.36024072766304016,-0.12446567416191101,
212,7.07374,11,left_shoulder,0.06260932981967926,-0.2883712351322174,-0.11046010255813599,
212,7.07374,12,left_elbow,-0.02521313726902008,-0.25666487216949463,-0.2371090203523636,
212,7.07374,13,left_wrist,-0.03500361740589142,-0.3648376166820526,-0.346721887588501,
212,7.07374,14,right_shoulder,-0.09200013428926468,-0.30602869391441345,-0.0006594285368919373,
212,7.07374,15,right_elbow,-0.11702293157577515,-0.3971779942512512,-0.13962560892105103,
212,7.07374,16,right_wrist,-0.06078508123755455,-0.5141719579696655,-0.21104542911052704,
213,7.107107,0,hip_center,6.958193989703432e-05,0.0006249891594052315,-0.0006656490149907768,
213,7.107107,1,right_hip,-0.06004379317164421,-0.0015574188437312841,0.03866640850901604,
213,7.107107,2,right_knee,-0.12151642888784409,0.24348172545433044,0.028866786509752274,
213,7.107107,3,right_ankle,-0.1612403243780136,0.46414420008659363,0.1188926249742508,
213,7.107107,4,left_hip,0.06018378585577011,0.002807462587952614,-0.039995454251766205,
213,7.107107,5,left_knee,0.09297653287649155,0.2421863079071045,0.008682463318109512,
213,7.107107,6,left_ankle,0.15624982118606567,0.44883620738983154,0.10662835836410522,
213,7.107107,7,spine,-0.007639653980731964,-0.14584270119667053,-0.028113072738051414,
213,7.107107,8,thorax,-0.01533946767449379,-0.2923147976398468,-0.05559229105710983,
213,7.107107,9,neck,-0.022886522114276886,-0.3263450562953949,-0.09021813422441483,
213,7.107107,10,head,-0.030710015445947647,-0.3588951528072357,-0.12623736262321472,
213,7.107107,11,left_shoulder,0.06112288311123848,-0.28781217336654663,-0.11225389689207077,
213,7.107107,12,left_elbow,-0.018613379448652267,-0.2474714070558548,-0.2417636513710022,
213,7.107107,13,left_wrist,-0.028875745832920074,-0.34714454412460327,-0.35911834239959717,
213,7.107107,14,right_shoulder,-0.09225258231163025,-0.3057461678981781,-0.0007504336535930634,
213,7.107107,15,right_elbow,-0.1162199154496193,-0.39369404315948486,-0.14194773137569427,
213,7.107107,16,right_wrist,-0.06192493438720703,-0.5114051103591919,-0.21369194984436035,
214,7.140474,0,hip_center,8.647909271530807e-05,0.0006241075461730361,-0.0005702189519070089,
214,7.140474,1,right_hip,-0.059918005019426346,-0.0014803247759118676,0.03893200680613518,
214,7.140474,2,right_knee,-0.12185508757829666,0.24341191351413727,0.02841067686676979,
214,7.140474,3,right_ankle,-0.16228407621383667,0.46413642168045044,0.1179693341255188,
214,7.140474,4,left_hip,0.06009227782487869,0.002728655468672514,-0.04006945714354515,
214,7.140474,5,left_knee,0.09285382181406021,0.24225479364395142,0.007899709045886993,
214,7.140474,6,left_ankle,0.155543252825737,0.4491289556026459,0.10574757307767868,
214,7.140474,7,spine,-0.008123504929244518,-0.1456773430109024,-0.028749234974384308,
214,7.140474,8,thorax,-0.016332242637872696,-0.2919793725013733,-0.056976862251758575,
214,7.140474,9,neck,-0.024406444281339645,-0.3254176378250122,-0.09205757826566696,
214,7.140474,10,head,-0.03276431933045387,-0.35741549730300903,-0.12844964861869812,
214,7.140474,11,left_shoulder,0.059492748230695724,-0.2869472801685333,-0.11444468796253204,
214,7.140474,12,left_elbow,-0.013646822422742844,-0.23984362185001373,-0.2455548346042633,
214,7.140474,13,left_wrist,-0.02515765279531479,-0.3331579864025116,-0.36791539192199707,
214,7.140474,14,right_shoulder,-0.09264037013053894,-0.30534154176712036,-0.0012796372175216675,
214,7.140474,15,right_elbow,-0.11645014584064484,-0.39094066619873047,-0.14393943548202515,
214,7.140474,16,right_wrist,-0.06267711520195007,-0.5081841349601746,-0.2168332040309906,
215,7.173841,0,hip_center,0.0001062231749529019,0.0006255927728489041,-0.0004840377368964255,
215,7.173841,1,right_hip,-0.059842512011528015,-0.0013691968051716685,0.039108406752347946,
215,7.173841,2,right_knee,-0.12228161096572876,0.24336187541484833,0.02783118560910225,
215,7.173841,3,right_ankle,-0.1634960174560547,0.464122474193573,0.11694179475307465,
215,7.173841,4,left_hip,0.06005648523569107,0.0026205661706626415,-0.040073197335004807,
215,7.173841,5,left_knee,0.0928601622581482,0.2422945350408554,0.0071224644780159,
215,7.173841,6,left_ankle,0.15474319458007812,0.44947391748428345,0.10483769327402115,
215,7.173841,7,spine,-0.008666287176311016,-0.1454336941242218,-0.029729673638939857,
215,7.173841,8,thorax,-0.01744813472032547,-0.29148584604263306,-0.05905738100409508,
215,7.173841,9,neck,-0.02596157416701317,-0.32432225346565247,-0.09459972381591797,
215,7.173841,10,head,-0.034757424145936966,-0.35575971007347107,-0.13137497007846832,
215,7.173841,11,left_shoulder,0.05773793160915375,-0.2859455347061157,-0.11731253564357758,
215,7.173841,12,left_elbow,-0.014288462698459625,-0.2371487319469452,-0.24841971695423126,
215,7.173841,13,left_wrist,-0.025667410343885422,-0.3270464837551117,-0.37332403659820557,
215,7.173841,14,right_shoulder,-0.09315219521522522,-0.3048197031021118,-0.0025351494550704956,
215,7.173841,15,right_elbow,-0.11774926632642746,-0.38927701115608215,-0.14574088156223297,
215,7.173841,16,right_wrist,-0.06331697851419449,-0.5048644542694092,-0.2207590639591217,
216,7.207207,0,hip_center,0.00012836117821279913,0.0006313364137895405,-0.0004162464174441993,
216,7.207207,1,right_hip,-0.05983111262321472,-0.0012290156446397305,0.039166487753391266,
216,7.207207,2,right_knee,-0.12281044572591782,0.24333100020885468,0.02720375545322895,
216,7.207207,3,right_ankle,-0.16488076746463776,0.4641152322292328,0.1158546432852745,
216,7.207207,4,left_hip,0.060089174658060074,0.002491947263479233,-0.03999596834182739,
216,7.207207,5,left_knee,0.09300406277179718,0.24231629073619843,0.0063508376479148865,
216,7.207207,6,left_ankle,0.15385060012340546,0.44989997148513794,0.10385877639055252,
216,7.207207,7,spine,-0.009236793033778667,-0.14511549472808838,-0.031006040051579475,
216,7.207207,8,thorax,-0.018623271957039833,-0.29084253311157227,-0.06173040717840195,
216,7.207207,9,neck,-0.02743140235543251,-0.32306310534477234,-0.09776118397712708,
216,7.207207,10,head,-0.03651166707277298,-0.3539119362831116,-0.13496331870555878,
216,7.207207,11,left_shoulder,0.056045666337013245,-0.28491395711898804,-0.12060914933681488,
216,7.207207,12,left_elbow,-0.021249860525131226,-0.23927538096904755,-0.24983973801136017,
216,7.207207,13,left_wrist,-0.03428955003619194,-0.33567744493484497,-0.36962616443634033,
216,7.207207,14,right_shoulder,-0.09384305775165558,-0.3041842579841614,-0.0045671239495277405,
216,7.207207,15,right_elbow,-0.1201215609908104,-0.3884159028530121,-0.1476069986820221,
216,7.207207,16,right_wrist,-0.06423039734363556,-0.5018045902252197,-0.2248743623495102,
217,7.240574,0,hip_center,0.00015459480346180499,0.0006342616397887468,-0.0003545427753124386,
217,7.240574,1,right_hip,-0.05984998121857643,-0.0010708270128816366,0.03916678577661514,
217,7.240574,2,right_knee,-0.12343432009220123,0.2432977259159088,0.02651161327958107,
217,7.240574,3,right_ankle,-0.16640953719615936,0.4640842080116272,0.11472178995609283,
217,7.240574,4,left_hip,0.06016015633940697,0.002339666709303856,-0.0398733951151371,
217,7.240574,5,left_knee,0.09325937926769257,0.24232721328735352,0.005486663430929184,
217,7.240574,6,left_ankle,0.15285763144493103,0.45036089420318604,0.10280637443065643,
217,7.240574,7,spine,-0.009839064441621304,-0.1447496861219406,-0.03243591636419296,
217,7.240574,8,thorax,-0.019867293536663055,-0.29009705781936646,-0.064716637134552,
217,7.240574,9,neck,-0.028839726001024246,-0.3217383623123169,-0.10121718049049377,
217,7.240574,10,head,-0.038063522428274155,-0.35205209255218506,-0.13882169127464294,
217,7.240574,11,left_shoulder,0.0544402077794075,-0.28376853466033936,-0.12400953471660614,
217,7.240574,12,left_elbow,-0.02959928661584854,-0.24208810925483704,-0.25033503770828247,
217,7.240574,13,left_wrist,-0.045841705054044724,-0.34634917974472046,-0.36293160915374756,
217,7.240574,14,right_shoulder,-0.09474630653858185,-0.3034346401691437,-0.0071067288517951965,
217,7.240574,15,right_elbow,-0.12352856248617172,-0.3877057135105133,-0.14964058995246887,
217,7.240574,16,right_wrist,-0.06608813256025314,-0.4985409379005432,-0.22943541407585144,
218,7.273941,0,hip_center,0.00018333527259528637,0.0006341930711641908,-0.0002976474934257567,
218,7.273941,1,right_hip,-0.059896934777498245,-0.000895040575414896,0.039115723222494125,
218,7.273941,2,right_knee,-0.1241292953491211,0.24326525628566742,0.025734620168805122,
218,7.273941,3,right_ankle,-0.16804936528205872,0.4640274941921234,0.11353910714387894,
218,7.273941,4,left_hip,0.06026419624686241,0.0021637650206685066,-0.03970913589000702,
218,7.273941,5,left_knee,0.09359671920537949,0.24234096705913544,0.0044608935713768005,
218,7.273941,6,left_ankle,0.15176522731781006,0.4508289098739624,0.10167345404624939,
218,7.273941,7,spine,-0.010470866225659847,-0.14434438943862915,-0.033961836248636246,
218,7.273941,8,thorax,-0.021173767745494843,-0.2892661690711975,-0.06789696216583252,
218,7.273941,9,neck,-0.03017798811197281,-0.3203401267528534,-0.10487396270036697,
218,7.273941,10,head,-0.03940320760011673,-0.3501509130001068,-0.14287807047367096,
218,7.273941,11,left_shoulder,0.05297783762216568,-0.28252214193344116,-0.12733903527259827,
218,7.273941,12,left_elbow,-0.037232816219329834,-0.24417293071746826,-0.250421941280365,
218,7.273941,13,left_wrist,-0.05892741680145264,-0.3542701005935669,-0.35634705424308777,
218,7.273941,14,right_shoulder,-0.09590151906013489,-0.30253884196281433,-0.010076049715280533,
218,7.273941,15,right_elbow,-0.12813712656497955,-0.38665682077407837,-0.15195968747138977,
218,7.273941,16,right_wrist,-0.068704754114151,-0.49443691968917847,-0.2344357967376709,
219,7.307307,0,hip_center,0.0002131205692421645,0.0006317594670690596,-0.0002443968260195106,
219,7.307307,1,right_hip,-0.05997874587774277,-0.0007023332291282713,0.03900545835494995,
219,7.307307,2,right_knee,-0.12485862523317337,0.24324439465999603,0.02487376146018505,
219,7.307307,3,right_ankle,-0.16977976262569427,0.46396151185035706,0.11228439956903458,
219,7.307307,4,left_hip,0.060405369848012924,0.001966172829270363,-0.03949268162250519,
219,7.307307,5,left_knee,0.09398943185806274,0.24236682057380676,0.003248002380132675,
219,7.307307,6,left_ankle,0.15056176483631134,0.45129990577697754,0.10044683516025543,
219,7.307307,7,spine,-0.011130241677165031,-0.1439071148633957,-0.03553489223122597,
219,7.307307,8,thorax,-0.022537004202604294,-0.28836673498153687,-0.0711686909198761,
219,7.307307,9,neck,-0.03143983334302902,-0.31882986426353455,-0.10867472738027573,
219,7.307307,10,head,-0.040526650846004486,-0.3481060564517975,-0.14712512493133545,
219,7.307307,11,left_shoulder,0.051711712032556534,-0.2812406122684479,-0.13044473528862,
219,7.307307,12,left_elbow,-0.043485354632139206,-0.24502839148044586,-0.25037896633148193,
219,7.307307,13,left_wrist,-0.0722067803144455,-0.35802680253982544,-0.3514661490917206,
219,7.307307,14,right_shoulder,-0.09735217690467834,-0.3014684021472931,-0.013421870768070221,
219,7.307307,15,right_elbow,-0.13401713967323303,-0.3848823010921478,-0.1546441614627838,
219,7.307307,16,right_wrist,-0.07218843698501587,-0.48923128843307495,-0.23972982168197632,
220,7.340674,0,hip_center,0.0002454622008372098,0.0006277836509980261,-0.00019446703663561493,
220,7.340674,1,right_hip,-0.060098521411418915,-0.0004934166208840907,0.03882782161235809,
220,7.340674,2,right_knee,-0.12556782364845276,0.24325309693813324,0.023978397250175476,
220,7.340674,3,right_ankle,-0.17156349122524261,0.46390998363494873,0.11098136752843857,
220,7.340674,4,left_hip,0.060589905828237534,0.0017492547631263733,-0.03921504318714142,
220,7.340674,5,left_knee,0.0944121927022934,0.24240630865097046,0.0018625408411026,
220,7.340674,6,left_ankle,0.14925391972064972,0.4517671465873718,0.09913284331560135,
220,7.340674,7,spine,-0.011810478754341602,-0.1434435397386551,-0.03712259605526924,
220,7.340674,8,thorax,-0.023944713175296783,-0.28741222620010376,-0.07446230947971344,
220,7.340674,9,neck,-0.03259865939617157,-0.3171934485435486,-0.11256945133209229,
220,7.340674,10,head,-0.04139644652605057,-0.34586814045906067,-0.15153688192367554,
220,7.340674,11,left_shoulder,0.05065315216779709,-0.27997493743896484,-0.1332598328590393,
220,7.340674,12,left_elbow,-0.047950081527233124,-0.24434345960617065,-0.25058770179748535,
220,7.340674,13,left_wrist,-0.08444571495056152,-0.3577716648578644,-0.34864017367362976,
220,7.340674,14,right_shoulder,-0.0990910530090332,-0.3002318739891052,-0.017083361744880676,
220,7.340674,15,right_elbow,-0.1410006731748581,-0.3824802041053772,-0.1575281322002411,
220,7.340674,16,right_wrist,-0.07705237716436386,-0.48323512077331543,-0.24533548951148987,
221,7.374041,0,hip_center,0.0002815041516441852,0.0006238922360353172,-0.00014593258674722165,
221,7.374041,1,right_hip,-0.06025316193699837,-0.0002719690673984587,0.038585759699344635,
221,7.374041,2,right_knee,-0.12619608640670776,0.2433091253042221,0.023129800334572792,
221,7.374041,3,right_ankle,-0.17335399985313416,0.46390408277511597,0.10966630280017853,
221,7.374041,4,left_hip,0.06081722676753998,0.0015199657063931227,-0.03887496516108513,
221,7.374041,5,left_knee,0.09484652429819107,0.24245479702949524,0.0003621205687522888,
221,7.374041,6,left_ankle,0.14786721765995026,0.4522305727005005,0.09774796664714813,
221,7.374041,7,spine,-0.012503562495112419,-0.14295750856399536,-0.03870110586285591,
221,7.374041,8,thorax,-0.025381553918123245,-0.28641295433044434,-0.0777287632226944,
221,7.374041,9,neck,-0.033624161034822464,-0.3154605031013489,-0.11648783087730408,
221,7.374041,10,head,-0.04197224974632263,-0.3434768319129944,-0.1560288667678833,
221,7.374041,11,left_shoulder,0.04981369152665138,-0.2787814140319824,-0.13573512434959412,
221,7.374041,12,left_elbow,-0.05027573183178902,-0.24191606044769287,-0.2514117360115051,
221,7.374041,13,left_wrist,-0.09443436563014984,-0.3540721535682678,-0.3477610945701599,
221,7.374041,14,right_shoulder,-0.10110747814178467,-0.29885685443878174,-0.021033145487308502,
221,7.374041,15,right_elbow,-0.14884692430496216,-0.37937647104263306,-0.16061633825302124,
221,7.374041,16,right_wrist,-0.08361959457397461,-0.47646230459213257,-0.2515603005886078,
222,7.407407,0,hip_center,0.0003198896301910281,0.0006187661783769727,-9.017094998853281e-05,
222,7.407407,1,right_hip,-0.06042883172631264,-3.845983883365989e-05,0.0383097305893898,
222,7.407407,2,right_knee,-0.12668350338935852,0.24342511594295502,0.022343959659337997,
222,7.407407,3,right_ankle,-0.17509391903877258,0.46394503116607666,0.10837870836257935,
222,7.407407,4,left_hip,0.061070412397384644,0.001276112743653357,-0.03848621994256973,
222,7.407407,5,left_knee,0.0952790230512619,0.2424866259098053,-0.0011448711156845093,
222,7.407407,6,left_ankle,0.1464369148015976,0.45268312096595764,0.0963301956653595,
222,7.407407,7,spine,-0.013222887180745602,-0.14246581494808197,-0.040202170610427856,
222,7.407407,8,thorax,-0.026873614639043808,-0.28540366888046265,-0.08083342015743256,
222,7.407407,9,neck,-0.03455686569213867,-0.3136627972126007,-0.12028409540653229,
222,7.407407,10,head,-0.042313240468502045,-0.34095636010169983,-0.16044625639915466,
222,7.407407,11,left_shoulder,0.049149516969919205,-0.2776890695095062,-0.13773922622203827,
222,7.407407,12,left_elbow,-0.04863326624035835,-0.2363731563091278,-0.2538837492465973,
222,7.407407,13,left_wrist,-0.09756006300449371,-0.3449367880821228,-0.352027952671051,
222,7.407407,14,right_shoulder,-0.10341449081897736,-0.2973984479904175,-0.025144286453723907,
222,7.407407,15,right_elbow,-0.15775232017040253,-0.3758290410041809,-0.16349881887435913,
222,7.407407,16,right_wrist,-0.09167339652776718,-0.46809905767440796,-0.25874000787734985,
223,7.440774,0,hip_center,0.00036601084866560996,0.0006062251050025225,-1.5511366655118763e-05,
223,7.440774,1,right_hip,-0.06058971956372261,0.00019140442600473762,0.038058359175920486,
223,7.440774,2,right_knee,-0.12698757648468018,0.24359861016273499,0.021829580888152122,
223,7.440774,3,right_ankle,-0.17673489451408386,0.46405228972435,0.10726937651634216,
223,7.440774,4,left_hip,0.0613243542611599,0.0010209311731159687,-0.038084182888269424,
223,7.440774,5,left_knee,0.0957038551568985,0.24249032139778137,-0.0026198774576187134,
223,7.440774,6,left_ankle,0.1449916958808899,0.45310643315315247,0.09491289407014847,
223,7.440774,7,spine,-0.013966673985123634,-0.14201773703098297,-0.04147098585963249,
223,7.440774,8,thorax,-0.028423283249139786,-0.28448206186294556,-0.08346372842788696,
223,7.440774,9,neck,-0.03547811508178711,-0.311880886554718,-0.12363212555646896,
223,7.440774,10,head,-0.042582329362630844,-0.33840814232826233,-0.16442346572875977,
223,7.440774,11,left_shoulder,0.04863262549042702,-0.27667468786239624,-0.13895007967948914,
223,7.440774,12,left_elbow,-0.04169647768139839,-0.22569367289543152,-0.25727006793022156,
223,7.440774,13,left_wrist,-0.09055587649345398,-0.3256649374961853,-0.3641844093799591,
223,7.440774,14,right_shoulder,-0.10597194731235504,-0.2958800196647644,-0.029058296233415604,
223,7.440774,15,right_elbow,-0.1679178774356842,-0.37167757749557495,-0.16567224264144897,
223,7.440774,16,right_wrist,-0.1013575866818428,-0.4574970006942749,-0.26644831895828247,
224,7.474141,0,hip_center,0.0004097087658010423,0.0006018115091137588,5.028682426200248e-05,
224,7.474141,1,right_hip,-0.060819100588560104,0.0004323777975514531,0.0376853384077549,
224,7.474141,2,right_knee,-0.12707392871379852,0.24388553202152252,0.021562274545431137,
224,7.474141,3,right_ankle,-0.17829939723014832,0.4643070697784424,0.10620789229869843,
224,7.474141,4,left_hip,0.06164224445819855,0.0007710378849878907,-0.03757766634225845,
224,7.474141,5,left_knee,0.09614766389131546,0.24248424172401428,-0.003944095224142075,
224,7.474141,6,left_ankle,0.14353661239147186,0.453581303358078,0.09349001944065094,
224,7.474141,7,spine,-0.014702845364809036,-0.1415538638830185,-0.04271597042679787,
224,7.474141,8,thorax,-0.029953274875879288,-0.283538818359375,-0.08603070676326752,
224,7.474141,9,neck,-0.03626400977373123,-0.30993562936782837,-0.12698616087436676,
224,7.474141,10,head,-0.04261280596256256,-0.3354789912700653,-0.16852323710918427,
224,7.474141,11,left_shoulder,0.04830292984843254,-0.2759653627872467,-0.1398443877696991,
224,7.474141,12,left_elbow,-0.03454342111945152,-0.21541553735733032,-0.25912654399871826,
224,7.474141,13,left_wrist,-0.08610948175191879,-0.3051365911960602,-0.3735959529876709,
224,7.474141,14,right_shoulder,-0.10871413350105286,-0.2943209409713745,-0.033265840262174606,
224,7.474141,15,right_elbow,-0.1784205138683319,-0.3665054440498352,-0.16808553040027618,
224,7.474141,16,right_wrist,-0.11113102734088898,-0.44432342052459717,-0.2747042775154114,
225,7.507508,0,hip_center,0.0004462155047804117,0.0006093253032304347,0.0001107544667320326,
225,7.507508,1,right_hip,-0.06113215908408165,0.0006864718161523342,0.037171371281147,
225,7.507508,2,right_knee,-0.12693914771080017,0.24429181218147278,0.021519843488931656,
225,7.507508,3,right_ankle,-0.179768368601799,0.46471381187438965,0.10517266392707825,
225,7.507508,4,left_hip,0.06202971935272217,0.0005321184289641678,-0.0369403101503849,
225,7.507508,5,left_knee,0.09661762416362762,0.24246865510940552,-0.005041714757680893,
225,7.507508,6,left_ankle,0.14208932220935822,0.4541308283805847,0.09207949042320251,
225,7.507508,7,spine,-0.015434904024004936,-0.141069233417511,-0.043940991163253784,
225,7.507508,8,thorax,-0.03146562725305557,-0.2825673818588257,-0.08854767680168152,
225,7.507508,9,neck,-0.03694533556699753,-0.3078196346759796,-0.1303359866142273,
225,7.507508,10,head,-0.04245781525969505,-0.33211955428123474,-0.1727297008037567,
225,7.507508,11,left_shoulder,0.04809509962797165,-0.2756286859512329,-0.1405019611120224,
225,7.507508,12,left_elbow,-0.02806156873703003,-0.20673812925815582,-0.25971719622612,
225,7.507508,13,left_wrist,-0.08450694382190704,-0.2877277135848999,-0.3783206343650818,
225,7.507508,14,right_shoulder,-0.11159425228834152,-0.2927514314651489,-0.037760406732559204,
225,7.507508,15,right_elbow,-0.188761368393898,-0.3599400818347931,-0.1710902750492096,
225,7.507508,16,right_wrist,-0.12024819105863571,-0.4281879663467407,-0.2833365797996521,
226,7.540874,0,hip_center,0.00047536063357256353,0.0006328930612653494,0.00016268012404907495,
226,7.540874,1,right_hip,-0.061547718942165375,0.0009610620327293873,0.03647275269031525,
226,7.540874,2,right_knee,-0.1265784502029419,0.2448285073041916,0.021681252866983414,
226,7.540874,3,right_ankle,-0.18112479150295258,0.4652642607688904,0.10418789088726044,
226,7.540874,4,left_hip,0.06250517815351486,0.00030514452373608947,-0.036134835332632065,
226,7.540874,5,left_knee,0.09713809192180634,0.24243944883346558,-0.005825378000736237,
226,7.540874,6,left_ankle,0.14065533876419067,0.4547850489616394,0.09069757163524628,
226,7.540874,7,spine,-0.016156597062945366,-0.140569269657135,-0.045124225318431854,
226,7.540874,8,thorax,-0.03294739872217178,-0.2815835475921631,-0.09096643328666687,
226,7.540874,9,neck,-0.037567514926195145,-0.30560341477394104,-0.13357706367969513,
226,7.540874,10,head,-0.04220837354660034,-0.3284250497817993,-0.17688681185245514,
226,7.540874,11,left_shoulder,0.04798497259616852,-0.27571043372154236,-0.14089398086071014,
226,7.540874,12,left_elbow,-0.023272760212421417,-0.20027559995651245,-0.25917309522628784,
226,7.540874,13,left_wrist,-0.08696047961711884,-0.27712202072143555,-0.3768619894981384,
226,7.540874,14,right_shoulder,-0.11457116156816483,-0.291202187538147,-0.04250301793217659,
226,7.540874,15,right_elbow,-0.19877418875694275,-0.3517831563949585,-0.1747366338968277,
226,7.540874,16,right_wrist,-0.12811759114265442,-0.4088413119316101,-0.2917967736721039,
227,7.574241,0,hip_center,0.0005021276301704347,0.0006686410633847117,0.0002041621191892773,
227,7.574241,1,right_hip,-0.062051091343164444,0.0012585645308718085,0.03558972850441933,
227,7.574241,2,right_knee,-0.12599921226501465,0.2454826384782791,0.022012067958712578,
227,7.574241,3,right_ankle,-0.18234187364578247,0.46591368317604065,0.10331543534994125,
227,7.574241,4,left_hip,0.06306365877389908,7.987342542037368e-05,-0.03516562655568123,
227,7.574241,5,left_knee,0.0977385938167572,0.2423747181892395,-0.006217721849679947,
227,7.574241,6,left_ankle,0.13924863934516907,0.4555344581604004,0.08939041197299957,
227,7.574241,7,spine,-0.016869498416781425,-0.14007562398910522,-0.04621628671884537,
227,7.574241,8,thorax,-0.034407492727041245,-0.28062838315963745,-0.09318235516548157,
227,7.574241,9,neck,-0.03822091221809387,-0.30339837074279785,-0.13655230402946472,
227,7.574241,10,head,-0.04202340543270111,-0.3245856463909149,-0.18076473474502563,
227,7.574241,11,left_shoulder,0.047880712896585464,-0.2761676013469696,-0.1409950852394104,
227,7.574241,12,left_elbow,-0.01993202045559883,-0.19535908102989197,-0.2577402889728546,
227,7.574241,13,left_wrist,-0.0915115475654602,-0.2694525420665741,-0.3726259171962738,
227,7.574241,14,right_shoulder,-0.1175595223903656,-0.2896880805492401,-0.04727679863572121,
227,7.574241,15,right_elbow,-0.20843133330345154,-0.3420167565345764,-0.17861586809158325,
227,7.574241,16,right_wrist,-0.13424962759017944,-0.38647711277008057,-0.29891306161880493,
228,7.607608,0,hip_center,0.0005268962122499943,0.0007127076387405396,0.00024498303537257016,
228,7.607608,1,right_hip,-0.0626356229186058,0.001575334696099162,0.034525346010923386,
228,7.607608,2,right_knee,-0.12523400783538818,0.2462252825498581,0.022402968257665634,
228,7.607608,3,right_ankle,-0.18343351781368256,0.4665898084640503,0.10257072746753693,
228,7.607608,4,left_hip,0.06369934976100922,-0.00014786061365157366,-0.03401601314544678,
228,7.607608,5,left_knee,0.09844525158405304,0.24227219820022583,-0.00622464157640934,
228,7.607608,6,left_ankle,0.13788561522960663,0.4563477039337158,0.08820637315511703,
228,7.607608,7,spine,-0.017574762925505638,-0.139584481716156,-0.04723770543932915,
228,7.607608,8,thorax,-0.03584884852170944,-0.2796890139579773,-0.09525071084499359,
228,7.607608,9,neck,-0.038914963603019714,-0.3012174665927887,-0.13930851221084595,
228,7.607608,10,head,-0.04191146418452263,-0.32064542174339294,-0.1843826174736023,
228,7.607608,11,left_shoulder,0.0477319210767746,-0.2769281566143036,-0.1409008502960205,
228,7.607608,12,left_elbow,-0.018962644040584564,-0.19198980927467346,-0.2553356885910034,
228,7.607608,13,left_wrist,-0.09901978075504303,-0.26359882950782776,-0.3661291003227234,
228,7.607608,14,right_shoulder,-0.12050548195838928,-0.28815194964408875,-0.052061691880226135,
228,7.607608,15,right_elbow,-0.21727454662322998,-0.3303777873516083,-0.1828235387802124,
228,7.607608,16,right_wrist,-0.1379013955593109,-0.3626058101654053,-0.30370497703552246,
229,7.640974,0,hip_center,0.0005473185447044671,0.000759051414206624,0.00029256928246468306,
229,7.640974,1,right_hip,-0.0632873997092247,0.0018994685960933566,0.03329590708017349,
229,7.640974,2,right_knee,-0.1243443638086319,0.24701105058193207,0.022738315165042877,
229,7.640974,3,right_ankle,-0.18443888425827026,0.4672226309776306,0.10192213952541351,
229,7.640974,4,left_hip,0.06439367681741714,-0.0003783910069614649,-0.03268717601895332,
229,7.640974,5,left_knee,0.09927166998386383,0.2421388179063797,-0.005927979946136475,
229,7.640974,6,left_ankle,0.13658902049064636,0.4571729302406311,0.08717851340770721,
229,7.640974,7,spine,-0.018277274444699287,-0.13909512758255005,-0.04820505529642105,
229,7.640974,8,thorax,-0.0372791588306427,-0.2787569761276245,-0.09721489250659943,
229,7.640974,9,neck,-0.03962220996618271,-0.2990632653236389,-0.14189296960830688,
229,7.640974,10,head,-0.041809890419244766,-0.31665536761283875,-0.18776050209999084,
229,7.640974,11,left_shoulder,0.04750499874353409,-0.27788490056991577,-0.14066818356513977,
229,7.640974,12,left_elbow,-0.02175767719745636,-0.1903354823589325,-0.2515546381473541,
229,7.640974,13,left_wrist,-0.11078231781721115,-0.2592390477657318,-0.35709649324417114,
229,7.640974,14,right_shoulder,-0.12337182462215424,-0.2864983379840851,-0.056819554418325424,
229,7.640974,15,right_elbow,-0.2247573733329773,-0.3164414167404175,-0.18747298419475555,
229,7.640974,16,right_wrist,-0.13823282718658447,-0.3387630879878998,-0.3056521415710449,
230,7.674341,0,hip_center,0.0005613855319097638,0.000804710085503757,0.0003399441484361887,
230,7.674341,1,right_hip,-0.06396856158971786,0.002215571468695998,0.031951457262039185,
230,7.674341,2,right_knee,-0.12340143322944641,0.24778898060321808,0.02297685295343399,
230,7.674341,3,right_ankle,-0.1853923499584198,0.46773386001586914,0.10143668204545975,
230,7.674341,4,left_hip,0.06510443985462189,-0.0006023574387654662,-0.031243745237588882,
230,7.674341,5,left_knee,0.10021435469388962,0.24197787046432495,-0.005373792722821236,
230,7.674341,6,left_ankle,0.1353769302368164,0.45797330141067505,0.08633583039045334,
230,7.674341,7,spine,-0.01897011138498783,-0.13863621652126312,-0.049059707671403885,
230,7.674341,8,thorax,-0.03868231922388077,-0.2778889834880829,-0.0989452600479126,
230,7.674341,9,neck,-0.040366798639297485,-0.2971513569355011,-0.14411260187625885,
230,7.674341,10,head,-0.04178772494196892,-0.313092440366745,-0.19060951471328735,
230,7.674341,11,left_shoulder,0.04716535657644272,-0.278985857963562,-0.14025235176086426,
230,7.674341,12,left_elbow,-0.02574608474969864,-0.18943274021148682,-0.2471269965171814,
230,7.674341,13,left_wrist,-0.12354115396738052,-0.2551262676715851,-0.34678971767425537,
230,7.674341,14,right_shoulder,-0.12606725096702576,-0.28473249077796936,-0.06125312298536301,
230,7.674341,15,right_elbow,-0.23092371225357056,-0.3003247082233429,-0.1916675865650177,
230,7.674341,16,right_wrist,-0.13674010336399078,-0.31635841727256775,-0.3049081861972809,
231,7.707708,0,hip_center,0.0005718658794648945,0.0008463633712381124,0.00038651993963867426,
231,7.707708,1,right_hip,-0.06464498490095139,0.0025194170884788036,0.030542021617293358,
231,7.707708,2,right_knee,-0.1224798709154129,0.24852503836154938,0.023095373064279556,
231,7.707708,3,right_ankle,-0.18634125590324402,0.4680687189102173,0.10117781162261963,
231,7.707708,4,left_hip,0.0658029317855835,-0.0008222601609304547,-0.029737211763858795,
231,7.707708,5,left_knee,0.10125715285539627,0.24179020524024963,-0.004650978371500969,
231,7.707708,6,left_ankle,0.13425666093826294,0.45870640873908997,0.0856788232922554,
231,7.707708,7,spine,-0.019657976925373077,-0.13821718096733093,-0.04978983849287033,
231,7.707708,8,thorax,-0.040071114897727966,-0.27710050344467163,-0.10041782259941101,
231,7.707708,9,neck,-0.04116953909397125,-0.2955877482891083,-0.1459258496761322,
231,7.707708,10,head,-0.041886452585458755,-0.31025609374046326,-0.1928558647632599,
231,7.707708,11,left_shoulder,0.04671972244977951,-0.2801817059516907,-0.13959893584251404,
231,7.707708,12,left_elbow,-0.029128067195415497,-0.18861868977546692,-0.24265888333320618,
231,7.707708,13,left_wrist,-0.13507065176963806,-0.2510470151901245,-0.335884690284729,
231,7.707708,14,right_shoulder,-0.1286076307296753,-0.28280267119407654,-0.06531186401844025,
231,7.707708,15,right_elbow,-0.23620544373989105,-0.28223395347595215,-0.19441772997379303,
231,7.707708,16,right_wrist,-0.13610637187957764,-0.2973155379295349,-0.30260178446769714,
232,7.741074,0,hip_center,0.0005814370233565569,0.0008844344411045313,0.000425664649810642,
232,7.741074,1,right_hip,-0.06528608500957489,0.002811935730278492,0.029116183519363403,
232,7.741074,2,right_knee,-0.12163645029067993,0.24920077621936798,0.02309388853609562,
232,7.741074,3,right_ankle,-0.18731921911239624,0.46819913387298584,0.1011967584490776,
232,7.741074,4,left_hip,0.06646359711885452,-0.0010381604079157114,-0.028230218216776848,
232,7.741074,5,left_knee,0.10236388444900513,0.24158185720443726,-0.003861844539642334,
232,7.741074,6,left_ankle,0.1332395225763321,0.45933806896209717,0.08518881350755692,
232,7.741074,7,spine,-0.020339693874120712,-0.1378583163022995,-0.05035166069865227,
232,7.741074,8,thorax,-0.04144616425037384,-0.2764335870742798,-0.10153648257255554,
232,7.741074,9,neck,-0.04203559085726738,-0.2944437265396118,-0.14724484086036682,
232,7.741074,10,head,-0.042132146656513214,-0.30833637714385986,-0.1944156289100647,
232,7.741074,11,left_shoulder,0.04616709053516388,-0.28143972158432007,-0.1386331021785736,
232,7.741074,12,left_elbow,-0.029432326555252075,-0.186922088265419,-0.23917746543884277,
232,7.741074,13,left_wrist,-0.1417454332113266,-0.2464102804660797,-0.32669371366500854,
232,7.741074,14,right_shoulder,-0.1309736669063568,-0.28071820735931396,-0.06882369518280029,
232,7.741074,15,right_elbow,-0.24119466543197632,-0.2632257640361786,-0.194487065076828,
232,7.741074,16,right_wrist,-0.13763684034347534,-0.28161516785621643,-0.2988358736038208,
233,7.774441,0,hip_center,0.000585562433116138,0.0009116199216805398,0.0004369711969047785,
233,7.774441,1,right_hip,-0.06587301194667816,0.0030784637201577425,0.02771250158548355,
233,7.774441,2,right_knee,-0.12092351168394089,0.24979110062122345,0.02308419719338417,
233,7.774441,3,right_ankle,-0.18836213648319244,0.468097448348999,0.10162685811519623,
233,7.774441,4,left_hip,0.06705770641565323,-0.0012501447927206755,-0.02680446021258831,
233,7.774441,5,left_knee,0.10344670712947845,0.2413601577281952,-0.00307251513004303,
233,7.774441,6,left_ankle,0.1323222815990448,0.4598272740840912,0.0849013552069664,
233,7.774441,7,spine,-0.021021204069256783,-0.13763020932674408,-0.05060107633471489,
233,7.774441,8,thorax,-0.04281511902809143,-0.27602511644363403,-0.10198529064655304,
233,7.774441,9,neck,-0.043028753250837326,-0.29376810789108276,-0.14780130982398987,
233,7.774441,10,head,-0.042679984122514725,-0.307426780462265,-0.19503921270370483,
233,7.774441,11,left_shoulder,0.04543720930814743,-0.28269055485725403,-0.13726134598255157,
233,7.774441,12,left_elbow,-0.02272212505340576,-0.1825713813304901,-0.23770278692245483,
233,7.774441,13,left_wrist,-0.13751952350139618,-0.23985444009304047,-0.3234488070011139,
233,7.774441,14,right_shoulder,-0.1330520659685135,-0.2785395085811615,-0.07108820974826813,
233,7.774441,15,right_elbow,-0.2470945417881012,-0.24421770870685577,-0.18967261910438538,
233,7.774441,16,right_wrist,-0.1439167857170105,-0.26820194721221924,-0.2932591438293457,
234,7.807808,0,hip_center,0.000573427532799542,0.0009307734435424209,0.00041992811020463705,
234,7.807808,1,right_hip,-0.06644191592931747,0.003305549267679453,0.026279084384441376,
234,7.807808,2,right_knee,-0.12035613507032394,0.2502894997596741,0.022920167073607445,
234,7.807808,3,right_ankle,-0.18955036997795105,0.4677354693412781,0.10231780260801315,
234,7.807808,4,left_hip,0.06759993731975555,-0.0014390122378244996,-0.025409232825040817,
234,7.807808,5,left_knee,0.10447922348976135,0.24116624891757965,-0.0023932233452796936,
234,7.807808,6,left_ankle,0.1314677894115448,0.4601716995239258,0.08483818173408508,
234,7.807808,7,spine,-0.02162620797753334,-0.13745157420635223,-0.050796084105968475,
234,7.807808,8,thorax,-0.044008709490299225,-0.2757071256637573,-0.10230232775211334,
234,7.807808,9,neck,-0.04397880285978317,-0.29354751110076904,-0.1480809897184372,
234,7.807808,10,head,-0.04335133358836174,-0.3075403571128845,-0.19521808624267578,
234,7.807808,11,left_shoulder,0.04473518580198288,-0.2838900089263916,-0.13599006831645966,
234,7.807808,12,left_elbow,-0.013700556010007858,-0.1778249740600586,-0.2364564687013626,
234,7.807808,13,left_wrist,-0.1324702799320221,-0.23202334344387054,-0.31872716546058655,
234,7.807808,14,right_shoulder,-0.1347527652978897,-0.27629977464675903,-0.07282648980617523,
234,7.807808,15,right_elbow,-0.25355851650238037,-0.22611422836780548,-0.1805879771709442,
234,7.807808,16,right_wrist,-0.15365006029605865,-0.2566455602645874,-0.28564608097076416,
235,7.841175,0,hip_center,0.0005408896831795573,0.0009429922793060541,0.00039351629675365984,
235,7.841175,1,right_hip,-0.06697745621204376,0.0034587488044053316,0.024895278736948967,
235,7.841175,2,right_knee,-0.11993998289108276,0.25066077709198,0.02260551229119301,
235,7.841175,3,right_ankle,-0.1909450888633728,0.46707290410995483,0.1032196581363678,
235,7.841175,4,left_hip,0.06806761771440506,-0.0015681663062423468,-0.024084024131298065,
235,7.841175,5,left_knee,0.10539796948432922,0.24104654788970947,-0.0019103623926639557,
235,7.841175,6,left_ankle,0.13063758611679077,0.460388720035553,0.08499796688556671,
235,7.841175,7,spine,-0.022029874846339226,-0.13732467591762543,-0.05096980929374695,
235,7.841175,8,thorax,-0.044767219573259354,-0.2754850685596466,-0.10257588326931,
235,7.841175,9,neck,-0.04465765506029129,-0.29363808035850525,-0.1482313573360443,
235,7.841175,10,head,-0.04395362362265587,-0.3082899749279022,-0.1951667070388794,
235,7.841175,11,left_shoulder,0.04436371847987175,-0.28500398993492126,-0.13486161828041077,
235,7.841175,12,left_elbow,-0.006403125822544098,-0.1743287444114685,-0.23451974987983704,
235,7.841175,13,left_wrist,-0.1302163451910019,-0.2251635491847992,-0.311320036649704,
235,7.841175,14,right_shoulder,-0.1358567625284195,-0.27411317825317383,-0.07421267032623291,
235,7.841175,15,right_elbow,-0.25805187225341797,-0.20964762568473816,-0.16991263628005981,
235,7.841175,16,right_wrist,-0.16150988638401031,-0.24706938862800598,-0.27588585019111633,
236,7.874541,0,hip_center,0.0004898138577118516,0.0009430414065718651,0.00036682430072687566,
236,7.874541,1,right_hip,-0.06747251003980637,0.003513870993629098,0.02360268495976925,
236,7.874541,2,right_knee,-0.11967678368091583,0.25088346004486084,0.02215082012116909,
236,7.874541,3,right_ankle,-0.19260814785957336,0.46608638763427734,0.10426833480596542,
236,7.874541,4,left_hip,0.06845793128013611,-0.0016239227261394262,-0.02285085991024971,
236,7.874541,5,left_knee,0.10610724240541458,0.24103382229804993,-0.0017115622758865356,
236,7.874541,6,left_ankle,0.12976010143756866,0.4605066180229187,0.08531326800584793,
236,7.874541,7,spine,-0.022176532074809074,-0.13728423416614532,-0.05106309428811073,
236,7.874541,8,thorax,-0.044982969760894775,-0.27542391419410706,-0.10269409418106079,
236,7.874541,9,neck,-0.04494834318757057,-0.2939372658729553,-0.1482047438621521,
236,7.874541,10,head,-0.04436354339122772,-0.30936577916145325,-0.19489219784736633,
236,7.874541,11,left_shoulder,0.04444172978401184,-0.28603050112724304,-0.1338072270154953,
236,7.874541,12,left_elbow,-0.0026403144001960754,-0.17221084237098694,-0.2317173182964325,
236,7.874541,13,left_wrist,-0.1324770450592041,-0.21843093633651733,-0.30113130807876587,
236,7.874541,14,right_shoulder,-0.13625536859035492,-0.27210187911987305,-0.07509025186300278,
236,7.874541,15,right_elbow,-0.25934648513793945,-0.19407343864440918,-0.15879255533218384,
236,7.874541,16,right_wrist,-0.16597504913806915,-0.23878127336502075,-0.2647833824157715,
237,7.907908,0,hip_center,0.00042425436549820006,0.0009292317554354668,0.00035436221514828503,
237,7.907908,1,right_hip,-0.06792216747999191,0.003460565349087119,0.02243947982788086,
237,7.907908,2,right_knee,-0.11951952427625656,0.2509603500366211,0.021616186946630478,
237,7.907908,3,right_ankle,-0.1945306807756424,0.4647899270057678,0.10543034970760345,
237,7.907908,4,left_hip,0.06877469271421432,-0.0015991651453077793,-0.021716877818107605,
237,7.907908,5,left_knee,0.10655681043863297,0.24113842844963074,-0.0017645396292209625,
237,7.907908,6,left_ankle,0.12879544496536255,0.4605550765991211,0.08577324450016022,
237,7.907908,7,spine,-0.02206377312541008,-0.1373632550239563,-0.050978440791368484,
237,7.907908,8,thorax,-0.04466177523136139,-0.2755875587463379,-0.10247451066970825,
237,7.907908,9,neck,-0.04494756460189819,-0.29449087381362915,-0.14782370626926422,
237,7.907908,10,head,-0.044764161109924316,-0.31076377630233765,-0.1942269206047058,
237,7.907908,11,left_shoulder,0.044959113001823425,-0.28700903058052063,-0.1327226310968399,
237,7.907908,12,left_elbow,-0.0031958483159542084,-0.17111699283123016,-0.22763395309448242,
237,7.907908,13,left_wrist,-0.1399558037519455,-0.2103874534368515,-0.2873559594154358,
237,7.907908,14,right_shoulder,-0.135954350233078,-0.27043068408966064,-0.07522137463092804,
237,7.907908,15,right_elbow,-0.256253182888031,-0.17833128571510315,-0.14796628057956696,
237,7.907908,16,right_wrist,-0.16480699181556702,-0.2303059846162796,-0.2523084580898285,
238,7.941275,0,hip_center,0.0003515516873449087,0.0009062280878424644,0.00035216231481172144,
238,7.941275,1,right_hip,-0.06833939254283905,0.0033150494564324617,0.02135561779141426,
238,7.941275,2,right_knee,-0.1194024384021759,0.2509268522262573,0.021092377603054047,
238,7.941275,3,right_ankle,-0.19668415188789368,0.46320638060569763,0.10676328092813492,
238,7.941275,4,left_hip,0.06904539465904236,-0.0015004875604063272,-0.020640196278691292,
238,7.941275,5,left_knee,0.10677462816238403,0.24134013056755066,-0.0018769726157188416,
238,7.941275,6,left_ankle,0.12774257361888885,0.4605664610862732,0.08644764870405197,
238,7.941275,7,spine,-0.021726485341787338,-0.13758578896522522,-0.05061938241124153,
238,7.941275,8,thorax,-0.0438881479203701,-0.2760269045829773,-0.10172109305858612,
238,7.941275,9,neck,-0.044976480305194855,-0.2955370545387268,-0.14680030941963196,
238,7.941275,10,head,-0.045715514570474625,-0.3128926455974579,-0.1928039789199829,
238,7.941275,11,left_shoulder,0.04583776369690895,-0.28804779052734375,-0.13142061233520508,
238,7.941275,12,left_elbow,-0.008602198213338852,-0.17087005078792572,-0.22121867537498474,
238,7.941275,13,left_wrist,-0.15288160741329193,-0.1990935355424881,-0.26811280846595764,
238,7.941275,14,right_shoulder,-0.13505835831165314,-0.26918044686317444,-0.07443048059940338,
238,7.941275,15,right_elbow,-0.2475268840789795,-0.1602964848279953,-0.13559456169605255,
238,7.941275,16,right_wrist,-0.16042041778564453,-0.21965955197811127,-0.23970773816108704,
239,7.974641,0,hip_center,0.00027174773276783526,0.0008803159580565989,0.0003402699367143214,
239,7.974641,1,right_hip,-0.06874290108680725,0.003141900524497032,0.02027156576514244,
239,7.974641,2,right_knee,-0.1192956417798996,0.2508583664894104,0.02056012861430645,
239,7.974641,3,right_ankle,-0.19895696640014648,0.46140801906585693,0.10829553008079529,
239,7.974641,4,left_hip,0.06928810477256775,-0.0013797101564705372,-0.01958330161869526,
239,7.974641,5,left_knee,0.10681574046611786,0.24156774580478668,-0.0018256772309541702,
239,7.974641,6,left_ankle,0.12661439180374146,0.46053650975227356,0.08740311115980148,
239,7.974641,7,spine,-0.021263079717755318,-0.13794541358947754,-0.04995135962963104,
239,7.974641,8,thorax,-0.042863860726356506,-0.27673208713531494,-0.10035111755132675,
239,7.974641,9,neck,-0.04535675421357155,-0.29719650745391846,-0.14494886994361877,
239,7.974641,10,head,-0.047669410705566406,-0.3160507082939148,-0.19030600786209106,
239,7.974641,11,left_shoulder,0.04688730835914612,-0.28916803002357483,-0.12980236113071442,
239,7.974641,12,left_elbow,-0.014524359256029129,-0.1710282564163208,-0.21364521980285645,
239,7.974641,13,left_wrist,-0.16430912911891937,-0.18563902378082275,-0.24775126576423645,
239,7.974641,14,right_shoulder,-0.13377977907657623,-0.26831454038619995,-0.07265455275774002,
239,7.974641,15,right_elbow,-0.23474757373332977,-0.142109215259552,-0.11873763799667358,
239,7.974641,16,right_wrist,-0.15584856271743774,-0.20595496892929077,-0.22667154669761658,
240,8.008008,0,hip_center,0.00019786287157330662,0.0008528160396963358,0.0003028913342859596,
240,8.008008,1,right_hip,-0.06912363320589066,0.0029754494316875935,0.019155405461788177,
240,8.008008,2,right_knee,-0.11918999999761581,0.2507892847061157,0.020035602152347565,
240,8.008008,3,right_ankle,-0.20128735899925232,0.4594656527042389,0.10997319966554642,
240,8.008008,4,left_hip,0.06951944530010223,-0.0012685263063758612,-0.018547404557466507,
240,8.008008,5,left_knee,0.10668535530567169,0.24178306758403778,-0.0014667920768260956,
240,8.008008,6,left_ankle,0.1253989189863205,0.4604770243167877,0.08866557478904724,
240,8.008008,7,spine,-0.02076145075261593,-0.13841582834720612,-0.048997484147548676,
240,8.008008,8,thorax,-0.041776008903980255,-0.27765995264053345,-0.09837283194065094,
240,8.008008,9,neck,-0.046344026923179626,-0.29960936307907104,-0.1420915126800537,
240,8.008008,10,head,-0.050957076251506805,-0.3205670714378357,-0.1863362193107605,
240,8.008008,11,left_shoulder,0.04793800413608551,-0.2903910279273987,-0.12781120836734772,
240,8.008008,12,left_elbow,-0.01972772926092148,-0.1714322715997696,-0.2054525911808014,
240,8.008008,13,left_wrist,-0.17222252488136292,-0.17098607122898102,-0.22906017303466797,
240,8.008008,14,right_shoulder,-0.13235759735107422,-0.2677243649959564,-0.07008996605873108,
240,8.008008,15,right_elbow,-0.21859349310398102,-0.12626197934150696,-0.09833355247974396,
240,8.008008,16,right_wrist,-0.15353819727897644,-0.18929725885391235,-0.2155744433403015,
241,8.041375,0,hip_center,0.00012968759983778,0.0008252679253928363,0.0002417341893306002,
241,8.041375,1,right_hip,-0.06947479397058487,0.0028223907575011253,0.018035566434264183,
241,8.041375,2,right_knee,-0.11905933916568756,0.2507297098636627,0.019596735015511513,
241,8.041375,3,right_ankle,-0.20361807942390442,0.45745736360549927,0.11172743141651154,
241,8.041375,4,left_hip,0.06973233819007874,-0.0011707984376698732,-0.017557209357619286,
241,8.041375,5,left_knee,0.106374591588974,0.24198293685913086,-0.000802336260676384,
241,8.041375,6,left_ankle,0.12409061938524246,0.46042245626449585,0.09014485776424408,
241,8.041375,7,spine,-0.020351964980363846,-0.1389627605676651,-0.047772713005542755,
241,8.041375,8,thorax,-0.04087613895535469,-0.27874767780303955,-0.09580820798873901,
241,8.041375,9,neck,-0.047903962433338165,-0.3024318218231201,-0.13827744126319885,
241,8.041375,10,head,-0.055209625512361526,-0.3257567584514618,-0.18094679713249207,
241,8.041375,11,left_shoulder,0.0487775020301342,-0.2917111814022064,-0.12532895803451538,
241,8.041375,12,left_elbow,-0.023784030228853226,-0.1718161553144455,-0.1968693733215332,
241,8.041375,13,left_wrist,-0.1767098605632782,-0.15696126222610474,-0.2111940234899521,
241,8.041375,14,right_shoulder,-0.13108038902282715,-0.26724615693092346,-0.06691934913396835,
241,8.041375,15,right_elbow,-0.20032024383544922,-0.11452008783817291,-0.07816764712333679,
241,8.041375,16,right_wrist,-0.14947637915611267,-0.17341989278793335,-0.20425008237361908,
242,8.074741,0,hip_center,7.619234384037554e-05,0.0007918344927020371,0.000144588528200984,
242,8.074741,1,right_hip,-0.06979568302631378,0.002698880387470126,0.016868120059370995,
242,8.074741,2,right_knee,-0.11888636648654938,0.250698447227478,0.01919686421751976,
242,8.074741,3,right_ankle,-0.20585790276527405,0.4554460644721985,0.11347797513008118,
242,8.074741,4,left_hip,0.06994383782148361,-0.0011143914889544249,-0.016594382002949715,
242,8.074741,5,left_knee,0.10587803274393082,0.24214033782482147,0.00022794120013713837,
242,8.074741,6,left_ankle,0.12265876680612564,0.4604029655456543,0.09177525341510773,
242,8.074741,7,spine,-0.02007409930229187,-0.13955199718475342,-0.04636511951684952,
242,8.074741,8,thorax,-0.04025774449110031,-0.2799198031425476,-0.09281905740499496,
242,8.074741,9,neck,-0.049957115203142166,-0.30536767840385437,-0.1337127387523651,
242,8.074741,10,head,-0.06013815477490425,-0.33108747005462646,-0.17436909675598145,
242,8.074741,11,left_shoulder,0.04934889078140259,-0.29308807849884033,-0.12239186465740204,
242,8.074741,12,left_elbow,-0.025561653077602386,-0.17164450883865356,-0.18870848417282104,
242,8.074741,13,left_wrist,-0.177237868309021,-0.144587442278862,-0.19733494520187378,
242,8.074741,14,right_shoulder,-0.13003450632095337,-0.26669448614120483,-0.06334224343299866,
242,8.074741,15,right_elbow,-0.18474498391151428,-0.10781870782375336,-0.05999840795993805,
242,8.074741,16,right_wrist,-0.15172186493873596,-0.1560553014278412,-0.1961371898651123,
243,8.108108,0,hip_center,-1.952801540028304e-06,0.000755832064896822,0.00025154330069199204,
243,8.108108,1,right_hip,-0.07066000998020172,0.0026125176809728146,0.013266300782561302,
243,8.108108,2,right_knee,-0.11836305260658264,0.250858336687088,0.01745413988828659,
243,8.108108,3,right_ankle,-0.20769409835338593,0.45349282026290894,0.1140657290816307,
243,8.108108,4,left_hip,0.07065542042255402,-0.0011004144325852394,-0.01276401150971651,
243,8.108108,5,left_knee,0.10541996359825134,0.2424144297838211,0.0026978421956300735,
243,8.108108,6,left_ankle,0.12159062176942825,0.4608221650123596,0.09400861710309982,
243,8.108108,7,spine,-0.01997542381286621,-0.1398255079984665,-0.045612677931785583,
243,8.108108,8,thorax,-0.0399756021797657,-0.2804372310638428,-0.09140351414680481,
243,8.108108,9,neck,-0.05218188837170601,-0.3081646263599396,-0.13008379936218262,
243,8.108108,10,head,-0.06505514681339264,-0.3361937999725342,-0.16838188469409943,
243,8.108108,11,left_shoulder,0.049657534807920456,-0.29507964849472046,-0.12019243836402893,
243,8.108108,12,left_elbow,-0.025083262473344803,-0.17084956169128418,-0.18133755028247833,
243,8.108108,13,left_wrist,-0.17489132285118103,-0.1340218335390091,-0.1850031316280365,
243,8.108108,14,right_shoulder,-0.12984083592891693,-0.26609691977500916,-0.06272852420806885,
243,8.108108,15,right_elbow,-0.1711774468421936,-0.10349598526954651,-0.05282119661569595,
243,8.108108,16,right_wrist,-0.14900803565979004,-0.14240962266921997,-0.19404906034469604,
244,8.141475,0,hip_center,-8.127510227495804e-05,0.0007179138483479619,0.000297718943329528,
244,8.141475,1,right_hip,-0.0712958350777626,0.0025659757666289806,0.00980895385146141,
244,8.141475,2,right_knee,-0.11784631758928299,0.25098904967308044,0.01598338410258293,
244,8.141475,3,right_ankle,-0.2093619853258133,0.45166724920272827,0.11461257934570312,
244,8.141475,4,left_hip,0.07113375514745712,-0.0011298991739749908,-0.009205922484397888,
244,8.141475,5,left_knee,0.10481356084346771,0.24259711802005768,0.00528314895927906,
244,8.141475,6,left_ankle,0.12038809061050415,0.46129149198532104,0.09600958228111267,
244,8.141475,7,spine,-0.020221129059791565,-0.14010867476463318,-0.04473375156521797,
244,8.141475,8,thorax,-0.0403868593275547,-0.2809736728668213,-0.08966556191444397,
244,8.141475,9,neck,-0.054876189678907394,-0.31043457984924316,-0.12621799111366272,
244,8.141475,10,head,-0.07018877565860748,-0.3402484655380249,-0.1622007191181183,
244,8.141475,11,left_shoulder,0.04938756301999092,-0.29720669984817505,-0.11713091284036636,
244,8.141475,12,left_elbow,-0.021133724600076675,-0.16898852586746216,-0.17496581375598907,
244,8.141475,13,left_wrist,-0.16866974532604218,-0.12377254664897919,-0.17586708068847656,
244,8.141475,14,right_shoulder,-0.1303950548171997,-0.26514557003974915,-0.062249235808849335,
244,8.141475,15,right_elbow,-0.16128908097743988,-0.10060539841651917,-0.0474836602807045,
244,8.141475,16,right_wrist,-0.1481221318244934,-0.1276020109653473,-0.19256597757339478,
245,8.174842,0,hip_center,-0.0001456342579331249,0.0006805898156017065,0.0002874756173696369,
245,8.174842,1,right_hip,-0.07172800600528717,0.0025880243629217148,0.006428985856473446,
245,8.174842,2,right_knee,-0.11738348752260208,0.25112301111221313,0.014494056813418865,
245,8.174842,3,right_ankle,-0.21090883016586304,0.44996803998947144,0.11493423581123352,
245,8.174842,4,left_hip,0.07143662124872208,-0.001226596417836845,-0.005849163047969341,
245,8.174842,5,left_knee,0.10406054556369781,0.24268941581249237,0.007854475639760494,
245,8.174842,6,left_ankle,0.11904696375131607,0.46180087327957153,0.0976691022515297,
245,8.174842,7,spine,-0.020805833861231804,-0.1403702050447464,-0.04379665479063988,
245,8.174842,8,thorax,-0.04148926958441734,-0.28146880865097046,-0.0877494215965271,
245,8.174842,9,neck,-0.058032818138599396,-0.3121151328086853,-0.122406005859375,
245,8.174842,10,head,-0.07547049224376678,-0.3432096540927887,-0.15627573430538177,
245,8.174842,11,left_shoulder,0.04852515086531639,-0.2993738651275635,-0.11332514137029648,
245,8.174842,12,left_elbow,-0.016301628202199936,-0.1671154499053955,-0.16867154836654663,
245,8.174842,13,left_wrist,-0.16083262860774994,-0.11305230855941772,-0.16829244792461395,
245,8.174842,14,right_shoulder,-0.1316494643688202,-0.2637430429458618,-0.06204734742641449,
245,8.174842,15,right_elbow,-0.15540248155593872,-0.0982348620891571,-0.0450541190803051,
245,8.174842,16,right_wrist,-0.15076053142547607,-0.11025204509496689,-0.1926519125699997,
246,8.208208,0,hip_center,-0.0001947474229382351,0.0006416959222406149,0.00022143418027553707,
246,8.208208,1,right_hip,-0.07197891175746918,0.002670502522960305,0.003104082541540265,
246,8.208208,2,right_knee,-0.11703503131866455,0.25125202536582947,0.012916418723762035,
246,8.208208,3,right_ankle,-0.21240375936031342,0.4483778476715088,0.11499868333339691,
246,8.208208,4,left_hip,0.071588434278965,-0.0013869854155927896,-0.002672199858352542,
246,8.208208,5,left_knee,0.10315507650375366,0.24270951747894287,0.010272632353007793,
246,8.208208,6,left_ankle,0.1175377294421196,0.462311327457428,0.09898146986961365,
246,8.208208,7,spine,-0.02166173793375492,-0.1406024843454361,-0.04284629225730896,
246,8.208208,8,thorax,-0.043159063905477524,-0.28190284967422485,-0.08574780076742172,
246,8.208208,9,neck,-0.06163666397333145,-0.313212513923645,-0.11879700422286987,
246,8.208208,10,head,-0.08100959658622742,-0.3450855314731598,-0.15084227919578552,
246,8.208208,11,left_shoulder,0.04712847247719765,-0.30147069692611694,-0.10904078185558319,
246,8.208208,12,left_elbow,-0.011641126126050949,-0.16532167792320251,-0.16164883971214294,
246,8.208208,13,left_wrist,-0.1522228717803955,-0.10169851034879684,-0.1606300175189972,
246,8.208208,14,right_shoulder,-0.13344770669937134,-0.2621040642261505,-0.062091320753097534,
246,8.208208,15,right_elbow,-0.1522253006696701,-0.09600885212421417,-0.044606566429138184,
246,8.208208,16,right_wrist,-0.15717637538909912,-0.08988982439041138,-0.1925562620162964,
247,8.241575,0,hip_center,-0.00023396810865961015,0.0005992467049509287,0.00011057377560064197,
247,8.241575,1,right_hip,-0.07207080721855164,0.002795022213831544,-8.758642070461065e-05,
247,8.241575,2,right_knee,-0.11685611307621002,0.2513562738895416,0.011343930847942829,
247,8.241575,3,right_ankle,-0.21394985914230347,0.4469173550605774,0.11480040103197098,
247,8.241575,4,left_hip,0.07160240411758423,-0.0015968699008226395,0.0002717822208069265,
247,8.241575,5,left_knee,0.10206221789121628,0.2426803708076477,0.012435425072908401,
247,8.241575,6,left_ankle,0.11583752930164337,0.46279653906822205,0.09995801746845245,
247,8.241575,7,spine,-0.022703122347593307,-0.14079485833644867,-0.04194199666380882,
247,8.241575,8,thorax,-0.045222505927085876,-0.28224989771842957,-0.08379669487476349,
247,8.241575,9,neck,-0.06567062437534332,-0.31372639536857605,-0.11549954861402512,
247,8.241575,10,head,-0.08699774742126465,-0.3458336591720581,-0.146034374833107,
247,8.241575,11,left_shoulder,0.04528827965259552,-0.3034287989139557,-0.10469060391187668,
247,8.241575,12,left_elbow,-0.007609844207763672,-0.16352258622646332,-0.15353798866271973,
247,8.241575,13,left_wrist,-0.14358048141002655,-0.09057005494832993,-0.15209291875362396,
247,8.241575,14,right_shoulder,-0.1356278508901596,-0.2605690360069275,-0.06233806163072586,
247,8.241575,15,right_elbow,-0.15021181106567383,-0.09402172267436981,-0.045155636966228485,
247,8.241575,16,right_wrist,-0.16354641318321228,-0.0705968514084816,-0.19084206223487854,
248,8.274942,0,hip_center,-0.0002606916823424399,0.0005548038170672953,-2.9164526495151222e-05,
248,8.274942,1,right_hip,-0.07202401012182236,0.0029558194801211357,-0.003136091399937868,
248,8.274942,2,right_knee,-0.11687257140874863,0.25143003463745117,0.009835870936512947,
248,8.274942,3,right_ankle,-0.21559292078018188,0.4456023573875427,0.11436327546834946,
248,8.274942,4,left_hip,0.07150495052337646,-0.0018472501542419195,0.0030101854354143143,
248,8.274942,5,left_knee,0.10076139122247696,0.24261434376239777,0.014399535953998566,
248,8.274942,6,left_ankle,0.1139465719461441,0.4632575511932373,0.10067710280418396,
248,8.274942,7,spine,-0.023864392191171646,-0.14093877375125885,-0.04111459106206894,
248,8.274942,8,thorax,-0.04755064845085144,-0.2824929654598236,-0.08197824656963348,
248,8.274942,9,neck,-0.07007449865341187,-0.3138175904750824,-0.11239878833293915,
248,8.274942,10,head,-0.0934872031211853,-0.345755398273468,-0.14155220985412598,
248,8.274942,11,left_shoulder,0.04309942573308945,-0.3052644431591034,-0.10045327246189117,
248,8.274942,12,left_elbow,-0.004028819501399994,-0.16188694536685944,-0.14494872093200684,
248,8.274942,13,left_wrist,-0.13494721055030823,-0.0802249014377594,-0.1429855078458786,
248,8.274942,14,right_shoulder,-0.13808317482471466,-0.25925007462501526,-0.06281346827745438,
248,8.274942,15,right_elbow,-0.14884178340435028,-0.09232693910598755,-0.046477966010570526,
248,8.274942,16,right_wrist,-0.16818732023239136,-0.05388697236776352,-0.18824955821037292,
249,8.308308,0,hip_center,-0.0002706177765503526,0.0005073031643405557,-0.0001860807533375919,
249,8.308308,1,right_hip,-0.07184823602437973,0.003148455638438463,-0.006107277236878872,
249,8.308308,2,right_knee,-0.11712194979190826,0.2514592111110687,0.008424575440585613,
249,8.308308,3,right_ankle,-0.2173815220594406,0.44441092014312744,0.11374425888061523,
249,8.308308,4,left_hip,0.0713145062327385,-0.002135851886123419,0.005636230576783419,
249,8.308308,5,left_knee,0.09922246634960175,0.24251602590084076,0.01630050502717495,
249,8.308308,6,left_ankle,0.11185654252767563,0.46370577812194824,0.10125081986188889,
249,8.308308,7,spine,-0.02512267604470253,-0.14103354513645172,-0.04036242887377739,
249,8.308308,8,thorax,-0.050101250410079956,-0.2826293706893921,-0.08030186593532562,
249,8.308308,9,neck,-0.07474999129772186,-0.3137810528278351,-0.1092151552438736,
249,8.308308,10,head,-0.100366972386837,-0.34538689255714417,-0.13683654367923737,
249,8.308308,11,left_shoulder,0.040584444999694824,-0.30703091621398926,-0.09636338800191879,
249,8.308308,12,left_elbow,-0.000751495361328125,-0.16053809225559235,-0.13622838258743286,
249,8.308308,13,left_wrist,-0.1260899156332016,-0.07056965678930283,-0.13337557017803192,
249,8.308308,14,right_shoulder,-0.14078634977340698,-0.25817179679870605,-0.06351791322231293,
249,8.308308,15,right_elbow,-0.14786434173583984,-0.09092825651168823,-0.048503533005714417,
249,8.308308,16,right_wrist,-0.17064745724201202,-0.03959143906831741,-0.18560396134853363,
250,8.341675,0,hip_center,-0.00026477433857508004,0.0004563286202028394,-0.0003474965924397111,
250,8.341675,1,right_hip,-0.0715523213148117,0.0033495924435555935,-0.009013863280415535,
250,8.341675,2,right_knee,-0.11760538816452026,0.2514179050922394,0.007121026515960693,
250,8.341675,3,right_ankle,-0.21929718554019928,0.44333139061927795,0.1129632219672203,
250,8.341675,4,left_hip,0.07103743404150009,-0.002440153621137142,0.008191927336156368,
250,8.341675,5,left_knee,0.0974520593881607,0.2424073964357376,0.01814555935561657,
250,8.341675,6,left_ankle,0.1096075102686882,0.46415266394615173,0.1017061099410057,
250,8.341675,7,spine,-0.026433447375893593,-0.14108094573020935,-0.03969182074069977,
250,8.341675,8,thorax,-0.052780285477638245,-0.2826627492904663,-0.0787930116057396,
250,8.341675,9,neck,-0.07948184758424759,-0.31368017196655273,-0.10597594827413559,
250,8.341675,10,head,-0.10731253027915955,-0.3448437452316284,-0.13190630078315735,
250,8.341675,11,left_shoulder,0.03783570975065231,-0.3087034225463867,-0.0925016850233078,
250,8.341675,12,left_elbow,0.0019518658518791199,-0.15960562229156494,-0.12771841883659363,
250,8.341675,13,left_wrist,-0.11732396483421326,-0.06178586184978485,-0.12362648546695709,
250,8.341675,14,right_shoulder,-0.14362236857414246,-0.25727665424346924,-0.06440824270248413,
250,8.341675,15,right_elbow,-0.14702419936656952,-0.08976635336875916,-0.051192570477724075,
250,8.341675,16,right_wrist,-0.17070911824703217,-0.027503512799739838,-0.18353088200092316,
251,8.375042,0,hip_center,-0.00025050557451322675,0.00040215803892351687,-0.0005027876468375325,
251,8.375042,1,right_hip,-0.07115155458450317,0.003533736802637577,-0.01184412743896246,
251,8.375042,2,right_knee,-0.11833354830741882,0.25127801299095154,0.005925075151026249,
251,8.375042,3,right_ankle,-0.22131654620170593,0.44237470626831055,0.11199645698070526,
251,8.375042,4,left_hip,0.07067348808050156,-0.0027339127846062183,0.010689474642276764,
251,8.375042,5,left_knee,0.09543637931346893,0.24231378734111786,0.019938988611102104,
251,8.375042,6,left_ankle,0.10721887648105621,0.46463704109191895,0.10200372338294983,
251,8.375042,7,spine,-0.027772152796387672,-0.1410847306251526,-0.03909808397293091,
251,8.375042,8,thorax,-0.055526893585920334,-0.28260207176208496,-0.07745156437158585,
251,8.375042,9,neck,-0.08412240445613861,-0.3135175108909607,-0.10275964438915253,
251,8.375042,10,head,-0.11408107727766037,-0.34414660930633545,-0.12689335644245148,
251,8.375042,11,left_shoulder,0.03492322936654091,-0.3102639317512512,-0.08889269828796387,
251,8.375042,12,left_elbow,0.0038597211241722107,-0.15911650657653809,-0.11967483162879944,
251,8.375042,13,left_wrist,-0.10885537415742874,-0.05386769771575928,-0.11418188363313675,
251,8.375042,14,right_shoulder,-0.14650428295135498,-0.25647395849227905,-0.06544756144285202,
251,8.375042,15,right_elbow,-0.14610454440116882,-0.08876469731330872,-0.05452130734920502,
251,8.375042,16,right_wrist,-0.16847765445709229,-0.017227865755558014,-0.18232190608978271,
252,8.408408,0,hip_center,-0.00023014491307549179,0.0003458338906057179,-0.0006429828354157507,
252,8.408408,1,right_hip,-0.07064968347549438,0.003684609429910779,-0.014619158580899239,
252,8.408408,2,right_knee,-0.1193232387304306,0.2510155141353607,0.004807967692613602,
252,8.408408,3,right_ankle,-0.2234056442975998,0.44156691431999207,0.11078716814517975,
252,8.408408,4,left_hip,0.07022088766098022,-0.00299860374070704,0.013169372454285622,
252,8.408408,5,left_knee,0.09315221011638641,0.2422555387020111,0.021635664626955986,
252,8.408408,6,left_ankle,0.1047033965587616,0.46518856287002563,0.10206281393766403,
252,8.408408,7,spine,-0.029109816998243332,-0.14104801416397095,-0.03858133777976036,
252,8.408408,8,thorax,-0.05827595293521881,-0.2824559807777405,-0.0762854665517807,
252,8.408408,9,neck,-0.08857442438602448,-0.31317591667175293,-0.09978555887937546,
252,8.408408,10,head,-0.12050299346446991,-0.3431118130683899,-0.12220223248004913,
252,8.408408,11,left_shoulder,0.03191954642534256,-0.3117280900478363,-0.08551689982414246,
252,8.408408,12,left_elbow,0.004803178831934929,-0.1590811163187027,-0.1123800277709961,
252,8.408408,13,left_wrist,-0.10086195915937424,-0.04682953655719757,-0.10555117577314377,
252,8.408408,14,right_shoulder,-0.14933297038078308,-0.25563645362854004,-0.06664237380027771,
252,8.408408,15,right_elbow,-0.14494802057743073,-0.08782754838466644,-0.05846479907631874,
252,8.408408,16,right_wrist,-0.16429339349269867,-0.008529990911483765,-0.18211236596107483,
253,8.441775,0,hip_center,-0.00019498803885653615,0.00028777087572962046,-0.0007622686680406332,
253,8.441775,1,right_hip,-0.07002248615026474,0.003811260685324669,-0.017408540472388268,
253,8.441775,2,right_knee,-0.12060533463954926,0.25061723589897156,0.0037408191710710526,
253,8.441775,3,right_ankle,-0.22558507323265076,0.4409160614013672,0.10928789526224136,
253,8.441775,4,left_hip,0.06967221945524216,-0.0032424023374915123,0.01571275107562542,
253,8.441775,5,left_knee,0.09054966270923615,0.24222581088542938,0.023236868903040886,
253,8.441775,6,left_ankle,0.10204001516103745,0.4658138155937195,0.1018337532877922,
253,8.441775,7,spine,-0.030434340238571167,-0.1409677118062973,-0.03815273940563202,
253,8.441775,8,thorax,-0.061010055243968964,-0.2822193205356598,-0.07532230019569397,
253,8.441775,9,neck,-0.09282523393630981,-0.3125879466533661,-0.09721993654966354,
253,8.441775,10,head,-0.12654992938041687,-0.34162965416908264,-0.11813220381736755,
253,8.441775,11,left_shoulder,0.028830885887145996,-0.3131522834300995,-0.08232662081718445,
253,8.441775,12,left_elbow,0.00465630367398262,-0.1594945788383484,-0.10605268180370331,
253,8.441775,13,left_wrist,-0.09335480630397797,-0.04057230055332184,-0.09808474779129028,
253,8.441775,14,right_shoulder,-0.15207141637802124,-0.25466692447662354,-0.06808697432279587,
253,8.441775,15,right_elbow,-0.14354319870471954,-0.08688957989215851,-0.06319105625152588,
253,8.441775,16,right_wrist,-0.15822096168994904,-0.0009576007723808289,-0.18298807740211487,
254,8.475142,0,hip_center,-0.00011344613449182361,0.0002246519725304097,-0.0008646164205856621,
254,8.475142,1,right_hip,-0.06916603446006775,0.003946146462112665,-0.02044222131371498,
254,8.475142,2,right_knee,-0.12225005030632019,0.2500503659248352,0.0026641227304935455,
254,8.475142,3,right_ankle,-0.227927103638649,0.44035226106643677,0.10750743746757507,
254,8.475142,4,left_hip,0.06898753345012665,-0.0035045468248426914,0.018538031727075577,
254,8.475142,5,left_knee,0.0875299870967865,0.24218489229679108,0.0248635932803154,
254,8.475142,6,left_ankle,0.09915538877248764,0.4664725959300995,0.10142043977975845,
254,8.475142,7,spine,-0.031729843467473984,-0.14084205031394958,-0.0378262959420681,
254,8.475142,8,thorax,-0.06373006105422974,-0.28188544511795044,-0.07458522915840149,
254,8.475142,9,neck,-0.09679937362670898,-0.3119528591632843,-0.09498956799507141,
254,8.475142,10,head,-0.1320599913597107,-0.34012964367866516,-0.11450514197349548,
254,8.475142,11,left_shoulder,0.025619976222515106,-0.31463709473609924,-0.07918977737426758,
254,8.475142,12,left_elbow,0.003684118390083313,-0.16032131016254425,-0.1007184088230133,
254,8.475142,13,left_wrist,-0.0861847922205925,-0.03518770635128021,-0.09192448109388351,
254,8.475142,14,right_shoulder,-0.15471690893173218,-0.2535337805747986,-0.06997688114643097,
254,8.475142,15,right_elbow,-0.14184144139289856,-0.08596625924110413,-0.06884515285491943,
254,8.475142,16,right_wrist,-0.15076994895935059,0.005752570927143097,-0.18485809862613678,
255,8.508509,0,hip_center,3.283878322690725e-05,0.00014628178905695677,-0.0009454129030928016,
255,8.508509,1,right_hip,-0.06797859817743301,0.004083815962076187,-0.023843687027692795,
255,8.508509,2,right_knee,-0.12429426610469818,0.2492453157901764,0.001523466780781746,
255,8.508509,3,right_ankle,-0.2304309755563736,0.4398159980773926,0.10540987551212311,
255,8.508509,4,left_hip,0.0681021511554718,-0.003799943719059229,0.021777071058750153,
255,8.508509,5,left_knee,0.08398879319429398,0.24211034178733826,0.026558933779597282,
255,8.508509,6,left_ankle,0.09598836302757263,0.4671343266963959,0.10086442530155182,
255,8.508509,7,spine,-0.03301909565925598,-0.14066997170448303,-0.03760506585240364,
255,8.508509,8,thorax,-0.06650340557098389,-0.28144150972366333,-0.07408304512500763,
255,8.508509,9,neck,-0.10052095353603363,-0.3114146888256073,-0.09301397204399109,
255,8.508509,10,head,-0.13698914647102356,-0.3389880359172821,-0.11112144589424133,
255,8.508509,11,left_shoulder,0.022178389132022858,-0.3162176012992859,-0.07594495266675949,
255,8.508509,12,left_elbow,0.0022095106542110443,-0.1614731252193451,-0.09627745300531387,
255,8.508509,13,left_wrist,-0.07902863621711731,-0.030600816011428833,-0.08705926686525345,
255,8.508509,14,right_shoulder,-0.15730071067810059,-0.25216707587242126,-0.07249652594327927,
255,8.508509,15,right_elbow,-0.13977216184139252,-0.08504346013069153,-0.07539184391498566,
255,8.508509,16,right_wrist,-0.14200745522975922,0.011698707938194275,-0.18758375942707062,
256,8.541875,0,hip_center,0.00017274411220569164,6.538078014273196e-05,-0.0009884268511086702,
256,8.541875,1,right_hip,-0.06661409884691238,0.004171727225184441,-0.02721911109983921,
256,8.541875,2,right_knee,-0.12660367786884308,0.2482108324766159,0.0004443172365427017,
256,8.541875,3,right_ankle,-0.23285844922065735,0.4393584430217743,0.10314332693815231,
256,8.541875,4,left_hip,0.06702398508787155,-0.00405001500621438,0.025074759498238564,
256,8.541875,5,left_knee,0.08017388731241226,0.2420487105846405,0.02817549742758274,
256,8.541875,6,left_ankle,0.09278251975774765,0.4678434431552887,0.10000056773424149,
256,8.541875,7,spine,-0.034309275448322296,-0.14044198393821716,-0.03751577436923981,
256,8.541875,8,thorax,-0.06926535069942474,-0.2808835506439209,-0.0738847404718399,
256,8.541875,9,neck,-0.1040031760931015,-0.3108333647251129,-0.09149887412786484,
256,8.541875,10,head,-0.14137738943099976,-0.3380075693130493,-0.10831641405820847,
256,8.541875,11,left_shoulder,0.01859278976917267,-0.3177187144756317,-0.07269329577684402,
256,8.541875,12,left_elbow,0.0008511971682310104,-0.16265851259231567,-0.09268315136432648,
256,8.541875,13,left_wrist,-0.07126016914844513,-0.026540443301200867,-0.08351815491914749,
256,8.541875,14,right_shoulder,-0.1596863567829132,-0.2504768371582031,-0.07565521448850632,
256,8.541875,15,right_elbow,-0.13730542361736298,-0.08405789732933044,-0.08270947635173798,
256,8.541875,16,right_wrist,-0.13166113197803497,0.016807332634925842,-0.19108572602272034,
257,8.575242,0,hip_center,0.0002686677617020905,-7.869497494539246e-06,-0.0009808571776375175,
257,8.575242,1,right_hip,-0.06527173519134521,0.004177674185484648,-0.03017551824450493,
257,8.575242,2,right_knee,-0.12898877263069153,0.2470286339521408,-0.0004659462720155716,
257,8.575242,3,right_ankle,-0.23491275310516357,0.43913841247558594,0.10076898336410522,
257,8.575242,4,left_hip,0.06587282568216324,-0.00420183502137661,0.02806774154305458,
257,8.575242,5,left_knee,0.07653701305389404,0.24203243851661682,0.02951274812221527,
257,8.575242,6,left_ankle,0.08986303210258484,0.4686535596847534,0.0985516682267189,
257,8.575242,7,spine,-0.035533059388399124,-0.14016269147396088,-0.037592872977256775,
257,8.575242,8,thorax,-0.07183113694190979,-0.2802351415157318,-0.07407059520483017,
257,8.575242,9,neck,-0.1072506308555603,-0.30990973114967346,-0.0907692164182663,
257,8.575242,10,head,-0.14533215761184692,-0.3366355001926422,-0.10669497400522232,
257,8.575242,11,left_shoulder,0.015148334205150604,-0.31886282563209534,-0.06962335109710693,
257,8.575242,12,left_elbow,0.00011592637747526169,-0.16353923082351685,-0.08978848904371262,
257,8.575242,13,left_wrist,-0.06233853101730347,-0.022696301341056824,-0.08113490790128708,
257,8.575242,14,right_shoulder,-0.16160431504249573,-0.24835078418254852,-0.07934550195932388,
257,8.575242,15,right_elbow,-0.1345234215259552,-0.08286263048648834,-0.09058059006929398,
257,8.575242,16,right_wrist,-0.11966721713542938,0.021044708788394928,-0.19514456391334534,
258,8.608609,0,hip_center,0.00029172131326049566,-5.475345460581593e-05,-0.0009156742598861456,
258,8.608609,1,right_hip,-0.06421084702014923,0.004085899330675602,-0.0323428250849247,
258,8.608609,2,right_knee,-0.13138478994369507,0.24579757452011108,-0.0010021291673183441,
258,8.608609,3,right_ankle,-0.23632368445396423,0.43951892852783203,0.09816659986972809,
258,8.608609,4,left_hip,0.06484751403331757,-0.004202122334390879,0.030399871990084648,
258,8.608609,5,left_knee,0.07349129021167755,0.2421155571937561,0.030299583449959755,
258,8.608609,6,left_ankle,0.08747053146362305,0.469671368598938,0.09605676680803299,
258,8.608609,7,spine,-0.03669385239481926,-0.1397983729839325,-0.037920594215393066,
258,8.608609,8,thorax,-0.07417616248130798,-0.27944910526275635,-0.07481532543897629,
258,8.608609,9,neck,-0.11047638952732086,-0.308240681886673,-0.09116475284099579,
258,8.608609,10,head,-0.1491582989692688,-0.3342774510383606,-0.10678191483020782,
258,8.608609,11,left_shoulder,0.012021012604236603,-0.3192927837371826,-0.06708027422428131,
258,8.608609,12,left_elbow,0.0004556877538561821,-0.16369688510894775,-0.0874319076538086,
258,8.608609,13,left_wrist,-0.0517033152282238,-0.01867564022541046,-0.07965695112943649,
258,8.608609,14,right_shoulder,-0.16288745403289795,-0.24539174139499664,-0.08342121541500092,
258,8.608609,15,right_elbow,-0.131327286362648,-0.08106152713298798,-0.09908883273601532,
258,8.608609,16,right_wrist,-0.10585539788007736,0.024788089096546173,-0.1995781809091568,
259,8.641975,0,hip_center,0.00020104898430872709,-4.31433436460793e-05,-0.0007576664793305099,
259,8.641975,1,right_hip,-0.0637349933385849,0.003858258482068777,-0.03335143253207207,
259,8.641975,2,right_knee,-0.13361740112304688,0.24465402960777283,-0.0009024143218994141,
259,8.641975,3,right_ankle,-0.23681840300559998,0.44094669818878174,0.09497940540313721,
259,8.641975,4,left_hip,0.06416844576597214,-0.003948642872273922,0.03177283704280853,
259,8.641975,5,left_knee,0.07135340571403503,0.24241183698177338,0.030351672321558,
259,8.641975,6,left_ankle,0.08576487749814987,0.4710504710674286,0.09213975071907043,
259,8.641975,7,spine,-0.03786807134747505,-0.13927870988845825,-0.03857005387544632,
259,8.641975,8,thorax,-0.0764198750257492,-0.27841508388519287,-0.07629656791687012,
259,8.641975,9,neck,-0.11425404250621796,-0.3049919605255127,-0.09291618317365646,
259,8.641975,10,head,-0.15362191200256348,-0.32979074120521545,-0.10883128643035889,
259,8.641975,11,left_shoulder,0.009267590939998627,-0.31859302520751953,-0.06531055271625519,
259,8.641975,12,left_elbow,0.0023082359693944454,-0.16269329190254211,-0.0854317769408226,
259,8.641975,13,left_wrist,-0.039113447070121765,-0.014194712042808533,-0.0787542387843132,
259,8.641975,14,right_shoulder,-0.1634327918291092,-0.24097120761871338,-0.08771443367004395,
259,8.641975,15,right_elbow,-0.1272778958082199,-0.07814876735210419,-0.10839319229125977,
259,8.641975,16,right_wrist,-0.08994247764348984,0.028493188321590424,-0.20422965288162231,
260,8.675342,0,hip_center,1.5578611055389047e-05,0.0001244416052941233,-0.00047082529636099935,
260,8.675342,1,right_hip,-0.06379825621843338,0.0036368228029459715,-0.03334709629416466,
260,8.675342,2,right_knee,-0.13554918766021729,0.24381645023822784,-0.00041295960545539856,
260,8.675342,3,right_ankle,-0.23645153641700745,0.44333982467651367,0.09114964306354523,
260,8.675342,4,left_hip,0.06383354216814041,-0.0033907382749021053,0.03239596635103226,
260,8.675342,5,left_knee,0.07001806050539017,0.24298886954784393,0.029954591765999794,
260,8.675342,6,left_ankle,0.08460318297147751,0.47277963161468506,0.08726575970649719,
260,8.675342,7,spine,-0.03910062089562416,-0.13849593698978424,-0.03945660591125488,
260,8.675342,8,thorax,-0.07868621498346329,-0.27700772881507874,-0.07839158177375793,
260,8.675342,9,neck,-0.11893725395202637,-0.29945820569992065,-0.09541499614715576,
260,8.675342,10,head,-0.15885889530181885,-0.3230578899383545,-0.11176790297031403,
260,8.675342,11,left_shoulder,0.006723634898662567,-0.31671297550201416,-0.06404050439596176,
260,8.675342,12,left_elbow,0.005602687131613493,-0.1606002002954483,-0.08367639780044556,
260,8.675342,13,left_wrist,-0.025353293865919113,-0.009523853659629822,-0.07821422070264816,
260,8.675342,14,right_shoulder,-0.16326087713241577,-0.23501098155975342,-0.09206853061914444,
260,8.675342,15,right_elbow,-0.12215161323547363,-0.07416494190692902,-0.11823169887065887,
260,8.675342,16,right_wrist,-0.07223072648048401,0.03199263662099838,-0.20872776210308075,
261,8.708709,0,hip_center,-0.00019438474555499852,0.0004439453477971256,-0.00011077901581302285,
261,8.708709,1,right_hip,-0.06403625011444092,0.0036025827284902334,-0.03296852111816406,
261,8.708709,2,right_knee,-0.13719649612903595,0.24334461987018585,5.334988236427307e-05,
261,8.708709,3,right_ankle,-0.23561197519302368,0.44599220156669617,0.08736269176006317,
261,8.708709,4,left_hip,0.06363017112016678,-0.002714295405894518,0.03277944400906563,
261,8.708709,5,left_knee,0.06917745620012283,0.24366967380046844,0.0294196717441082,
261,8.708709,6,left_ankle,0.08372088521718979,0.47453573346138,0.08224423229694366,
261,8.708709,7,spine,-0.04036478325724602,-0.13748909533023834,-0.04043935239315033,
261,8.708709,8,thorax,-0.08100225031375885,-0.2752944231033325,-0.08077247440814972,
261,8.708709,9,neck,-0.12392321974039078,-0.2920616865158081,-0.09781989455223083,
261,8.708709,10,head,-0.16290223598480225,-0.31693825125694275,-0.11454983800649643,
261,8.708709,11,left_shoulder,0.0040884315967559814,-0.31420594453811646,-0.06280660629272461,
261,8.708709,12,left_elbow,0.009643139317631721,-0.1581393927335739,-0.08205246180295944,
261,8.708709,13,left_wrist,-0.011915963143110275,-0.005407184362411499,-0.07755205780267715,
261,8.708709,14,right_shoulder,-0.16257989406585693,-0.22835484147071838,-0.09643840789794922,
261,8.708709,15,right_elbow,-0.11604051291942596,-0.06996800005435944,-0.12796026468276978,
261,8.708709,16,right_wrist,-0.05365351587533951,0.03443993628025055,-0.21256472170352936,
262,8.742075,0,hip_center,-0.00038407568354159594,0.0007257558172568679,0.00021867465693503618,
262,8.742075,1,right_hip,-0.06413210183382034,0.003679876681417227,-0.032839685678482056,
262,8.742075,2,right_knee,-0.13847245275974274,0.24304786324501038,0.0002598874270915985,
262,8.742075,3,right_ankle,-0.23468628525733948,0.44806891679763794,0.08442540466785431,
262,8.742075,4,left_hip,0.0633331686258316,-0.002226030919700861,0.033335354179143906,
262,8.742075,5,left_knee,0.06862733513116837,0.24414750933647156,0.0289553701877594,
262,8.742075,6,left_ankle,0.08301511406898499,0.4758611023426056,0.07797457277774811,
262,8.742075,7,spine,-0.04162277281284332,-0.13652567565441132,-0.04133845120668411,
262,8.742075,8,thorax,-0.08333319425582886,-0.2736261188983917,-0.08295789361000061,
262,8.742075,9,neck,-0.1282893419265747,-0.2842811346054077,-0.0996726006269455,
262,8.742075,10,head,-0.16333118081092834,-0.3142850399017334,-0.11670006811618805,
262,8.742075,11,left_shoulder,0.0011358261108398438,-0.311883807182312,-0.061080098152160645,
262,8.742075,12,left_elbow,0.013897332362830639,-0.15626822412014008,-0.08054699003696442,
262,8.742075,13,left_wrist,0.0013193599879741669,-0.0025098323822021484,-0.0770365446805954,
262,8.742075,14,right_shoulder,-0.16175690293312073,-0.22230280935764313,-0.10082684457302094,
262,8.742075,15,right_elbow,-0.1090274453163147,-0.06685033440589905,-0.13688330352306366,
262,8.742075,16,right_wrist,-0.035094112157821655,0.034709058701992035,-0.21543657779693604,
263,8.775442,0,hip_center,-0.0005282288184389472,0.0008773853769525886,0.00045817665522918105,
263,8.775442,1,right_hip,-0.06391555070877075,0.0038199899718165398,-0.033287640661001205,
263,8.775442,2,right_knee,-0.13929273188114166,0.24282556772232056,8.471310138702393e-05,
263,8.775442,3,right_ankle,-0.2338750660419464,0.449212908744812,0.08274675160646439,
263,8.775442,4,left_hip,0.06281907856464386,-0.002062753774225712,0.034278109669685364,
263,8.775442,5,left_knee,0.06829626858234406,0.24428164958953857,0.028660055249929428,
263,8.775442,6,left_ankle,0.08249205350875854,0.4765941798686981,0.07481689751148224,
263,8.775442,7,spine,-0.04282459244132042,-0.13576503098011017,-0.0420323982834816,
263,8.775442,8,thorax,-0.08559422194957733,-0.272238552570343,-0.08462594449520111,
263,8.775442,9,neck,-0.13161854445934296,-0.2779539227485657,-0.10084513574838638,
263,8.775442,10,head,-0.1603318452835083,-0.31420889496803284,-0.11755512654781342,
263,8.775442,11,left_shoulder,-0.0022030621767044067,-0.3101888597011566,-0.05849184840917587,
263,8.775442,12,left_elbow,0.018147030845284462,-0.15551665425300598,-0.07899565994739532,
263,8.775442,13,left_wrist,0.015002180822193623,-0.0012464821338653564,-0.07726439088582993,
263,8.775442,14,right_shoulder,-0.16100862622261047,-0.21756745874881744,-0.10529956221580505,
263,8.775442,15,right_elbow,-0.10148221254348755,-0.0654640793800354,-0.14488621056079865,
263,8.775442,16,right_wrist,-0.017338179051876068,0.03248211741447449,-0.21753185987472534,
264,8.808809,0,hip_center,-0.0005966944736428559,0.0008599773282185197,0.0005728220567107201,
264,8.808809,1,right_hip,-0.06322741508483887,0.0039979866705834866,-0.03454038128256798,
264,8.808809,2,right_knee,-0.13969725370407104,0.2425651103258133,-0.0005228854715824127,
264,8.808809,3,right_ankle,-0.2333361804485321,0.449256956577301,0.08245189487934113,
264,8.808809,4,left_hip,0.06198692321777344,-0.0022758678533136845,0.035769023001194,
264,8.808809,5,left_knee,0.06808309257030487,0.24401597678661346,0.02867761440575123,
264,8.808809,6,left_ankle,0.08217194676399231,0.4767152667045593,0.07287739962339401,
264,8.808809,7,spine,-0.043957337737083435,-0.13528987765312195,-0.04242309555411339,
264,8.808809,8,thorax,-0.08778636157512665,-0.271263986825943,-0.0855337530374527,
264,8.808809,9,neck,-0.1341366171836853,-0.27485671639442444,-0.10143068432807922,
264,8.808809,10,head,-0.15788321197032928,-0.31482353806495667,-0.11745725572109222,
264,8.808809,11,left_shoulder,-0.006016097962856293,-0.3092847764492035,-0.054787278175354004,
264,8.808809,12,left_elbow,0.022281693294644356,-0.15614260733127594,-0.07725368440151215,
264,8.808809,13,left_wrist,0.029914457350969315,-0.002025902271270752,-0.07865245640277863,
264,8.808809,14,right_shoulder,-0.16048824787139893,-0.21444803476333618,-0.10982456058263779,
264,8.808809,15,right_elbow,-0.09364508092403412,-0.06613904237747192,-0.1520427167415619,
264,8.808809,16,right_wrist,-0.0008058547973632812,0.02785079926252365,-0.21910876035690308,
265,8.842176,0,hip_center,-0.0005819437792524695,0.000761990319006145,0.0005960400449112058,
265,8.842176,1,right_hip,-0.06209611892700195,0.004258337430655956,-0.03640631213784218,
265,8.842176,2,right_knee,-0.13979297876358032,0.24229976534843445,-0.0014980919659137726,
265,8.842176,3,right_ankle,-0.23310531675815582,0.4484529495239258,0.08316737413406372,
265,8.842176,4,left_hip,0.0608813613653183,-0.002730670850723982,0.03768213465809822,
265,8.842176,5,left_knee,0.06788138300180435,0.24348919093608856,0.029085274785757065,
265,8.842176,6,left_ankle,0.08198948949575424,0.47643834352493286,0.07194241881370544,
265,8.842176,7,spine,-0.0450567826628685,-0.13499732315540314,-0.042496614158153534,
265,8.842176,8,thorax,-0.08999460935592651,-0.27058160305023193,-0.08569340407848358,
265,8.842176,9,neck,-0.13629351556301117,-0.2748633027076721,-0.10156930983066559,
265,8.842176,10,head,-0.15760919451713562,-0.3163829445838928,-0.11705673485994339,
265,8.842176,11,left_shoulder,-0.01029174029827118,-0.30871906876564026,-0.05005228519439697,
265,8.842176,12,left_elbow,0.02626366913318634,-0.157751202583313,-0.07516062259674072,
265,8.842176,13,left_wrist,0.045999713242053986,-0.004816308617591858,-0.08095594495534897,
265,8.842176,14,right_shoulder,-0.16018497943878174,-0.21257609128952026,-0.1141948252916336,
265,8.842176,15,right_elbow,-0.08554008603096008,-0.06866438686847687,-0.1585061103105545,
265,8.842176,16,right_wrist,0.014362044632434845,0.021503567695617676,-0.22047685086727142,
266,8.875542,0,hip_center,-0.0005044745048508048,0.0006624114466831088,0.0005785746616311371,
266,8.875542,1,right_hip,-0.06062217056751251,0.0046343011781573296,-0.038606610149145126,
266,8.875542,2,right_knee,-0.13964232802391052,0.24208955466747284,-0.002691071480512619,
266,8.875542,3,right_ankle,-0.2331036478281021,0.447143018245697,0.08444467186927795,
266,8.875542,4,left_hip,0.059562813490629196,-0.0033054938539862633,0.03984040766954422,
266,8.875542,5,left_knee,0.06761681288480759,0.2428339421749115,0.029959307983517647,
266,8.875542,6,left_ankle,0.08185293525457382,0.4759644865989685,0.07177509367465973,
266,8.875542,7,spine,-0.04618610441684723,-0.13476485013961792,-0.04229586571455002,
266,8.875542,8,thorax,-0.09233178198337555,-0.27001845836639404,-0.08525519073009491,
266,8.875542,9,neck,-0.13825753331184387,-0.2766733467578888,-0.10139530897140503,
266,8.875542,10,head,-0.15837052464485168,-0.3189384341239929,-0.11646942049264908,
266,8.875542,11,left_shoulder,-0.015031971037387848,-0.3079058527946472,-0.04443132132291794,
266,8.875542,12,left_elbow,0.030128803104162216,-0.15983079373836517,-0.07257925719022751,
266,8.875542,13,left_wrist,0.06231008097529411,-0.00931859016418457,-0.08365240693092346,
266,8.875542,14,right_shoulder,-0.16002927720546722,-0.21148189902305603,-0.11833356320858002,
266,8.875542,15,right_elbow,-0.07697656005620956,-0.0728352963924408,-0.16443456709384918,
266,8.875542,16,right_wrist,0.02839478850364685,0.013994172215461731,-0.22195491194725037,
267,8.908909,0,hip_center,-0.00038964117993600667,0.0005788098205812275,0.0005523295840248466,
267,8.908909,1,right_hip,-0.0587770938873291,0.005091032478958368,-0.0411122590303421,
267,8.908909,2,right_knee,-0.13929396867752075,0.24185192584991455,-0.0039582401514053345,
267,8.908909,3,right_ankle,-0.2332354187965393,0.445475697517395,0.08596915751695633,
267,8.908909,4,left_hip,0.057951536029577255,-0.003930115606635809,0.04228111356496811,
267,8.908909,5,left_knee,0.06722215563058853,0.24212591350078583,0.03143662214279175,
267,8.908909,6,left_ankle,0.08170727640390396,0.4754338264465332,0.07216361165046692,
267,8.908909,7,spine,-0.047173261642456055,-0.13460779190063477,-0.04189121350646019,
267,8.908909,8,thorax,-0.09441259503364563,-0.26962512731552124,-0.08440282195806503,
267,8.908909,9,neck,-0.13974979519844055,-0.2794681489467621,-0.1005774512887001,
267,8.908909,10,head,-0.1599057912826538,-0.32178395986557007,-0.11545051634311676,
267,8.908909,11,left_shoulder,-0.020036421716213226,-0.30644381046295166,-0.037606753408908844,
267,8.908909,12,left_elbow,0.03387345001101494,-0.16201990842819214,-0.06912638992071152,
267,8.908909,13,left_wrist,0.07762958109378815,-0.015001028776168823,-0.08594971150159836,
267,8.908909,14,right_shoulder,-0.15942460298538208,-0.2113136351108551,-0.12283286452293396,
267,8.908909,15,right_elbow,-0.06770388036966324,-0.07859766483306885,-0.16994671523571014,
267,8.908909,16,right_wrist,0.041751012206077576,0.005397103726863861,-0.22394274175167084,
268,8.942276,0,hip_center,-0.0002957953838631511,0.0005123473820276558,0.0005455553182400763,
268,8.942276,1,right_hip,-0.056568000465631485,0.005584090016782284,-0.04387412965297699,
268,8.942276,2,right_knee,-0.13872988522052765,0.241526797413826,-0.005149830132722855,
268,8.942276,3,right_ankle,-0.23336368799209595,0.44353678822517395,0.0876455157995224,
268,8.942276,4,left_hip,0.05593506246805191,-0.00455693993717432,0.04501698166131973,
268,8.942276,5,left_knee,0.06673397123813629,0.24140755832195282,0.03352917730808258,
268,8.942276,6,left_ankle,0.08155056834220886,0.4749603867530823,0.07270342111587524,
268,8.942276,7,spine,-0.04774554818868637,-0.13458038866519928,-0.04145506024360657,
268,8.942276,8,thorax,-0.09560979902744293,-0.26952114701271057,-0.08350833505392075,
268,8.942276,9,neck,-0.14038312435150146,-0.2826988697052002,-0.09885963797569275,
268,8.942276,10,head,-0.1622677445411682,-0.3241424858570099,-0.11374552547931671,
268,8.942276,11,left_shoulder,-0.025351986289024353,-0.303941547870636,-0.029135752469301224,
268,8.942276,12,left_elbow,0.037688277661800385,-0.16420042514801025,-0.0645810216665268,
268,8.942276,13,left_wrist,0.09112358093261719,-0.021263718605041504,-0.08751443028450012,
268,8.942276,14,right_shoulder,-0.15726613998413086,-0.21275010704994202,-0.12910661101341248,
268,8.942276,15,right_elbow,-0.05699598044157028,-0.0860273689031601,-0.17529289424419403,
268,8.942276,16,right_wrist,0.055112048983573914,-0.003964625298976898,-0.22675706446170807,
269,8.975642,0,hip_center,-0.00024840605328790843,0.000462527183117345,0.0005507934838533401,
269,8.975642,1,right_hip,-0.05427449941635132,0.006090107373893261,-0.046511970460414886,
269,8.975642,2,right_knee,-0.13800650835037231,0.24119162559509277,-0.006072681397199631,
269,8.975642,3,right_ankle,-0.23346081376075745,0.44149279594421387,0.08954375982284546,
269,8.975642,4,left_hip,0.05374117195606232,-0.005163471680134535,0.04765482246875763,
269,8.975642,5,left_knee,0.06632628291845322,0.24070295691490173,0.03588884696364403,
269,8.975642,6,left_ankle,0.08138135075569153,0.47457075119018555,0.07304097712039948,
269,8.975642,7,spine,-0.048107270151376724,-0.13458937406539917,-0.041115619242191315,
269,8.975642,8,thorax,-0.09632831811904907,-0.26951098442077637,-0.08282119035720825,
269,8.975642,9,neck,-0.14048373699188232,-0.28567853569984436,-0.09706461429595947,
269,8.975642,10,head,-0.16409529745578766,-0.3262311816215515,-0.11176419258117676,
269,8.975642,11,left_shoulder,-0.030910097062587738,-0.30088189244270325,-0.021066632121801376,
269,8.975642,12,left_elbow,0.04168849438428879,-0.16659599542617798,-0.059208035469055176,
269,8.975642,13,left_wrist,0.10235655307769775,-0.027674466371536255,-0.08805892616510391,
269,8.975642,14,right_shoulder,-0.1539827436208725,-0.21491752564907074,-0.13572847843170166,
269,8.975642,15,right_elbow,-0.04556930810213089,-0.0943642109632492,-0.17999309301376343,
269,8.975642,16,right_wrist,0.06844767183065414,-0.0138888880610466,-0.229741632938385,
270,9.009009,0,hip_center,-0.0002090680500259623,0.0004360077728051692,0.0005555542302317917,
270,9.009009,1,right_hip,-0.052232775837183,0.006625423673540354,-0.04864421859383583,
270,9.009009,2,right_knee,-0.13729918003082275,0.24095726013183594,-0.006556149572134018,
270,9.009009,3,right_ankle,-0.23368987441062927,0.4395613670349121,0.09162645041942596,
270,9.009009,4,left_hip,0.05178443342447281,-0.005752290599048138,0.04978660121560097,
270,9.009009,5,left_knee,0.06612655520439148,0.24002093076705933,0.03808407858014107,
270,9.009009,6,left_ankle,0.08104678988456726,0.4742511510848999,0.07293638586997986,
270,9.009009,7,spine,-0.048390645533800125,-0.13457456231117249,-0.040872201323509216,
270,9.009009,8,thorax,-0.09688527882099152,-0.2694745659828186,-0.08232979476451874,
270,9.009009,9,neck,-0.14040261507034302,-0.2879490256309509,-0.09570519626140594,
270,9.009009,10,head,-0.1646338403224945,-0.3282634913921356,-0.1100471168756485,
270,9.009009,11,left_shoulder,-0.03601003810763359,-0.2977369427680969,-0.014707721769809723,
270,9.009009,12,left_elbow,0.04586253687739372,-0.1691693365573883,-0.05376254767179489,
270,9.009009,13,left_wrist,0.11208154261112213,-0.0339958518743515,-0.08775293827056885,
270,9.009009,14,right_shoulder,-0.15048180520534515,-0.21689635515213013,-0.14120763540267944,
270,9.009009,15,right_elbow,-0.034861043095588684,-0.1024949923157692,-0.1835172325372696,
270,9.009009,16,right_wrist,0.08136441558599472,-0.024444662034511566,-0.232002854347229,
271,9.042376,0,hip_center,-0.00016275049711111933,0.000434307410614565,0.000539537169970572,
271,9.042376,1,right_hip,-0.050641611218452454,0.007138569373637438,-0.05017859861254692,
271,9.042376,2,right_knee,-0.13686683773994446,0.240786612033844,-0.0066710785031318665,
271,9.042376,3,right_ankle,-0.23421889543533325,0.43777787685394287,0.0937858447432518,
271,9.042376,4,left_hip,0.05029494687914848,-0.006268747616559267,0.05127812549471855,
271,9.042376,5,left_knee,0.06599072366952896,0.23943622410297394,0.039883434772491455,
271,9.042376,6,left_ankle,0.08038289844989777,0.47399526834487915,0.07268603146076202,
271,9.042376,7,spine,-0.04888566583395004,-0.13443951308727264,-0.04070008173584938,
271,9.042376,8,thorax,-0.09789148718118668,-0.2692141532897949,-0.08196386694908142,
271,9.042376,9,neck,-0.14060084521770477,-0.28950080275535583,-0.09531784802675247,
271,9.042376,10,head,-0.163765549659729,-0.3305104970932007,-0.10944940894842148,
271,9.042376,11,left_shoulder,-0.0404583103954792,-0.2947235107421875,-0.010353773832321167,
271,9.042376,12,left_elbow,0.050175342708826065,-0.17199385166168213,-0.048837438225746155,
271,9.042376,13,left_wrist,0.12082506716251373,-0.04021398723125458,-0.08698000758886337,
271,9.042376,14,right_shoulder,-0.14793458580970764,-0.21771618723869324,-0.14479145407676697,
271,9.042376,15,right_elbow,-0.025574088096618652,-0.11010976880788803,-0.18595820665359497,
271,9.042376,16,right_wrist,0.09382066875696182,-0.0360344797372818,-0.2329561859369278,
272,9.075742,0,hip_center,-0.00013672154454980046,0.00044769872329197824,0.0004918966442346573,
272,9.075742,1,right_hip,-0.04973093420267105,0.007537628058344126,-0.05104002356529236,
272,9.075742,2,right_knee,-0.13686403632164001,0.24063794314861298,-0.006417520344257355,
272,9.075742,3,right_ankle,-0.23509708046913147,0.43623265624046326,0.095893494784832,
272,9.075742,4,left_hip,0.04944532737135887,-0.006641036830842495,0.05203493684530258,
272,9.075742,5,left_knee,0.06576458364725113,0.23903660476207733,0.0409306064248085,
272,9.075742,6,left_ankle,0.07932961732149124,0.4738282859325409,0.07239395380020142,
272,9.075742,7,spine,-0.049506668001413345,-0.13424377143383026,-0.04057377576828003,
272,9.075742,8,thorax,-0.09913936257362366,-0.2688431143760681,-0.08165998756885529,
272,9.075742,9,neck,-0.14096873998641968,-0.2903636395931244,-0.09584221243858337,
272,9.075742,10,head,-0.16193276643753052,-0.3325765132904053,-0.10986661165952682,
272,9.075742,11,left_shoulder,-0.043717000633478165,-0.2923355996608734,-0.007810346782207489,
272,9.075742,12,left_elbow,0.054674211889505386,-0.17518647015094757,-0.04459719359874725,
272,9.075742,13,left_wrist,0.13002143800258636,-0.04701249301433563,-0.08590575307607651,
272,9.075742,14,right_shoulder,-0.1465679556131363,-0.2173924744129181,-0.14652153849601746,
272,9.075742,15,right_elbow,-0.017984479665756226,-0.11708495765924454,-0.18714945018291473,
272,9.075742,16,right_wrist,0.10569184273481369,-0.048992715775966644,-0.23207919299602509,
273,9.109109,0,hip_center,-0.00014497213123831898,0.0004603462293744087,0.0004270127392373979,
273,9.109109,1,right_hip,-0.04941381514072418,0.0077559431083500385,-0.05138753727078438,
273,9.109109,2,right_knee,-0.1372513771057129,0.24042779207229614,-0.005918074399232864,
273,9.109109,3,right_ankle,-0.2362489104270935,0.4349127411842346,0.09776252508163452,
273,9.109109,4,left_hip,0.04911787807941437,-0.006834549363702536,0.05224660784006119,
273,9.109109,5,left_knee,0.06529304385185242,0.238855242729187,0.04120057821273804,
273,9.109109,6,left_ankle,0.07792283594608307,0.47378009557724,0.07205329835414886,
273,9.109109,7,spine,-0.05006192624568939,-0.13406822085380554,-0.04051128029823303,
273,9.109109,8,thorax,-0.1002194732427597,-0.2685125768184662,-0.08146741986274719,
273,9.109109,9,neck,-0.1412687450647354,-0.29046115279197693,-0.09718947112560272,
273,9.109109,10,head,-0.1594214141368866,-0.3340509533882141,-0.11091935634613037,
273,9.109109,11,left_shoulder,-0.0455397330224514,-0.2909930944442749,-0.006754279136657715,
273,9.109109,12,left_elbow,0.05927928909659386,-0.1787080019712448,-0.040857892483472824,
273,9.109109,13,left_wrist,0.14077936112880707,-0.05506902188062668,-0.08425502479076385,
273,9.109109,14,right_shoulder,-0.14615586400032043,-0.2165650725364685,-0.1470033973455429,
273,9.109109,15,right_elbow,-0.012147635221481323,-0.12346801161766052,-0.18726089596748352,
273,9.109109,16,right_wrist,0.11612507700920105,-0.06287740170955658,-0.22999207675457,
274,9.142476,0,hip_center,-0.0001750987721607089,0.00046626065159216523,0.00036131698288954794,
274,9.142476,1,right_hip,-0.049451131373643875,0.007771116215735674,-0.05144508555531502,
274,9.142476,2,right_knee,-0.1379641890525818,0.24005913734436035,-0.005327552556991577,
274,9.142476,3,right_ankle,-0.23761451244354248,0.4337320625782013,0.0992438867688179,
274,9.142476,4,left_hip,0.04909851774573326,-0.006838558241724968,0.052169278264045715,
274,9.142476,5,left_knee,0.06441618502140045,0.23889733850955963,0.04092811048030853,
274,9.142476,6,left_ankle,0.07625199854373932,0.47387757897377014,0.07167349010705948,
274,9.142476,7,spine,-0.05046214535832405,-0.13395024836063385,-0.0404919758439064,
274,9.142476,8,thorax,-0.10096219927072525,-0.2682930827140808,-0.08136026561260223,
274,9.142476,9,neck,-0.14145837724208832,-0.28953808546066284,-0.09932343661785126,
274,9.142476,10,head,-0.15607643127441406,-0.3347090482711792,-0.1121295765042305,
274,9.142476,11,left_shoulder,-0.04594815894961357,-0.29087531566619873,-0.00692371279001236,
274,9.142476,12,left_elbow,0.06392860412597656,-0.18245398998260498,-0.03741862624883652,
274,9.142476,13,left_wrist,0.15339410305023193,-0.06476499885320663,-0.081661157310009,
274,9.142476,14,right_shoulder,-0.1465996503829956,-0.21563498675823212,-0.14653700590133667,
274,9.142476,15,right_elbow,-0.008124366402626038,-0.12927117943763733,-0.18668454885482788,
274,9.142476,16,right_wrist,0.12452471256256104,-0.07717893272638321,-0.22720228135585785,
275,9.175843,0,hip_center,-0.00022365136828739196,0.0004679603152908385,0.0002979937708005309,
275,9.175843,1,right_hip,-0.04967999830842018,0.007580393459647894,-0.05136315897107124,
275,9.175843,2,right_knee,-0.1390119343996048,0.239449605345726,-0.004720035940408707,
275,9.175843,3,right_ankle,-0.23921167850494385,0.4325984716415405,0.10029475390911102,
275,9.175843,4,left_hip,0.04923223331570625,-0.006644971203058958,0.051958777010440826,
275,9.175843,5,left_knee,0.06297668814659119,0.23916718363761902,0.04035700485110283,
275,9.175843,6,left_ankle,0.07443002611398697,0.4741404056549072,0.07130031287670135,
275,9.175843,7,spine,-0.050670914351940155,-0.1339203268289566,-0.04045050963759422,
275,9.175843,8,thorax,-0.10129888355731964,-0.2682480812072754,-0.08121000975370407,
275,9.175843,9,neck,-0.14138738811016083,-0.287871778011322,-0.10174749791622162,
275,9.175843,10,head,-0.15257146954536438,-0.33443039655685425,-0.11294179409742355,
275,9.175843,11,left_shoulder,-0.045439645648002625,-0.2916834056377411,-0.007672034204006195,
275,9.175843,12,left_elbow,0.06851799786090851,-0.18640746176242828,-0.03391430526971817,
275,9.175843,13,left_wrist,0.16665643453598022,-0.07577700912952423,-0.07798158377408981,
275,9.175843,14,right_shoulder,-0.14746439456939697,-0.2150781750679016,-0.1455945074558258,
275,9.175843,15,right_elbow,-0.005336016416549683,-0.13490237295627594,-0.18581019341945648,
275,9.175843,16,right_wrist,0.13097847998142242,-0.09157875180244446,-0.22444292902946472,
276,9.209209,0,hip_center,-0.00028349144849926233,0.0004733051173388958,0.00023792711726855487,
276,9.209209,1,right_hip,-0.04996580630540848,0.0072151413187384605,-0.05125582963228226,
276,9.209209,2,right_knee,-0.14034777879714966,0.23858095705509186,-0.004138246178627014,
276,9.209209,3,right_ankle,-0.24103236198425293,0.43144720792770386,0.10093217343091965,
276,9.209209,4,left_hip,0.04939956218004227,-0.006269278936088085,0.05173012614250183,
276,9.209209,5,left_knee,0.06095833703875542,0.23962701857089996,0.039542753249406815,
276,9.209209,6,left_ankle,0.0725000724196434,0.47453606128692627,0.07093724608421326,
276,9.209209,7,spine,-0.050702255219221115,-0.13399291038513184,-0.040288154035806656,
276,9.209209,8,thorax,-0.10126906633377075,-0.2684125304222107,-0.0808200091123581,
276,9.209209,9,neck,-0.14099982380867004,-0.286099374294281,-0.10368064790964127,
276,9.209209,10,head,-0.15055954456329346,-0.3333173990249634,-0.11353815346956253,
276,9.209209,11,left_shoulder,-0.044695720076560974,-0.29295992851257324,-0.008196420967578888,
276,9.209209,12,left_elbow,0.07286007702350616,-0.1905989944934845,-0.029664916917681694,
276,9.209209,13,left_wrist,0.1799265444278717,-0.08819184452295303,-0.07281259447336197,
276,9.209209,14,right_shoulder,-0.14821836352348328,-0.2152300775051117,-0.1446247696876526,
276,9.209209,15,right_elbow,-0.002919897437095642,-0.14087806642055511,-0.18470056354999542,
276,9.209209,16,right_wrist,0.13622422516345978,-0.10598372668027878,-0.221746027469635,
277,9.242576,0,hip_center,-0.000358821009285748,0.0004995600320398808,0.00018518891010899097,
277,9.242576,1,right_hip,-0.05016280338168144,0.006763014011085033,-0.05125141888856888,
277,9.242576,2,right_knee,-0.14179761707782745,0.23751616477966309,-0.003552943468093872,
277,9.242576,3,right_ankle,-0.24293267726898193,0.43030107021331787,0.10123372822999954,
277,9.242576,4,left_hip,0.04944649711251259,-0.0057649193331599236,0.05161963030695915,
277,9.242576,5,left_knee,0.05860842019319534,0.24019043147563934,0.03861361742019653,
277,9.242576,6,left_ankle,0.07053925096988678,0.47502774000167847,0.07039673626422882,
277,9.242576,7,spine,-0.050422538071870804,-0.13420145213603973,-0.03999990224838257,
277,9.242576,8,thorax,-0.10060274600982666,-0.2688692808151245,-0.08018679171800613,
277,9.242576,9,neck,-0.14030060172080994,-0.2847242057323456,-0.10440801084041595,
277,9.242576,10,head,-0.15148073434829712,-0.33147183060646057,-0.1147889569401741,
277,9.242576,11,left_shoulder,-0.04412299022078514,-0.2944232225418091,-0.007838085293769836,
277,9.242576,12,left_elbow,0.07679037749767303,-0.1950683891773224,-0.02416592463850975,
277,9.242576,13,left_wrist,0.19263195991516113,-0.1020520031452179,-0.06588947772979736,
277,9.242576,14,right_shoulder,-0.1479993462562561,-0.2165001779794693,-0.14433270692825317,
277,9.242576,15,right_elbow,0.0004697442054748535,-0.14805537462234497,-0.18329642713069916,
277,9.242576,16,right_wrist,0.14160937070846558,-0.12042804062366486,-0.2188970446586609,
278,9.275943,0,hip_center,-0.0004544490948319435,0.000547514297068119,0.0001400452310917899,
278,9.275943,1,right_hip,-0.05024683475494385,0.0062823789194226265,-0.05136938765645027,
278,9.275943,2,right_knee,-0.14322122931480408,0.2363569587469101,-0.0029901377856731415,
278,9.275943,3,right_ankle,-0.24479782581329346,0.42916637659072876,0.10132330656051636,
278,9.275943,4,left_hip,0.049339409917593,-0.005187662318348885,0.05164727196097374,
278,9.275943,5,left_knee,0.056140586733818054,0.24079836905002594,0.03779992461204529,
278,9.275943,6,left_ankle,0.06863082945346832,0.4755839407444,0.06974999606609344,
278,9.275943,7,spine,-0.04968313127756119,-0.13457565009593964,-0.03965750336647034,
278,9.275943,8,thorax,-0.09899859130382538,-0.26967865228652954,-0.07945242524147034,
278,9.275943,9,neck,-0.13930417597293854,-0.28387248516082764,-0.10370033979415894,
278,9.275943,10,head,-0.15556730329990387,-0.3283723294734955,-0.11686746031045914,
278,9.275943,11,left_shoulder,-0.04379982873797417,-0.2960229218006134,-0.006401903927326202,
278,9.275943,12,left_elbow,0.08023156225681305,-0.19983190298080444,-0.01742592826485634,
278,9.275943,13,left_wrist,0.20421536266803741,-0.11707917600870132,-0.057328060269355774,
278,9.275943,14,right_shoulder,-0.14616774022579193,-0.21923460066318512,-0.14528651535511017,
278,9.275943,15,right_elbow,0.005312234163284302,-0.15619586408138275,-0.1816990077495575,
278,9.275943,16,right_wrist,0.14780844748020172,-0.13451772928237915,-0.21599121391773224,
279,9.309309,0,hip_center,-0.0005531493225134909,0.0006075716810300946,9.616691386327147e-05,
279,9.309309,1,right_hip,-0.05022574961185455,0.0058175926096737385,-0.0515843965113163,
279,9.309309,2,right_knee,-0.14452721178531647,0.23521718382835388,-0.0025724880397319794,
279,9.309309,3,right_ankle,-0.24656528234481812,0.42800742387771606,0.1013251543045044,
279,9.309309,4,left_hip,0.04912080243229866,-0.0046013472601771355,0.051774799823760986,
279,9.309309,5,left_knee,0.053720224648714066,0.24139586091041565,0.03723704814910889,
279,9.309309,6,left_ankle,0.0668008103966713,0.47614815831184387,0.0691954493522644,
279,9.309309,7,spine,-0.04875949025154114,-0.13502469658851624,-0.03921814262866974,
279,9.309309,8,thorax,-0.09702649712562561,-0.2706502377986908,-0.07851797342300415,
279,9.309309,9,neck,-0.13826321065425873,-0.2833472490310669,-0.10201872140169144,
279,9.309309,10,head,-0.16141340136528015,-0.32350778579711914,-0.11842905730009079,
279,9.309309,11,left_shoulder,-0.04392644762992859,-0.2975994944572449,-0.004144422709941864,
279,9.309309,12,left_elbow,0.08307984471321106,-0.20488789677619934,-0.009799966588616371,
279,9.309309,13,left_wrist,0.2143104374408722,-0.13298240303993225,-0.04748690873384476,
279,9.309309,14,right_shoulder,-0.14335842430591583,-0.2228977382183075,-0.14690443873405457,
279,9.309309,15,right_elbow,0.010707080364227295,-0.1645323932170868,-0.18011948466300964,
279,9.309309,16,right_wrist,0.15421821177005768,-0.1481373906135559,-0.21308650076389313,
280,9.342676,0,hip_center,-0.0006352626369334757,0.000671104178763926,4.5523927838075906e-05,
280,9.342676,1,right_hip,-0.05013495683670044,0.005413791164755821,-0.05184550583362579,
280,9.342676,2,right_knee,-0.14567124843597412,0.23419682681560516,-0.002345580607652664,
280,9.342676,3,right_ankle,-0.24820104241371155,0.42683303356170654,0.10135358572006226,
280,9.342676,4,left_hip,0.04886571317911148,-0.004068790934979916,0.05193484202027321,
280,9.342676,5,left_knee,0.05146975815296173,0.24193069338798523,0.03694804012775421,
280,9.342676,6,left_ankle,0.06505778431892395,0.4766619801521301,0.06884893029928207,
280,9.342676,7,spine,-0.04798535257577896,-0.1354297250509262,-0.03868572413921356,
280,9.342676,8,thorax,-0.09536527842283249,-0.2715390920639038,-0.07738788425922394,
280,9.342676,9,neck,-0.13750118017196655,-0.2829223871231079,-0.09994784742593765,
280,9.342676,10,head,-0.16704721748828888,-0.31751590967178345,-0.11861386150121689,
280,9.342676,11,left_shoulder,-0.04462865740060806,-0.29903560876846313,-0.0015786513686180115,
280,9.342676,12,left_elbow,0.08523311465978622,-0.21018780767917633,-0.0014540724223479629,
280,9.342676,13,left_wrist,0.2224789261817932,-0.14883406460285187,-0.036260396242141724,
280,9.342676,14,right_shoulder,-0.1404755711555481,-0.22644302248954773,-0.14834608137607574,
280,9.342676,15,right_elbow,0.015879377722740173,-0.17276328802108765,-0.17863716185092926,
280,9.342676,16,right_wrist,0.16019727289676666,-0.16129158437252045,-0.21013015508651733,
281,9.376043,0,hip_center,-0.0006853446830064058,0.0007323173340409994,-2.0250594388926402e-05,
281,9.376043,1,right_hip,-0.05002940073609352,0.00508144311606884,-0.05209366977214813,
281,9.376043,2,right_knee,-0.14660605788230896,0.23337121307849884,-0.002335861325263977,
281,9.376043,3,right_ankle,-0.24965235590934753,0.42568957805633545,0.10144118219614029,
281,9.376043,4,left_hip,0.0486602783203125,-0.0036124580074101686,0.05205130577087402,
281,9.376043,5,left_knee,0.049479518085718155,0.24239137768745422,0.03693294897675514,
281,9.376043,6,left_ankle,0.06341034173965454,0.47710686922073364,0.06880231946706772,
281,9.376043,7,spine,-0.04761327803134918,-0.13571423292160034,-0.038042448461055756,
281,9.376043,8,thorax,-0.09455154091119766,-0.2721801996231079,-0.0760202407836914,
281,9.376043,9,neck,-0.1373947411775589,-0.2824578285217285,-0.09776411950588226,
281,9.376043,10,head,-0.17144572734832764,-0.31201010942459106,-0.11739295721054077,
281,9.376043,11,left_shoulder,-0.045859526842832565,-0.30075111985206604,0.0007267072796821594,
281,9.376043,12,left_elbow,0.0864744782447815,-0.21590444445610046,0.0075662094168365,
281,9.376043,13,left_wrist,0.2285962700843811,-0.16399884223937988,-0.022755049169063568,
281,9.376043,14,right_shoulder,-0.1384323239326477,-0.2286013513803482,-0.14867711067199707,
281,9.376043,15,right_elbow,0.019950449466705322,-0.1802343726158142,-0.17733833193778992,
281,9.376043,16,right_wrist,0.1649349480867386,-0.17380046844482422,-0.2071571797132492,
282,9.409409,0,hip_center,-0.0006933850236237049,0.0007897702162154019,-0.00010160366946365684,
282,9.409409,1,right_hip,-0.04987605661153793,0.004818820860236883,-0.0523531436920166,
282,9.409409,2,right_knee,-0.14726689457893372,0.2327520102262497,-0.0025474801659584045,
282,9.409409,3,right_ankle,-0.2508736550807953,0.4245542287826538,0.10162607580423355,
282,9.409409,4,left_hip,0.048491474241018295,-0.003233719849959016,0.05214756727218628,
282,9.409409,5,left_knee,0.04778537154197693,0.24278050661087036,0.037193622440099716,
282,9.409409,6,left_ankle,0.06188902631402016,0.4774869680404663,0.06905358284711838,
282,9.409409,7,spine,-0.04778042808175087,-0.1358448565006256,-0.03724139183759689,
282,9.409409,8,thorax,-0.0948711410164833,-0.2725057601928711,-0.07431881129741669,
282,9.409409,9,neck,-0.13816028833389282,-0.28183576464653015,-0.09560183435678482,
282,9.409409,10,head,-0.1748090386390686,-0.3078759014606476,-0.11552368104457855,
282,9.409409,11,left_shoulder,-0.04761793836951256,-0.30280810594558716,0.002663038671016693,
282,9.409409,12,left_elbow,0.08661571145057678,-0.22196301817893982,0.016925683245062828,
282,9.409409,13,left_wrist,0.23262929916381836,-0.17815840244293213,-0.007019350305199623,
282,9.409409,14,right_shoulder,-0.13776201009750366,-0.22888585925102234,-0.14753995835781097,
282,9.409409,15,right_elbow,0.022274106740951538,-0.1863286793231964,-0.17623253166675568,
282,9.409409,16,right_wrist,0.16778233647346497,-0.18545158207416534,-0.2041189968585968,
283,9.442776,0,hip_center,-0.0006718169315718114,0.0008424790576100349,-0.00018329263548366725,
283,9.442776,1,right_hip,-0.049635641276836395,0.004614491481333971,-0.05265907198190689,
283,9.442776,2,right_knee,-0.14762574434280396,0.23230993747711182,-0.002941630780696869,
283,9.442776,3,right_ankle,-0.2518560588359833,0.423403263092041,0.10191042721271515,
283,9.442776,4,left_hip,0.04829496517777443,-0.002923190826550126,0.0522894486784935,
283,9.442776,5,left_knee,0.04634871333837509,0.2431093007326126,0.03775157779455185,
283,9.442776,6,left_ankle,0.06049337610602379,0.47782498598098755,0.06952512264251709,
283,9.442776,7,spine,-0.04825630038976669,-0.13589492440223694,-0.03629663959145546,
283,9.442776,8,thorax,-0.09584358334541321,-0.27266478538513184,-0.07232329994440079,
283,9.442776,9,neck,-0.13948103785514832,-0.2810913324356079,-0.0932692363858223,
283,9.442776,10,head,-0.1779879629611969,-0.3042171001434326,-0.11328211426734924,
283,9.442776,11,left_shoulder,-0.04971021041274071,-0.30481746792793274,0.004587158560752869,
283,9.442776,12,left_elbow,0.08603288233280182,-0.22809705138206482,0.025701411068439484,
283,9.442776,13,left_wrist,0.2352098524570465,-0.19214966893196106,0.009385969489812851,
283,9.442776,14,right_shoulder,-0.1379948854446411,-0.2286650538444519,-0.1457463949918747,
283,9.442776,15,right_elbow,0.023269861936569214,-0.19159671664237976,-0.17516662180423737,
283,9.442776,16,right_wrist,0.16904617846012115,-0.19628988206386566,-0.20121102035045624,
284,9.476143,0,hip_center,-0.0006349495961330831,0.0008922787383198738,-0.0002535908133722842,
284,9.476143,1,right_hip,-0.049308862537145615,0.004459085874259472,-0.053012665361166,
284,9.476143,2,right_knee,-0.14767183363437653,0.23203006386756897,-0.003461785614490509,
284,9.476143,3,right_ankle,-0.2526210844516754,0.4222286343574524,0.10229608416557312,
284,9.476143,4,left_hip,0.048042766749858856,-0.002667764201760292,0.052501704543828964,
284,9.476143,5,left_knee,0.04512490704655647,0.2433948516845703,0.038652412593364716,
284,9.476143,6,left_ankle,0.05922764167189598,0.47814249992370605,0.07020771503448486,
284,9.476143,7,spine,-0.04895102232694626,-0.135891854763031,-0.03519975394010544,
284,9.476143,8,thorax,-0.0972805917263031,-0.2727124094963074,-0.07002586126327515,
284,9.476143,9,neck,-0.14126035571098328,-0.2801191806793213,-0.09063863754272461,
284,9.476143,10,head,-0.181343674659729,-0.30041268467903137,-0.1106286346912384,
284,9.476143,11,left_shoulder,-0.05186319351196289,-0.30648353695869446,0.006616644561290741,
284,9.476143,12,left_elbow,0.08529452979564667,-0.23410877585411072,0.03321892023086548,
284,9.476143,13,left_wrist,0.23698154091835022,-0.20727147161960602,0.024109389632940292,
284,9.476143,14,right_shoulder,-0.13913393020629883,-0.2285897433757782,-0.14354556798934937,
284,9.476143,15,right_elbow,0.023024439811706543,-0.19666831195354462,-0.17406797409057617,
284,9.476143,16,right_wrist,0.16882659494876862,-0.20628958940505981,-0.19856758415699005,
285,9.50951,0,hip_center,-0.0006001903093419969,0.0009410522761754692,-0.00030487350886687636,
285,9.50951,1,right_hip,-0.04890873283147812,0.004338037688285112,-0.05340983718633652,
285,9.50951,2,right_knee,-0.14739450812339783,0.23189766705036163,-0.004051186144351959,
285,9.50951,3,right_ankle,-0.25318312644958496,0.42104077339172363,0.10275810211896896,
285,9.50951,4,left_hip,0.04771292954683304,-0.002448992570862174,0.052795641124248505,
285,9.50951,5,left_knee,0.044084593653678894,0.24365569651126862,0.039894260466098785,
285,9.50951,6,left_ankle,0.058091189712285995,0.4784623682498932,0.07105085253715515,
285,9.50951,7,spine,-0.049635156989097595,-0.13589666783809662,-0.034018225967884064,
285,9.50951,8,thorax,-0.09869937598705292,-0.2727733552455902,-0.06757324934005737,
285,9.50951,9,neck,-0.14309760928153992,-0.27913427352905273,-0.08763071894645691,
285,9.50951,10,head,-0.18478615581989288,-0.2961815893650055,-0.10736781358718872,
285,9.50951,11,left_shoulder,-0.053831253200769424,-0.30763643980026245,0.008903682231903076,
285,9.50951,12,left_elbow,0.08500467240810394,-0.23994365334510803,0.03890866041183472,
285,9.50951,13,left_wrist,0.23843075335025787,-0.22388991713523865,0.03504966199398041,
285,9.50951,14,right_shoulder,-0.14057785272598267,-0.22933591902256012,-0.14148563146591187,
285,9.50951,15,right_elbow,0.022225171327590942,-0.2018895298242569,-0.17291496694087982,
285,9.50951,16,right_wrist,0.16786769032478333,-0.21563369035720825,-0.1963759958744049,
286,9.542876,0,hip_center,-0.0005658679874613881,0.000988715561106801,-0.00033237782190553844,
286,9.542876,1,right_hip,-0.048379525542259216,0.004244989715516567,-0.053892094641923904,
286,9.542876,2,right_knee,-0.14683197438716888,0.23184674978256226,-0.00466141477227211,
286,9.542876,3,right_ankle,-0.25361934304237366,0.41975969076156616,0.10331892967224121,
286,9.542876,4,left_hip,0.047253191471099854,-0.0022606535349041224,0.05322221294045448,
286,9.542876,5,left_knee,0.043144434690475464,0.24389903247356415,0.04157499969005585,
286,9.542876,6,left_ankle,0.05706482753157616,0.47879475355148315,0.07209214568138123,
286,9.542876,7,spine,-0.05015119910240173,-0.13593868911266327,-0.03285551443696022,
286,9.542876,8,thorax,-0.09977772831916809,-0.2729074954986572,-0.06518548727035522,
286,9.542876,9,neck,-0.1445874273777008,-0.27847838401794434,-0.08455096930265427,
286,9.542876,10,head,-0.18766486644744873,-0.29232850670814514,-0.1038021594285965,
286,9.542876,11,left_shoulder,-0.05550682917237282,-0.3081735074520111,0.011454574763774872,
286,9.542876,12,left_elbow,0.08516645431518555,-0.24542267620563507,0.04356972873210907,
286,9.542876,13,left_wrist,0.2393895387649536,-0.24019868671894073,0.043219782412052155,
286,9.542876,14,right_shoulder,-0.14168831706047058,-0.23082350194454193,-0.13985876739025116,
286,9.542876,15,right_elbow,0.021672889590263367,-0.20754742622375488,-0.17175357043743134,
286,9.542876,16,right_wrist,0.16705118119716644,-0.22493179142475128,-0.19442522525787354,
287,9.576243,0,hip_center,-0.0005304403603076935,0.0010388953378424048,-0.00033158937003463507,
287,9.576243,1,right_hip,-0.04765874147415161,0.0041864728555083275,-0.054501764476299286,
287,9.576243,2,right_knee,-0.14605456590652466,0.23179855942726135,-0.005205627530813217,
287,9.576243,3,right_ankle,-0.2540258467197418,0.4182809889316559,0.10406962037086487,
287,9.576243,4,left_hip,0.04660407826304436,-0.0021019545383751392,0.05383286252617836,
287,9.576243,5,left_knee,0.04220045357942581,0.2441241443157196,0.043810922652482986,
287,9.576243,6,left_ankle,0.0561286062002182,0.4791334271430969,0.07343754172325134,
287,9.576243,7,spine,-0.0505794957280159,-0.13598576188087463,-0.031714923679828644,
287,9.576243,8,thorax,-0.10067901015281677,-0.2730536162853241,-0.06287433207035065,
287,9.576243,9,neck,-0.14570289850234985,-0.27823466062545776,-0.08184728771448135,
287,9.576243,10,head,-0.1895129233598709,-0.29011833667755127,-0.10075653344392776,
287,9.576243,11,left_shoulder,-0.05698321759700775,-0.3078690767288208,0.014299914240837097,
287,9.576243,12,left_elbow,0.08557967841625214,-0.2504379153251648,0.04799717292189598,
287,9.576243,13,left_wrist,0.2397928684949875,-0.2555357813835144,0.05011279135942459,
287,9.576243,14,right_shoulder,-0.14241760969161987,-0.23249098658561707,-0.1384800225496292,
287,9.576243,15,right_elbow,0.02145284414291382,-0.21366742253303528,-0.17069922387599945,
287,9.576243,16,right_wrist,0.16653107106685638,-0.23455293476581573,-0.1923132836818695,
288,9.60961,0,hip_center,-0.0004929633578285575,0.0010891903657466173,-0.00029453670140355825,
288,9.60961,1,right_hip,-0.04666972905397415,0.00416053831577301,-0.05528240278363228,
288,9.60961,2,right_knee,-0.14510008692741394,0.23168112337589264,-0.0056341253221035,
288,9.60961,3,right_ankle,-0.2544369101524353,0.4165495038032532,0.10501721501350403,
288,9.60961,4,left_hip,0.04569042846560478,-0.001975729363039136,0.05468742921948433,
288,9.60961,5,left_knee,0.04116440564393997,0.2443222552537918,0.04669097065925598,
288,9.60961,6,left_ankle,0.055267930030822754,0.47946691513061523,0.07513680309057236,
288,9.60961,7,spine,-0.050910960882902145,-0.1360439509153366,-0.030594738200306892,
288,9.60961,8,thorax,-0.10138456523418427,-0.2732222080230713,-0.060644932091236115,
288,9.60961,9,neck,-0.1462925225496292,-0.27872583270072937,-0.07980091124773026,
288,9.60961,10,head,-0.19013278186321259,-0.290303111076355,-0.09882977604866028,
288,9.60961,11,left_shoulder,-0.058422114700078964,-0.30681779980659485,0.017475910484790802,
288,9.60961,12,left_elbow,0.0860079973936081,-0.255243718624115,0.05266224965453148,
288,9.60961,13,left_wrist,0.23954017460346222,-0.2702104449272156,0.056667666882276535,
288,9.60961,14,right_shoulder,-0.14254198968410492,-0.2342233508825302,-0.13738355040550232,
288,9.60961,15,right_elbow,0.02170562744140625,-0.21987883746623993,-0.16998553276062012,
288,9.60961,16,right_wrist,0.1664203554391861,-0.24450643360614777,-0.19004026055335999,
289,9.642976,0,hip_center,-0.0004859574546571821,0.0011303641367703676,-0.0001924103416968137,
289,9.642976,1,right_hip,-0.04521617293357849,0.004165065009146929,-0.05636527016758919,
289,9.642976,2,right_knee,-0.1438574194908142,0.23140209913253784,-0.00584450364112854,
289,9.642976,3,right_ankle,-0.25479504466056824,0.414467990398407,0.10620149224996567,
289,9.642976,4,left_hip,0.04424829035997391,-0.0018983453046530485,0.055976878851652145,
289,9.642976,5,left_knee,0.03996291756629944,0.24446922540664673,0.050339262932538986,
289,9.642976,6,left_ankle,0.054495565593242645,0.4797689914703369,0.07724468410015106,
289,9.642976,7,spine,-0.050787296146154404,-0.13625983893871307,-0.029505979269742966,
289,9.642976,8,thorax,-0.10113343596458435,-0.27370086312294006,-0.058552440255880356,
289,9.642976,9,neck,-0.14567916095256805,-0.28061097860336304,-0.07809455692768097,
289,9.642976,10,head,-0.18915632367134094,-0.29308003187179565,-0.09739114344120026,
289,9.642976,11,left_shoulder,-0.060573283582925797,-0.30471187829971313,0.02188694104552269,
289,9.642976,12,left_elbow,0.08530043065547943,-0.2593115568161011,0.05953923612833023,
289,9.642976,13,left_wrist,0.23751942813396454,-0.2840568423271179,0.06494457274675369,
289,9.642976,14,right_shoulder,-0.14003106951713562,-0.23731835186481476,-0.13771648705005646,
289,9.642976,15,right_elbow,0.024670764803886414,-0.22711195051670074,-0.16957654058933258,
289,9.642976,16,right_wrist,0.16890250146389008,-0.25609612464904785,-0.1871318519115448,
290,9.676343,0,hip_center,-0.0005775918252766132,0.0011594215175136924,-3.4449767554178834e-06,
290,9.676343,1,right_hip,-0.04316247999668121,0.00417447742074728,-0.057820651680231094,
290,9.676343,2,right_knee,-0.14228248596191406,0.23086433112621307,-0.005801107734441757,
290,9.676343,3,right_ankle,-0.25506696105003357,0.4119667708873749,0.10758380591869354,
290,9.676343,4,left_hip,0.04199787974357605,-0.001850076369009912,0.05782032012939453,
290,9.676343,5,left_knee,0.03860047087073326,0.24457725882530212,0.054795753210783005,
290,9.676343,6,left_ankle,0.05379077419638634,0.4800413250923157,0.07983602583408356,
290,9.676343,7,spine,-0.05019200220704079,-0.13667592406272888,-0.028383174911141396,
290,9.676343,8,thorax,-0.09983649849891663,-0.2745680809020996,-0.056483782827854156,
290,9.676343,9,neck,-0.1437712013721466,-0.28408318758010864,-0.07631231844425201,
290,9.676343,10,head,-0.1865704506635666,-0.2985149025917053,-0.09575580060482025,
290,9.676343,11,left_shoulder,-0.06448465585708618,-0.3008815348148346,0.02798604965209961,
290,9.676343,12,left_elbow,0.0821579098701477,-0.2623741924762726,0.07007130980491638,
290,9.676343,13,left_wrist,0.23250682651996613,-0.2966610789299011,0.07570907473564148,
290,9.676343,14,right_shoulder,-0.1335102617740631,-0.24273622035980225,-0.13988924026489258,
290,9.676343,15,right_elbow,0.0318475067615509,-0.2362123429775238,-0.1692180633544922,
290,9.676343,16,right_wrist,0.17524591088294983,-0.2705804407596588,-0.183598592877388,
291,9.70971,0,hip_center,-0.0006926558562554419,0.0011698000598698854,0.00017804688832256943,
291,9.70971,1,right_hip,-0.04095632582902908,0.004213565029203892,-0.05927751585841179,
291,9.70971,2,right_knee,-0.14065954089164734,0.23027341067790985,-0.005655556917190552,
291,9.70971,3,right_ankle,-0.25538960099220276,0.40941277146339417,0.10888996720314026,
291,9.70971,4,left_hip,0.03954309970140457,-0.0018690440338104963,0.05965211242437363,
291,9.70971,5,left_knee,0.03723115473985672,0.2445894181728363,0.05971814692020416,
291,9.70971,6,left_ankle,0.0530671626329422,0.4802294671535492,0.08261073380708694,
291,9.70971,7,spine,-0.04952479898929596,-0.13711656630039215,-0.027351513504981995,
291,9.70971,8,thorax,-0.09837996959686279,-0.2754611074924469,-0.05459903925657272,
291,9.70971,9,neck,-0.1411963552236557,-0.28872835636138916,-0.07471628487110138,
291,9.70971,10,head,-0.18285450339317322,-0.3060052692890167,-0.09431745857000351,
291,9.70971,11,left_shoulder,-0.0682234913110733,-0.2975258529186249,0.033042483031749725,
291,9.70971,12,left_elbow,0.07885357737541199,-0.2666519284248352,0.07965965569019318,
291,9.70971,13,left_wrist,0.22688011825084686,-0.30975306034088135,0.08618727326393127,
291,9.70971,14,right_shoulder,-0.12677225470542908,-0.24833370745182037,-0.1415567398071289,
291,9.70971,15,right_elbow,0.038984328508377075,-0.24495829641819,-0.16911207139492035,
291,9.70971,16,right_wrist,0.1811968982219696,-0.2850082814693451,-0.18018686771392822,
292,9.743076,0,hip_center,-0.0007583771366626024,0.001161369844339788,0.0003060407470911741,
292,9.743076,1,right_hip,-0.03896017745137215,0.004289839416742325,-0.06049056723713875,
292,9.743076,2,right_knee,-0.1391650289297104,0.22979331016540527,-0.0054789818823337555,
292,9.743076,3,right_ankle,-0.2558280825614929,0.40716004371643066,0.10986985266208649,
292,9.743076,4,left_hip,0.03740375116467476,-0.0019628582522273064,0.06112714111804962,
292,9.743076,5,left_knee,0.035999976098537445,0.24447573721408844,0.06475774943828583,
292,9.743076,6,left_ankle,0.052293695509433746,0.480297714471817,0.0853390246629715,
292,9.743076,7,spine,-0.0488116592168808,-0.13754144310951233,-0.026489349082112312,
292,9.743076,8,thorax,-0.09687195718288422,-0.27630478143692017,-0.05301123112440109,
292,9.743076,9,neck,-0.13796450197696686,-0.29386594891548157,-0.07343115657567978,
292,9.743076,10,head,-0.17801131308078766,-0.31436407566070557,-0.09328508377075195,
292,9.743076,11,left_shoulder,-0.07085348665714264,-0.29556185007095337,0.03659629076719284,
292,9.743076,12,left_elbow,0.07628406584262848,-0.27244943380355835,0.08733467757701874,
292,9.743076,13,left_wrist,0.2216036319732666,-0.32346004247665405,0.09694279730319977,
292,9.743076,14,right_shoulder,-0.12120727449655533,-0.25319430232048035,-0.14232727885246277,
292,9.743076,15,right_elbow,0.04463721066713333,-0.2526836395263672,-0.16955368220806122,
292,9.743076,16,right_wrist,0.18540212512016296,-0.2982722222805023,-0.17716854810714722,
293,9.776443,0,hip_center,-0.0007700755959376693,0.0011435446795076132,0.00038944242987781763,
293,9.776443,1,right_hip,-0.037262123078107834,0.004390589892864227,-0.06144241988658905,
293,9.776443,2,right_knee,-0.13779987394809723,0.22947418689727783,-0.00532965362071991,
293,9.776443,3,right_ankle,-0.2563350200653076,0.4053758382797241,0.11035355925559998,
293,9.776443,4,left_hip,0.03567984700202942,-0.002099760575219989,0.062245722860097885,
293,9.776443,5,left_knee,0.03493461757898331,0.24425072968006134,0.06986132264137268,
293,9.776443,6,left_ankle,0.0514281801879406,0.48026043176651,0.08798505365848541,
293,9.776443,7,spine,-0.04806516692042351,-0.1379437893629074,-0.025753749534487724,
293,9.776443,8,thorax,-0.09534847736358643,-0.27709394693374634,-0.05163794755935669,
293,9.776443,9,neck,-0.13436876237392426,-0.29880133271217346,-0.07213607430458069,
293,9.776443,10,head,-0.1725558340549469,-0.3224877715110779,-0.09210605919361115,
293,9.776443,11,left_shoulder,-0.07298345863819122,-0.2945019602775574,0.039323970675468445,
293,9.776443,12,left_elbow,0.07331474125385284,-0.27871957421302795,0.09505347907543182,
293,9.776443,13,left_wrist,0.2155209630727768,-0.3368699550628662,0.109479159116745,
293,9.776443,14,right_shoulder,-0.11626344919204712,-0.2575143575668335,-0.14264819025993347,
293,9.776443,15,right_elbow,0.04946453869342804,-0.26004558801651,-0.17046482861042023,
293,9.776443,16,right_wrist,0.18861053884029388,-0.3107837438583374,-0.1743503361940384,
294,9.80981,0,hip_center,-0.0007586993742734194,0.0011232545366510749,0.00045728814438916743,
294,9.80981,1,right_hip,-0.03578609228134155,0.004492401145398617,-0.06220947206020355,
294,9.80981,2,right_knee,-0.13652148842811584,0.22926487028598785,-0.005210999399423599,
294,9.80981,3,right_ankle,-0.2568478584289551,0.4040842652320862,0.11026331782341003,
294,9.80981,4,left_hip,0.03422863036394119,-0.0022423374466598034,0.06314600259065628,
294,9.80981,5,left_knee,0.034000467509031296,0.24394294619560242,0.07497283816337585,
294,9.80981,6,left_ankle,0.05044039711356163,0.48013877868652344,0.09053971618413925,
294,9.80981,7,spine,-0.04737279936671257,-0.13830338418483734,-0.025094984099268913,
294,9.80981,8,thorax,-0.09395836293697357,-0.2777940034866333,-0.05040539801120758,
294,9.80981,9,neck,-0.1308736503124237,-0.30314069986343384,-0.07062351703643799,
294,9.80981,10,head,-0.1671764850616455,-0.3297699987888336,-0.0903993770480156,
294,9.80981,11,left_shoulder,-0.07562892138957977,-0.29354846477508545,0.04175279289484024,
294,9.80981,12,left_elbow,0.06876914203166962,-0.2849820554256439,0.10367080569267273,
294,9.80981,13,left_wrist,0.20714251697063446,-0.35034260153770447,0.12349461764097214,
294,9.80981,14,right_shoulder,-0.11109717935323715,-0.2616303563117981,-0.14286434650421143,
294,9.80981,15,right_elbow,0.054402537643909454,-0.26790469884872437,-0.17143721878528595,
294,9.80981,16,right_wrist,0.19167178869247437,-0.3236559331417084,-0.17131535708904266,
295,9.843177,0,hip_center,-0.0007264235755428672,0.0010991875315085053,0.0004967885906808078,
295,9.843177,1,right_hip,-0.03459984064102173,0.004574924241751432,-0.06279541552066803,
295,9.843177,2,right_knee,-0.1353425234556198,0.2291855365037918,-0.005175281316041946,
295,9.843177,3,right_ankle,-0.25741034746170044,0.403311550617218,0.10951627790927887,
295,9.843177,4,left_hip,0.033112991601228714,-0.0023731207475066185,0.06380676478147507,
295,9.843177,5,left_knee,0.03320005536079407,0.24356655776500702,0.07995609939098358,
295,9.843177,6,left_ankle,0.04930039867758751,0.47994059324264526,0.09296315163373947,
295,9.843177,7,spine,-0.04688671976327896,-0.1385774165391922,-0.024508247151970863,
295,9.843177,8,thorax,-0.09301014989614487,-0.2783164381980896,-0.04928937554359436,
295,9.843177,9,neck,-0.12791915237903595,-0.3067322373390198,-0.06898380815982819,
295,9.843177,10,head,-0.1624266803264618,-0.33591726422309875,-0.08836328983306885,
295,9.843177,11,left_shoulder,-0.07847008109092712,-0.2929069399833679,0.0437321662902832,
295,9.843177,12,left_elbow,0.06440134346485138,-0.2932349741458893,0.10965389013290405,
295,9.843177,13,left_wrist,0.19789235293865204,-0.36672332882881165,0.13398057222366333,
295,9.843177,14,right_shoulder,-0.10675333440303802,-0.2650623619556427,-0.1427725851535797,
295,9.843177,15,right_elbow,0.058337658643722534,-0.27550187706947327,-0.1724695861339569,
295,9.843177,16,right_wrist,0.1933952122926712,-0.3362712562084198,-0.16827332973480225,
296,9.876543,0,hip_center,-0.0006472747772932053,0.0010642866836860776,0.00047515268670395017,
296,9.876543,1,right_hip,-0.033944107592105865,0.004616673570126295,-0.06311803311109543,
296,9.876543,2,right_knee,-0.13420698046684265,0.22939960658550262,-0.005333028733730316,
296,9.876543,3,right_ankle,-0.2580762803554535,0.4030645191669464,0.10811946541070938,
296,9.876543,4,left_hip,0.03262719511985779,-0.0024851374328136444,0.06407960504293442,
296,9.876543,5,left_knee,0.03266093507409096,0.24312183260917664,0.08467914164066315,
296,9.876543,6,left_ankle,0.04808370769023895,0.4796670079231262,0.09514835476875305,
296,9.876543,7,spine,-0.046638086438179016,-0.13875024020671844,-0.024067025631666183,
296,9.876543,8,thorax,-0.09259293973445892,-0.27862250804901123,-0.048405684530735016,
296,9.876543,9,neck,-0.12565366923809052,-0.3095853328704834,-0.0674387589097023,
296,9.876543,10,head,-0.15850022435188293,-0.3409462869167328,-0.0862986147403717,
296,9.876543,11,left_shoulder,-0.08007363229990005,-0.29342415928840637,0.044876039028167725,
296,9.876543,12,left_elbow,0.06254992634057999,-0.30459505319595337,0.11038756370544434,
296,9.876543,13,left_wrist,0.19038933515548706,-0.38766252994537354,0.1342424601316452,
296,9.876543,14,right_shoulder,-0.1049051433801651,-0.2666681110858917,-0.14226281642913818,
296,9.876543,15,right_elbow,0.059459760785102844,-0.28163689374923706,-0.17398107051849365,
296,9.876543,16,right_wrist,0.19197984039783478,-0.3473208248615265,-0.16531407833099365,
297,9.90991,0,hip_center,-0.0005154572427272797,0.001015369431115687,0.00042141680023632944,
297,9.90991,1,right_hip,-0.033640336245298386,0.004616487305611372,-0.06325876712799072,
297,9.90991,2,right_knee,-0.13276837766170502,0.22997324168682098,-0.005751658231019974,
297,9.90991,3,right_ankle,-0.2585737109184265,0.403289794921875,0.10609185695648193,
297,9.90991,4,left_hip,0.03259957209229469,-0.0025833752006292343,0.06410626322031021,
297,9.90991,5,left_knee,0.032485123723745346,0.24262501299381256,0.08900526165962219,
297,9.90991,6,left_ankle,0.04693841189146042,0.47933000326156616,0.09693828970193863,
297,9.90991,7,spine,-0.046568363904953,-0.13884872198104858,-0.023718727752566338,
297,9.90991,8,thorax,-0.09259055554866791,-0.27876463532447815,-0.047676265239715576,
297,9.90991,9,neck,-0.1238255724310875,-0.31192028522491455,-0.06608936935663223,
297,9.90991,10,head,-0.15499743819236755,-0.3452164828777313,-0.08446811139583588,
297,9.90991,11,left_shoulder,-0.08070527762174606,-0.29471555352211,0.04549890011548996,
297,9.90991,12,left_elbow,0.06135878711938858,-0.3171618580818176,0.10931103676557541,
297,9.90991,13,left_wrist,0.18293657898902893,-0.4104766547679901,0.12729349732398987,
297,9.90991,14,right_shoulder,-0.1049424409866333,-0.2669830024242401,-0.14155001938343048,
297,9.90991,15,right_elbow,0.05829295516014099,-0.2865469753742218,-0.17644116282463074,
297,9.90991,16,right_wrist,0.18809041380882263,-0.35672247409820557,-0.16305896639823914,
298,9.943277,0,hip_center,-0.00033710154821164906,0.0009474433027207851,0.0003231500450056046,
298,9.943277,1,right_hip,-0.033586420118808746,0.004570288583636284,-0.06329092383384705,
298,9.943277,2,right_knee,-0.1308158040046692,0.23093952238559723,-0.006523605436086655,
298,9.943277,3,right_ankle,-0.2587377727031708,0.40398335456848145,0.10332344472408295,
298,9.943277,4,left_hip,0.03291260078549385,-0.0026737230364233255,0.0639365091919899,
298,9.943277,5,left_knee,0.03263498842716217,0.24207602441310883,0.09299860894680023,
298,9.943277,6,left_ankle,0.04597986862063408,0.478918194770813,0.09836462885141373,
298,9.943277,7,spine,-0.04633703827857971,-0.13898512721061707,-0.023519275709986687,
298,9.943277,8,thorax,-0.09230847656726837,-0.2789645791053772,-0.04720143973827362,
298,9.943277,9,neck,-0.1216827780008316,-0.3140205144882202,-0.06515133380889893,
298,9.943277,10,head,-0.1511247158050537,-0.34901973605155945,-0.08321582525968552,
298,9.943277,11,left_shoulder,-0.07909751683473587,-0.2970311641693115,0.0454072579741478,
298,9.943277,12,left_elbow,0.061922721564769745,-0.3295326232910156,0.10717272013425827,
298,9.943277,13,left_wrist,0.17666515707969666,-0.432289183139801,0.1165238469839096,
298,9.943277,14,right_shoulder,-0.10665756464004517,-0.2664097249507904,-0.1406901478767395,
298,9.943277,15,right_elbow,0.05486521124839783,-0.28995490074157715,-0.18071454763412476,
298,9.943277,16,right_wrist,0.18168754875659943,-0.36440467834472656,-0.16270364820957184,
299,9.976643,0,hip_center,-0.00014432919851969928,0.000872424803674221,0.0002032074553426355,
299,9.976643,1,right_hip,-0.03361182659864426,0.004505983088165522,-0.06329573690891266,
299,9.976643,2,right_knee,-0.12811075150966644,0.23227231204509735,-0.007514383643865585,
299,9.976643,3,right_ankle,-0.2583770453929901,0.405021071434021,0.10001765191555023,
299,9.976643,4,left_hip,0.03332916274666786,-0.0027601090259850025,0.06369844079017639,
299,9.976643,5,left_knee,0.03306485712528229,0.24148578941822052,0.0967286229133606,
299,9.976643,6,left_ankle,0.04522637277841568,0.4784353971481323,0.09956531971693039,
299,9.976643,7,spine,-0.04600142315030098,-0.13914889097213745,-0.0233920905739069,
299,9.976643,8,thorax,-0.09183114022016525,-0.2792128920555115,-0.04684794694185257,
299,9.976643,9,neck,-0.11913442611694336,-0.3160097301006317,-0.06458178907632828,
299,9.976643,10,head,-0.14655327796936035,-0.3526502251625061,-0.08257569372653961,
299,9.976643,11,left_shoulder,-0.07651215046644211,-0.2995997667312622,0.04495077580213547,
299,9.976643,12,left_elbow,0.06283827871084213,-0.3410787880420685,0.10510867834091187,
299,9.976643,13,left_wrist,0.17029494047164917,-0.45182716846466064,0.10491382330656052,
299,9.976643,14,right_shoulder,-0.1088838279247284,-0.2656087577342987,-0.13973385095596313,
299,9.976643,15,right_elbow,0.05040284991264343,-0.2927369773387909,-0.18596962094306946,
299,9.976643,16,right_wrist,0.17350433766841888,-0.37176454067230225,-0.16248063743114471,
300,10.01001,0,hip_center,4.513752355705947e-05,0.0008029737509787083,9.664368553785607e-05,
300,10.01001,1,right_hip,-0.03348850458860397,0.004469984211027622,-0.06336547434329987,
300,10.01001,2,right_knee,-0.12446197867393494,0.2339087277650833,-0.008585982024669647,
300,10.01001,3,right_ankle,-0.2573237419128418,0.40623942017555237,0.09641141444444656,
300,10.01001,4,left_hip,0.033587612211704254,-0.0028635996859520674,0.06355350464582443,
300,10.01001,5,left_knee,0.03373659402132034,0.2408490777015686,0.10031262040138245,
300,10.01001,6,left_ankle,0.04465954750776291,0.47787588834762573,0.10055544972419739,
300,10.01001,7,spine,-0.045685816556215286,-0.13929277658462524,-0.023300684988498688,
300,10.01001,8,thorax,-0.0913911908864975,-0.2794272005558014,-0.04657797887921333,
300,10.01001,9,neck,-0.11654923856258392,-0.3177734911441803,-0.06420186907052994,
300,10.01001,10,head,-0.1417795568704605,-0.3559443950653076,-0.08221613615751266,
300,10.01001,11,left_shoulder,-0.07459606975317001,-0.30176177620887756,0.044506561011075974,
300,10.01001,12,left_elbow,0.06245505064725876,-0.35066065192222595,0.10437236726284027,
300,10.01001,13,left_wrist,0.16219691932201385,-0.46790382266044617,0.09351995587348938,
300,10.01001,14,right_shoulder,-0.11040306091308594,-0.2649585008621216,-0.13895148038864136,
300,10.01001,15,right_elbow,0.046425774693489075,-0.29588088393211365,-0.19085964560508728,
300,10.01001,16,right_wrist,0.16518275439739227,-0.37949758768081665,-0.1616005301475525,
301,10.043377,0,hip_center,0.0002410292363492772,0.0007405441720038652,3.527977969497442e-05,
301,10.043377,1,right_hip,-0.03299279138445854,0.004486796446144581,-0.0635797381401062,
301,10.043377,2,right_knee,-0.11962002515792847,0.2358151078224182,-0.009709075093269348,
301,10.043377,3,right_ankle,-0.2554100751876831,0.4075278639793396,0.0925179198384285,
301,10.043377,4,left_hip,0.03348742797970772,-0.0030057989060878754,0.06364311277866364,
301,10.043377,5,left_knee,0.03464018926024437,0.2401645928621292,0.10381712019443512,
301,10.043377,6,left_ankle,0.04429478943347931,0.47723379731178284,0.10135455429553986,
301,10.043377,7,spine,-0.04530322551727295,-0.13943062722682953,-0.023274434730410576,
301,10.043377,8,thorax,-0.09082295745611191,-0.27963677048683167,-0.04648345708847046,
301,10.043377,9,neck,-0.11397377401590347,-0.3193591237068176,-0.06380800902843475,
301,10.043377,10,head,-0.1371232271194458,-0.35891300439834595,-0.08163194358348846,
301,10.043377,11,left_shoulder,-0.07394775748252869,-0.3034687638282776,0.044205933809280396,
301,10.043377,12,left_elbow,0.05976399779319763,-0.35838061571121216,0.1063660979270935,
301,10.043377,13,left_wrist,0.1495278924703598,-0.4819349944591522,0.08425424247980118,
301,10.043377,14,right_shoulder,-0.11034991592168808,-0.2647877633571625,-0.13868901133537292,
301,10.043377,15,right_elbow,0.04409001022577286,-0.3000413477420807,-0.19482660293579102,
301,10.043377,16,right_wrist,0.1580980122089386,-0.3879690170288086,-0.1598699539899826,
302,10.076743,0,hip_center,0.00044529890874400735,0.0006855480605736375,5.1501432608347386e-05,
302,10.076743,1,right_hip,-0.03186265751719475,0.004569032695144415,-0.06403053551912308,
302,10.076743,2,right_knee,-0.11327417194843292,0.23794957995414734,-0.010881751775741577,
302,10.076743,3,right_ankle,-0.25242364406585693,0.4087073802947998,0.08838441967964172,
302,10.076743,4,left_hip,0.032774802297353745,-0.0031983633525669575,0.0641220286488533,
302,10.076743,5,left_knee,0.035842664539813995,0.2394377738237381,0.10731254518032074,
302,10.076743,6,left_ankle,0.04416745901107788,0.47650980949401855,0.10196126997470856,
302,10.076743,7,spine,-0.04482703283429146,-0.1395629495382309,-0.023322736844420433,
302,10.076743,8,thorax,-0.0900745540857315,-0.27984338998794556,-0.04661502689123154,
302,10.076743,9,neck,-0.1113276258111,-0.32084882259368896,-0.063372902572155,
302,10.076743,10,head,-0.1324959248304367,-0.36170390248298645,-0.08071836084127426,
302,10.076743,11,left_shoulder,-0.07540514320135117,-0.3046298325061798,0.044202059507369995,
302,10.076743,12,left_elbow,0.051273785531520844,-0.36442700028419495,0.11585941165685654,
302,10.076743,13,left_wrist,0.12012035399675369,-0.4978638291358948,0.0802653431892395,
302,10.076743,14,right_shoulder,-0.10782017558813095,-0.2654125392436981,-0.13924601674079895,
302,10.076743,15,right_elbow,0.044418804347515106,-0.3057499825954437,-0.19791561365127563,
302,10.076743,16,right_wrist,0.1532665640115738,-0.39764559268951416,-0.15719181299209595,
303,10.11011,0,hip_center,0.0005371868028305471,0.0006550432299263775,0.00018659218039829284,
303,10.11011,1,right_hip,-0.029639646410942078,0.004729724023491144,-0.06491446495056152,
303,10.11011,2,right_knee,-0.10485551506280899,0.24030695855617523,-0.012330766767263412,
303,10.11011,3,right_ankle,-0.24813029170036316,0.40941375494003296,0.0838451087474823,
303,10.11011,4,left_hip,0.03075065277516842,-0.003419791581109166,0.06527005136013031,
303,10.11011,5,left_knee,0.03732231631875038,0.2387184500694275,0.11080043762922287,
303,10.11011,6,left_ankle,0.0442916601896286,0.475746750831604,0.10242796689271927,
303,10.11011,7,spine,-0.04469111189246178,-0.13956768810749054,-0.02342621237039566,
303,10.11011,8,thorax,-0.08989706635475159,-0.2798188626766205,-0.046973977237939835,
303,10.11011,9,neck,-0.10894227772951126,-0.3222653269767761,-0.06277094781398773,
303,10.11011,10,head,-0.1276921182870865,-0.3646600842475891,-0.07917908579111099,
303,10.11011,11,left_shoulder,-0.08241475373506546,-0.3043358623981476,0.04478785768151283,
303,10.11011,12,left_elbow,0.019922152161598206,-0.37426766753196716,0.14171425998210907,
303,10.11011,13,left_wrist,0.04403191804885864,-0.5119427442550659,0.07631948590278625,
303,10.11011,14,right_shoulder,-0.1008610874414444,-0.2672179341316223,-0.14091366529464722,
303,10.11011,15,right_elbow,0.04909484088420868,-0.31479936838150024,-0.20003356039524078,
303,10.11011,16,right_wrist,0.1521422266960144,-0.41061732172966003,-0.15365231037139893,
304,10.143477,0,hip_center,0.000575204030610621,0.0006135418661870062,0.00033840793184936047,
304,10.143477,1,right_hip,-0.026550665497779846,0.0049008592031896114,-0.06607844680547714,
304,10.143477,2,right_knee,-0.09516137093305588,0.24256280064582825,-0.013843562453985214,
304,10.143477,3,right_ankle,-0.24308526515960693,0.4096706509590149,0.07872027158737183,
304,10.143477,4,left_hip,0.02775416523218155,-0.003673574887216091,0.0667329803109169,
304,10.143477,5,left_knee,0.038537461310625076,0.2379312962293625,0.11425068974494934,
304,10.143477,6,left_ankle,0.04450454190373421,0.4748597741127014,0.10283298045396805,
304,10.143477,7,spine,-0.04470178112387657,-0.13952232897281647,-0.023693114519119263,
304,10.143477,8,thorax,-0.08995930105447769,-0.2796838879585266,-0.04767150431871414,
304,10.143477,9,neck,-0.10682133585214615,-0.323422372341156,-0.06238822638988495,
304,10.143477,10,head,-0.12312232702970505,-0.36722493171691895,-0.07767593860626221,
304,10.143477,11,left_shoulder,-0.09185991436243057,-0.30336177349090576,0.04459467530250549,
304,10.143477,12,left_elbow,-0.025344133377075195,-0.37960800528526306,0.16509440541267395,
304,10.143477,13,left_wrist,-0.027833828702569008,-0.5068643093109131,0.07784866541624069,
304,10.143477,14,right_shoulder,-0.09207221120595932,-0.26960089802742004,-0.1425268054008484,
304,10.143477,15,right_elbow,0.05535895377397537,-0.32503843307495117,-0.2011498659849167,
304,10.143477,16,right_wrist,0.1522250920534134,-0.42491614818573,-0.15023364126682281,
305,10.176844,0,hip_center,0.0006089139496907592,0.0005620274459943175,0.0004572759789880365,
305,10.176844,1,right_hip,-0.023301545530557632,0.005029032006859779,-0.06717205792665482,
305,10.176844,2,right_knee,-0.08604428172111511,0.24428842961788177,-0.01485193520784378,
305,10.176844,3,right_ankle,-0.2382005900144577,0.4098128378391266,0.07360535860061646,
305,10.176844,4,left_hip,0.02458617277443409,-0.0039046169258654118,0.068062424659729,
305,10.176844,5,left_knee,0.03923647478222847,0.23708491027355194,0.11762596666812897,
305,10.176844,6,left_ankle,0.04462455213069916,0.47386306524276733,0.10319843888282776,
305,10.176844,7,spine,-0.04463590309023857,-0.13951422274112701,-0.023978957906365395,
305,10.176844,8,thorax,-0.08986286073923111,-0.27961409091949463,-0.04837201163172722,
305,10.176844,9,neck,-0.10485051572322845,-0.3243703246116638,-0.06201811134815216,
305,10.176844,10,head,-0.11904391646385193,-0.3692748248577118,-0.07616844028234482,
305,10.176844,11,left_shoulder,-0.10069495439529419,-0.30235645174980164,0.043512437492609024,
305,10.176844,12,left_elbow,-0.06971636414527893,-0.3780287206172943,0.17794479429721832,
305,10.176844,13,left_wrist,-0.07710249722003937,-0.5008811950683594,0.08485942333936691,
305,10.176844,14,right_shoulder,-0.08360698074102402,-0.27225643396377563,-0.1432950645685196,
305,10.176844,15,right_elbow,0.060896940529346466,-0.3350517749786377,-0.20178692042827606,
305,10.176844,16,right_wrist,0.15156853199005127,-0.4388442039489746,-0.14740993082523346,
306,10.21021,0,hip_center,0.000638592173345387,0.00050988735165447,0.0005265434738248587,
306,10.21021,1,right_hip,-0.020112590864300728,0.005096352193504572,-0.06813017278909683,
306,10.21021,2,right_knee,-0.07815791666507721,0.24542297422885895,-0.015281662344932556,
306,10.21021,3,right_ankle,-0.23390354216098785,0.40996983647346497,0.06863616406917572,
306,10.21021,4,left_hip,0.021466489881277084,-0.004076231271028519,0.06915948539972305,
306,10.21021,5,left_knee,0.03948839008808136,0.23626640439033508,0.12071287631988525,
306,10.21021,6,left_ankle,0.044568754732608795,0.47286105155944824,0.10344323515892029,
306,10.21021,7,spine,-0.044580064713954926,-0.13951396942138672,-0.024255933240056038,
306,10.21021,8,thorax,-0.08978183567523956,-0.2795594036579132,-0.04900560528039932,
306,10.21021,9,neck,-0.10318553447723389,-0.32511594891548157,-0.061611443758010864,
306,10.21021,10,head,-0.11559012532234192,-0.37088340520858765,-0.0746331438422203,
306,10.21021,11,left_shoulder,-0.1088336706161499,-0.30119720101356506,0.04180263727903366,
306,10.21021,12,left_elbow,-0.10335509479045868,-0.3717072308063507,0.18235993385314941,
306,10.21021,13,left_wrist,-0.11163865774869919,-0.496656596660614,0.09218668937683105,
306,10.21021,14,right_shoulder,-0.0758916437625885,-0.2750847339630127,-0.14329610764980316,
306,10.21021,15,right_elbow,0.06539593636989594,-0.3444635272026062,-0.20220568776130676,
306,10.21021,16,right_wrist,0.14989197254180908,-0.45201027393341064,-0.14523917436599731,
307,10.243577,0,hip_center,0.0006765004945918918,0.00045566222979687154,0.0005554131930693984,
307,10.243577,1,right_hip,-0.017264435067772865,0.005103015340864658,-0.06888461112976074,
307,10.243577,2,right_knee,-0.0708756372332573,0.2463092803955078,-0.015363778918981552,
307,10.243577,3,right_ankle,-0.22996127605438232,0.41009366512298584,0.06363628804683685,
307,10.243577,4,left_hip,0.018700851127505302,-0.004191460553556681,0.06997328996658325,
307,10.243577,5,left_knee,0.03948424011468887,0.2354988008737564,0.12348733842372894,
307,10.243577,6,left_ankle,0.0444420650601387,0.47189605236053467,0.10366694629192352,
307,10.243577,7,spine,-0.044415976852178574,-0.13957269489765167,-0.02443072758615017,
307,10.243577,8,thorax,-0.0894918218255043,-0.2796212136745453,-0.04939166083931923,
307,10.243577,9,neck,-0.10159125924110413,-0.32579371333122253,-0.06103944778442383,
307,10.243577,10,head,-0.11252796649932861,-0.372219055891037,-0.07300503551959991,
307,10.243577,11,left_shoulder,-0.11523963510990143,-0.3001067340373993,0.04002140834927559,
307,10.243577,12,left_elbow,-0.12148671597242355,-0.3640783429145813,0.18364113569259644,
307,10.243577,13,left_wrist,-0.1302625834941864,-0.4932177662849426,0.09962821006774902,
307,10.243577,14,right_shoulder,-0.0694001168012619,-0.27806714177131653,-0.14265240728855133,
307,10.243577,15,right_elbow,0.06871160864830017,-0.3526450991630554,-0.20272910594940186,
307,10.243577,16,right_wrist,0.14708228409290314,-0.4638058543205261,-0.14397203922271729,
308,10.276944,0,hip_center,0.0007118556532077491,0.00039937032852321863,0.0005519603146240115,
308,10.276944,1,right_hip,-0.014749756082892418,0.0050466968677937984,-0.06948182731866837,
308,10.276944,2,right_knee,-0.06414545327425003,0.24698565900325775,-0.015216711908578873,
308,10.276944,3,right_ankle,-0.22626900672912598,0.4101903438568115,0.05863955244421959,
308,10.276944,4,left_hip,0.016259536147117615,-0.004247814416885376,0.07056616246700287,
308,10.276944,5,left_knee,0.03928752243518829,0.23481765389442444,0.12592443823814392,
308,10.276944,6,left_ankle,0.04429320618510246,0.4710195064544678,0.10390853881835938,
308,10.276944,7,spine,-0.04405746981501579,-0.13972607254981995,-0.024470973759889603,
308,10.276944,8,thorax,-0.08880893141031265,-0.2798713445663452,-0.04947241395711899,
308,10.276944,9,neck,-0.09989268332719803,-0.3264947831630707,-0.06030620262026787,
308,10.276944,10,head,-0.1097053587436676,-0.37339287996292114,-0.07136878371238708,
308,10.276944,11,left_shoulder,-0.11946740001440048,-0.29925408959388733,0.03862793743610382,
308,10.276944,12,left_elbow,-0.12183259427547455,-0.35743552446365356,0.18480367958545685,
308,10.276944,13,left_wrist,-0.12956863641738892,-0.49098265171051025,0.1078784316778183,
308,10.276944,14,right_shoulder,-0.06416600197553635,-0.2812357246875763,-0.1416381597518921,
308,10.276944,15,right_elbow,0.07097221165895462,-0.3598472476005554,-0.20331326127052307,
308,10.276944,16,right_wrist,0.14334772527217865,-0.47427302598953247,-0.1431501805782318,
309,10.31031,0,hip_center,0.0007234341464936733,0.0003411284415051341,0.0005057267844676971,
309,10.31031,1,right_hip,-0.012536684051156044,0.004945781081914902,-0.06998085975646973,
309,10.31031,2,right_knee,-0.05786474049091339,0.24753694236278534,-0.015080884099006653,
309,10.31031,3,right_ankle,-0.22276607155799866,0.4103129506111145,0.05337420105934143,
309,10.31031,4,left_hip,0.014065543189644814,-0.004263507667928934,0.07097630202770233,
309,10.31031,5,left_knee,0.038888119161129,0.2342332899570465,0.12798717617988586,
309,10.31031,6,left_ankle,0.044071219861507416,0.4702576994895935,0.10418185591697693,
309,10.31031,7,spine,-0.04343258962035179,-0.13999968767166138,-0.02439970336854458,
309,10.31031,8,thorax,-0.08756444603204727,-0.2803621292114258,-0.049284160137176514,
309,10.31031,9,neck,-0.09796236455440521,-0.327261745929718,-0.05959322303533554,
309,10.31031,10,head,-0.10705225169658661,-0.3744334876537323,-0.07009559869766235,
309,10.31031,11,left_shoulder,-0.12056480348110199,-0.2991214990615845,0.03810213506221771,
309,10.31031,12,left_elbow,-0.1001606360077858,-0.35503530502319336,0.1837569922208786,
309,10.31031,13,left_wrist,-0.09088015556335449,-0.49196696281433105,0.1132178008556366,
309,10.31031,14,right_shoulder,-0.06090676784515381,-0.284396231174469,-0.14080876111984253,
309,10.31031,15,right_elbow,0.07185098528862,-0.3660997152328491,-0.20362479984760284,
309,10.31031,16,right_wrist,0.1384689062833786,-0.4832630157470703,-0.14209529757499695,
310,10.343677,0,hip_center,0.0007866687374189496,0.0002785828255582601,0.00041111308382824063,
310,10.343677,1,right_hip,-0.010861638933420181,0.004782794509083033,-0.07036614418029785,
310,10.343677,2,right_knee,-0.05209594592452049,0.24800965189933777,-0.01505306363105774,
310,10.343677,3,right_ankle,-0.21954524517059326,0.41045281291007996,0.0477762371301651,
310,10.343677,4,left_hip,0.012518862262368202,-0.004225605167448521,0.07117398083209991,
310,10.343677,5,left_knee,0.038328807801008224,0.23380599915981293,0.12967117130756378,
310,10.343677,6,left_ankle,0.04364141821861267,0.46968206763267517,0.10446515679359436,
310,10.343677,7,spine,-0.0424753837287426,-0.1404072791337967,-0.024113688617944717,
310,10.343677,8,thorax,-0.08569712191820145,-0.2811197340488434,-0.04861586540937424,
310,10.343677,9,neck,-0.09570623934268951,-0.3281625807285309,-0.058653559535741806,
310,10.343677,10,head,-0.10443207621574402,-0.37545615434646606,-0.06891395896673203,
310,10.343677,11,left_shoulder,-0.11827978491783142,-0.30003395676612854,0.03889370709657669,
310,10.343677,12,left_elbow,-0.07985414564609528,-0.35171908140182495,0.18245604634284973,
310,10.343677,13,left_wrist,-0.05952540040016174,-0.4919375777244568,0.12131935358047485,
310,10.343677,14,right_shoulder,-0.059922270476818085,-0.28735271096229553,-0.1402699202299118,
310,10.343677,15,right_elbow,0.07074587792158127,-0.37128233909606934,-0.2045162171125412,
310,10.343677,16,right_wrist,0.1323155164718628,-0.4907139837741852,-0.1420956552028656,
311,10.377044,0,hip_center,0.0009139649337157607,0.00020608960767276585,0.00026095774956047535,
311,10.377044,1,right_hip,-0.009854055009782314,0.004568952135741711,-0.0706644058227539,
311,10.377044,2,right_knee,-0.046752121299505234,0.24846631288528442,-0.015241354703903198,
311,10.377044,3,right_ankle,-0.21658650040626526,0.41063782572746277,0.04160279035568237,
311,10.377044,4,left_hip,0.011772648431360722,-0.004157012328505516,0.07117193937301636,
311,10.377044,5,left_knee,0.03756912425160408,0.23358264565467834,0.13085046410560608,
311,10.377044,6,left_ankle,0.04283303767442703,0.4693584442138672,0.10471334308385849,
311,10.377044,7,spine,-0.04136311635375023,-0.14086972177028656,-0.023735830560326576,
311,10.377044,8,thorax,-0.08357731252908707,-0.2819788157939911,-0.04770779609680176,
311,10.377044,9,neck,-0.09327499568462372,-0.32909438014030457,-0.05771000683307648,
311,10.377044,10,head,-0.10171771049499512,-0.37642747163772583,-0.0680249035358429,
311,10.377044,11,left_shoulder,-0.11326039582490921,-0.3016062080860138,0.040671974420547485,
311,10.377044,12,left_elbow,-0.06191584840416908,-0.3436221182346344,0.1833479255437851,
311,10.377044,13,left_wrist,-0.027805939316749573,-0.48783931136131287,0.14033523201942444,
311,10.377044,14,right_shoulder,-0.06145860254764557,-0.2899085283279419,-0.14018234610557556,
311,10.377044,15,right_elbow,0.0670863687992096,-0.3756610155105591,-0.2062779664993286,
311,10.377044,16,right_wrist,0.1243753582239151,-0.4969131648540497,-0.14329424500465393,
312,10.41041,0,hip_center,0.0010050958953797817,0.0001482838997617364,0.00011878099030582234,
312,10.41041,1,right_hip,-0.008693546056747437,0.004350702743977308,-0.07097037136554718,
312,10.41041,2,right_knee,-0.04147827625274658,0.24885232746601105,-0.015623874962329865,
312,10.41041,3,right_ankle,-0.2134833037853241,0.4107131361961365,0.03526747226715088,
312,10.41041,4,left_hip,0.010795438662171364,-0.0040549482218921185,0.07119477540254593,
312,10.41041,5,left_knee,0.036640290170907974,0.2335272580385208,0.1314762979745865,
312,10.41041,6,left_ankle,0.04182090610265732,0.46923649311065674,0.10472933202981949,
312,10.41041,7,spine,-0.04032895341515541,-0.14129424095153809,-0.023356474936008453,
312,10.41041,8,thorax,-0.08157804608345032,-0.28277650475502014,-0.046803221106529236,
312,10.41041,9,neck,-0.09082334488630295,-0.3299620747566223,-0.056903403252363205,
312,10.41041,10,head,-0.09878779202699661,-0.3773314654827118,-0.06742990761995316,
312,10.41041,11,left_shoulder,-0.11029298603534698,-0.30212172865867615,0.041957788169384,
312,10.41041,12,left_elbow,-0.04643172770738602,-0.32521629333496094,0.18389582633972168,
312,10.41041,13,left_wrist,0.006906040012836456,-0.4696965217590332,0.17426662147045135,
312,10.41041,14,right_shoulder,-0.061096273362636566,-0.29317033290863037,-0.1394105851650238,
312,10.41041,15,right_elbow,0.06353340297937393,-0.38341161608695984,-0.20701152086257935,
312,10.41041,16,right_wrist,0.1167786717414856,-0.5058823823928833,-0.14284832775592804,
313,10.443777,0,hip_center,0.0010306485928595066,0.00010800060408655554,3.1290837796404958e-06,
313,10.443777,1,right_hip,-0.007264391984790564,0.004137120675295591,-0.07127344608306885,
313,10.443777,2,right_knee,-0.03621372953057289,0.24916517734527588,-0.01611650362610817,
313,10.443777,3,right_ankle,-0.21015693247318268,0.41066575050354004,0.029004361480474472,
313,10.443777,4,left_hip,0.009410768747329712,-0.003922801464796066,0.07126911729574203,
313,10.443777,5,left_knee,0.03561414033174515,0.2336045354604721,0.13161206245422363,
313,10.443777,6,left_ankle,0.04061782732605934,0.4692942202091217,0.10465981066226959,
313,10.443777,7,spine,-0.03955782577395439,-0.1416430026292801,-0.022905457764863968,
313,10.443777,8,thorax,-0.08004847168922424,-0.28343766927719116,-0.04578009992837906,
313,10.443777,9,neck,-0.08855932205915451,-0.3307504653930664,-0.05593056231737137,
313,10.443777,10,head,-0.09565127640962601,-0.3782249093055725,-0.06660673767328262,
313,10.443777,11,left_shoulder,-0.11045435816049576,-0.3014582395553589,0.04269613325595856,
313,10.443777,12,left_elbow,-0.037283942103385925,-0.3057521879673004,0.1819285899400711,
313,10.443777,13,left_wrist,0.045404136180877686,-0.42750492691993713,0.22830887138843536,
313,10.443777,14,right_shoulder,-0.0583515390753746,-0.29710084199905396,-0.1376834213733673,
313,10.443777,15,right_elbow,0.06170376390218735,-0.39254051446914673,-0.20641425251960754,
313,10.443777,16,right_wrist,0.10986188054084778,-0.5161759853363037,-0.14048908650875092,
314,10.477144,0,hip_center,0.0010266059543937445,7.721001020399854e-05,-0.00010916986502707005,
314,10.477144,1,right_hip,-0.005814993754029274,0.003917251713573933,-0.07155033200979233,
314,10.477144,2,right_knee,-0.031181611120700836,0.24943388998508453,-0.016803551465272903,
314,10.477144,3,right_ankle,-0.206821471452713,0.4105794429779053,0.0226595439016819,
314,10.477144,4,left_hip,0.007942945696413517,-0.003765343688428402,0.07132411003112793,
314,10.477144,5,left_knee,0.034370969980955124,0.23382195830345154,0.13133211433887482,
314,10.477144,6,left_ankle,0.0389694944024086,0.4695374369621277,0.10453394800424576,
314,10.477144,7,spine,-0.03896090388298035,-0.14195190370082855,-0.02234228327870369,
314,10.477144,8,thorax,-0.07884527742862701,-0.2840269207954407,-0.04453234001994133,
314,10.477144,9,neck,-0.08641393482685089,-0.33150556683540344,-0.054654527455568314,
314,10.477144,10,head,-0.09233643859624863,-0.37912800908088684,-0.06538422405719757,
314,10.477144,11,left_shoulder,-0.11197035014629364,-0.3002278804779053,0.043317314237356186,
314,10.477144,12,left_elbow,-0.03377702087163925,-0.28945183753967285,0.17943382263183594,
314,10.477144,13,left_wrist,0.06557847559452057,-0.3551598787307739,0.27753129601478577,
314,10.477144,14,right_shoulder,-0.05479780212044716,-0.30106979608535767,-0.13527879118919373,
314,10.477144,15,right_elbow,0.06085926666855812,-0.40091657638549805,-0.20527876913547516,
314,10.477144,16,right_wrist,0.10278566926717758,-0.5258539915084839,-0.13757434487342834,
315,10.510511,0,hip_center,0.0010166855063289404,5.695690560969524e-05,-0.00023628416238352656,
315,10.510511,1,right_hip,-0.004654642194509506,0.003693393198773265,-0.07179049402475357,
315,10.510511,2,right_knee,-0.026635829359292984,0.2496911734342575,-0.017744101583957672,
315,10.510511,3,right_ankle,-0.20379650592803955,0.41046035289764404,0.01604839786887169,
315,10.510511,4,left_hip,0.006751449778676033,-0.0035826251842081547,0.07131216675043106,
315,10.510511,5,left_knee,0.03284246474504471,0.23416002094745636,0.13085052371025085,
315,10.510511,6,left_ankle,0.03653275594115257,0.4699252247810364,0.104350745677948,
315,10.510511,7,spine,-0.03829249367117882,-0.14228925108909607,-0.021635377779603004,
315,10.510511,8,thorax,-0.07749077677726746,-0.28468504548072815,-0.04297548532485962,
315,10.510511,9,neck,-0.08419303596019745,-0.33229824900627136,-0.05307643115520477,
315,10.510511,10,head,-0.08906558156013489,-0.3800252676010132,-0.06386945396661758,
315,10.510511,11,left_shoulder,-0.11227650940418243,-0.2992870807647705,0.044511862099170685,
315,10.510511,12,left_elbow,-0.032612547278404236,-0.2781534492969513,0.17854562401771545,
315,10.510511,13,left_wrist,0.06263257563114166,-0.30051299929618835,0.29787957668304443,
315,10.510511,14,right_shoulder,-0.05195143073797226,-0.304081529378891,-0.1328374743461609,
315,10.510511,15,right_elbow,0.06020323932170868,-0.4065403938293457,-0.2047363519668579,
315,10.510511,16,right_wrist,0.09512084722518921,-0.5331498384475708,-0.13616612553596497,
316,10.543877,0,hip_center,0.0010139737278223038,4.6592060243710876e-05,-0.0003616109024733305,
316,10.543877,1,right_hip,-0.0036857761442661285,0.003459641709923744,-0.07199718803167343,
316,10.543877,2,right_knee,-0.02261166460812092,0.24993616342544556,-0.018985483795404434,
316,10.543877,3,right_ankle,-0.2010892629623413,0.4103550612926483,0.009052041918039322,
316,10.543877,4,left_hip,0.005767537280917168,-0.0033699977211654186,0.07126970589160919,
316,10.543877,5,left_knee,0.031042875722050667,0.23458769917488098,0.1302986443042755,
316,10.543877,6,left_ankle,0.03282090649008751,0.4704083800315857,0.10409685969352722,
316,10.543877,7,spine,-0.03767402470111847,-0.14261026680469513,-0.02080264687538147,
316,10.543877,8,thorax,-0.07624656707048416,-0.28532034158706665,-0.04116085171699524,
316,10.543877,9,neck,-0.08214989304542542,-0.33304914832115173,-0.05121466517448425,
316,10.543877,10,head,-0.08609632402658463,-0.38085708022117615,-0.06202792003750801,
316,10.543877,11,left_shoulder,-0.1117643266916275,-0.2984795570373535,0.046261265873909,
316,10.543877,12,left_elbow,-0.03348568081855774,-0.2720959186553955,0.18018057942390442,
316,10.543877,13,left_wrist,0.05461166054010391,-0.2769019901752472,0.3067820370197296,
316,10.543877,14,right_shoulder,-0.04985324293375015,-0.3058317005634308,-0.13052713871002197,
316,10.543877,15,right_elbow,0.059799499809741974,-0.4085792303085327,-0.2057943344116211,
316,10.543877,16,right_wrist,0.08710063993930817,-0.5373350977897644,-0.13776755332946777,
317,10.577244,0,hip_center,0.0010422401828691363,4.065655230078846e-05,-0.00048178539145737886,
317,10.577244,1,right_hip,-0.0028870031237602234,0.0032170473132282495,-0.07217462360858917,
317,10.577244,2,right_knee,-0.019226517528295517,0.25017109513282776,-0.020542941987514496,
317,10.577244,3,right_ankle,-0.1987873613834381,0.4103075861930847,0.0015654023736715317,
317,10.577244,4,left_hip,0.0050200545229017735,-0.0031394471880048513,0.0712076798081398,
317,10.577244,5,left_knee,0.028982331976294518,0.23505961894989014,0.1298091560602188,
317,10.577244,6,left_ankle,0.027022242546081543,0.47091251611709595,0.10391244292259216,
317,10.577244,7,spine,-0.03714757040143013,-0.14288373291492462,-0.019968576729297638,
317,10.577244,8,thorax,-0.07522284984588623,-0.28586363792419434,-0.03934609144926071,
317,10.577244,9,neck,-0.08035921305418015,-0.33368515968322754,-0.0493803396821022,
317,10.577244,10,head,-0.08345646411180496,-0.3815486431121826,-0.060224369168281555,
317,10.577244,11,left_shoulder,-0.1102442592382431,-0.29809412360191345,0.04841049760580063,
317,10.577244,12,left_elbow,-0.03484635800123215,-0.2732246220111847,0.18425852060317993,
317,10.577244,13,left_wrist,0.04765202850103378,-0.2794216275215149,0.3145189881324768,
317,10.577244,14,right_shoulder,-0.04897712916135788,-0.3060671389102936,-0.12882593274116516,
317,10.577244,15,right_elbow,0.05842297524213791,-0.40737685561180115,-0.2091222107410431,
317,10.577244,16,right_wrist,0.0791008323431015,-0.5383464097976685,-0.14301271736621857,
318,10.610611,0,hip_center,0.0010964750545099378,3.5784691135631874e-05,-0.000624554231762886,
318,10.610611,1,right_hip,-0.0024888073094189167,0.002987845800817013,-0.07234500348567963,
318,10.610611,2,right_knee,-0.01649635285139084,0.25043463706970215,-0.022415217012166977,
318,10.610611,3,right_ankle,-0.19692769646644592,0.41031524538993835,-0.006375035271048546,
318,10.610611,4,left_hip,0.004727174993604422,-0.002919981023296714,0.07109292596578598,
318,10.610611,5,left_knee,0.026485858485102654,0.2355392426252365,0.12949563562870026,
318,10.610611,6,left_ankle,0.019716206938028336,0.4713209867477417,0.10376177728176117,
318,10.610611,7,spine,-0.03654106706380844,-0.14315757155418396,-0.019189506769180298,
318,10.610611,8,thorax,-0.07406081259250641,-0.2864094376564026,-0.037618935108184814,
318,10.610611,9,neck,-0.07853018492460251,-0.3342403471469879,-0.047923993319272995,
318,10.610611,10,head,-0.08096195757389069,-0.38205960392951965,-0.0591268464922905,
318,10.610611,11,left_shoulder,-0.10547128319740295,-0.2990046441555023,0.05144309997558594,
318,10.610611,12,left_elbow,-0.0322730615735054,-0.2813322842121124,0.18960146605968475,
318,10.610611,13,left_wrist,0.046617887914180756,-0.31075283885002136,0.31891822814941406,
318,10.610611,14,right_shoulder,-0.050818778574466705,-0.3043833076953888,-0.12839561700820923,
318,10.610611,15,right_elbow,0.053728342056274414,-0.4042411148548126,-0.21409422159194946,
318,10.610611,16,right_wrist,0.07043629884719849,-0.5373231172561646,-0.15115702152252197,
319,10.643977,0,hip_center,0.0011476760264486074,4.908716437057592e-05,-0.0007410330581478775,
319,10.643977,1,right_hip,-0.0019193310290575027,0.0028359589632600546,-0.07249212265014648,
319,10.643977,2,right_knee,-0.014217679388821125,0.2507387101650238,-0.02440805360674858,
319,10.643977,3,right_ankle,-0.1952023059129715,0.41047346591949463,-0.014212598092854023,
319,10.643977,4,left_hip,0.004257344175130129,-0.0027410276234149933,0.07100755721330643,
319,10.643977,5,left_knee,0.023293394595384598,0.2359258532524109,0.1295129358768463,
319,10.643977,6,left_ankle,0.010106833651661873,0.4714382290840149,0.10380063205957413,
319,10.643977,7,spine,-0.035847797989845276,-0.14343395829200745,-0.01833452843129635,
319,10.643977,8,thorax,-0.0727163553237915,-0.28697991371154785,-0.03576250374317169,
319,10.643977,9,neck,-0.07671871781349182,-0.3347668945789337,-0.04645597189664841,
319,10.643977,10,head,-0.07876121997833252,-0.38248780369758606,-0.0581454262137413,
319,10.643977,11,left_shoulder,-0.10076117515563965,-0.2997124493122101,0.054396651685237885,
319,10.643977,12,left_elbow,-0.031075075268745422,-0.289508193731308,0.19510111212730408,
319,10.643977,13,left_wrist,0.044552989304065704,-0.34491392970085144,0.3176685571670532,
319,10.643977,14,right_shoulder,-0.052034832537174225,-0.3027394115924835,-0.12756431102752686,
319,10.643977,15,right_elbow,0.0477389395236969,-0.40236300230026245,-0.21903163194656372,
319,10.643977,16,right_wrist,0.06175127625465393,-0.5367708802223206,-0.1582925170660019,
320,10.677344,0,hip_center,0.001177065190859139,9.333374327979982e-05,-0.0007191980839706957,
320,10.677344,1,right_hip,-9.380828123539686e-05,0.002803253708407283,-0.07252750545740128,
320,10.677344,2,right_knee,-0.012259368784725666,0.2510194480419159,-0.026053577661514282,
320,10.677344,3,right_ankle,-0.19337673485279083,0.41086381673812866,-0.021488260477781296,
320,10.677344,4,left_hip,0.0024899940472096205,-0.0026188394986093044,0.07108773291110992,
320,10.677344,5,left_knee,0.01873362436890602,0.23613986372947693,0.13005845248699188,
320,10.677344,6,left_ankle,-0.0015629921108484268,0.4711415469646454,0.10430309176445007,
320,10.677344,7,spine,-0.035197775810956955,-0.14366526901721954,-0.017329804599285126,
320,10.677344,8,thorax,-0.07143844664096832,-0.28749018907546997,-0.03374527394771576,
320,10.677344,9,neck,-0.0753193348646164,-0.33524948358535767,-0.04460589960217476,
320,10.677344,10,head,-0.07736770808696747,-0.38291293382644653,-0.05652637407183647,
320,10.677344,11,left_shoulder,-0.10112188011407852,-0.29852190613746643,0.05611293017864227,
320,10.677344,12,left_elbow,-0.03779595345258713,-0.293017715215683,0.20004886388778687,
320,10.677344,13,left_wrist,0.034639135003089905,-0.3592488765716553,0.3191234767436981,
320,10.677344,14,right_shoulder,-0.048579633235931396,-0.30321916937828064,-0.12503454089164734,
320,10.677344,15,right_elbow,0.04336158186197281,-0.40449804067611694,-0.22268357872962952,
320,10.677344,16,right_wrist,0.054662689566612244,-0.5388556718826294,-0.16127198934555054,
321,10.710711,0,hip_center,0.0011555582750588655,0.00014532842033077031,-0.0006525255739688873,
321,10.710711,1,right_hip,0.002735442016273737,0.002899691229686141,-0.07245300710201263,
321,10.710711,2,right_knee,-0.01036568358540535,0.25127020478248596,-0.027070675045251846,
321,10.710711,3,right_ankle,-0.1912381798028946,0.41145163774490356,-0.028344793245196342,
321,10.710711,4,left_hip,-0.0003876576665788889,-0.002610438968986273,0.07114815711975098,
321,10.710711,5,left_knee,0.014253143221139908,0.2361440509557724,0.13055408000946045,
321,10.710711,6,left_ankle,-0.010931575670838356,0.4706701934337616,0.10477995127439499,
321,10.710711,7,spine,-0.0343128927052021,-0.14395268261432648,-0.016251560300588608,
321,10.710711,8,thorax,-0.06962304562330246,-0.2881236970424652,-0.031626153737306595,
321,10.710711,9,neck,-0.07399843633174896,-0.3357594907283783,-0.042835697531700134,
321,10.710711,10,head,-0.0768132284283638,-0.3832704722881317,-0.055200278759002686,
321,10.710711,11,left_shoulder,-0.10328586399555206,-0.2964392304420471,0.057114873081445694,
321,10.710711,12,left_elbow,-0.04774204641580582,-0.29091107845306396,0.2042282521724701,
321,10.710711,13,left_wrist,0.02379797399044037,-0.36121946573257446,0.32149261236190796,
321,10.710711,14,right_shoulder,-0.04204839468002319,-0.30487608909606934,-0.12141843140125275,
321,10.710711,15,right_elbow,0.04090745747089386,-0.41066285967826843,-0.2222817838191986,
321,10.710711,16,right_wrist,0.048487454652786255,-0.5443470478057861,-0.15886133909225464,
322,10.744077,0,hip_center,0.001073592808097601,0.00019155092013534158,-0.0005933759384788573,
322,10.744077,1,right_hip,0.0053301407024264336,0.0030359486117959023,-0.07228147238492966,
322,10.744077,2,right_knee,-0.008562532253563404,0.25152522325515747,-0.027793582528829575,
322,10.744077,3,right_ankle,-0.18889166414737701,0.4122024178504944,-0.03402483090758324,
322,10.744077,4,left_hip,-0.0031633656471967697,-0.002653812523931265,0.0710953027009964,
322,10.744077,5,left_knee,0.010913750156760216,0.2360498607158661,0.1308407485485077,
322,10.744077,6,left_ankle,-0.014855708926916122,0.47052067518234253,0.10514138638973236,
322,10.744077,7,spine,-0.03318117931485176,-0.14430561661720276,-0.015179524198174477,
322,10.744077,8,thorax,-0.06723108887672424,-0.28888630867004395,-0.029514465481042862,
322,10.744077,9,neck,-0.07252564281225204,-0.3363020122051239,-0.04124841466546059,
322,10.744077,10,head,-0.07660417258739471,-0.38355234265327454,-0.05424349755048752,
322,10.744077,11,left_shoulder,-0.10439668595790863,-0.29449671506881714,0.05803291127085686,
322,10.744077,12,left_elbow,-0.058021675795316696,-0.28883591294288635,0.20828382670879364,
322,10.744077,13,left_wrist,0.013659525662660599,-0.36506643891334534,0.32169848680496216,
322,10.744077,14,right_shoulder,-0.03529071807861328,-0.3064485788345337,-0.11769063770771027,
322,10.744077,15,right_elbow,0.038922592997550964,-0.4163247346878052,-0.22096480429172516,
322,10.744077,16,right_wrist,0.04294164851307869,-0.5496516227722168,-0.15647566318511963,
323,10.777444,0,hip_center,0.0009695491171441972,0.00023936034995131195,-0.0005426378920674324,
323,10.777444,1,right_hip,0.007151230704039335,0.003181359963491559,-0.07208650559186935,
323,10.777444,2,right_knee,-0.006816517096012831,0.25184565782546997,-0.02861139550805092,
323,10.777444,3,right_ankle,-0.18644778430461884,0.413114458322525,-0.038589395582675934,
323,10.777444,4,left_hip,-0.005212621297687292,-0.00270340358838439,0.0710006058216095,
323,10.777444,5,left_knee,0.009028838947415352,0.23595960438251495,0.13086937367916107,
323,10.777444,6,left_ankle,-0.015287419781088829,0.4706401228904724,0.10567314922809601,
323,10.777444,7,spine,-0.031734876334667206,-0.1447170525789261,-0.014093964360654354,
323,10.777444,8,thorax,-0.0641578882932663,-0.28977227210998535,-0.02736808732151985,
323,10.777444,9,neck,-0.07069025933742523,-0.3368797302246094,-0.03970428183674812,
323,10.777444,10,head,-0.07638267427682877,-0.3837658762931824,-0.05339311808347702,
323,10.777444,11,left_shoulder,-0.1035894900560379,-0.2929764688014984,0.05930477753281593,
323,10.777444,12,left_elbow,-0.06862162053585052,-0.28854355216026306,0.21265283226966858,
323,10.777444,13,left_wrist,0.0010203495621681213,-0.37695571780204773,0.3182249069213867,
323,10.777444,14,right_shoulder,-0.02913028746843338,-0.3075861632823944,-0.11431284248828888,
323,10.777444,15,right_elbow,0.03700949251651764,-0.4200702905654907,-0.22023159265518188,
323,10.777444,16,right_wrist,0.03776213154196739,-0.5534453392028809,-0.15572115778923035,
324,10.810811,0,hip_center,0.0008978930418379605,0.00028514384757727385,-0.0005180443986319005,
324,10.810811,1,right_hip,0.00805977638810873,0.0032928460277616978,-0.0719677060842514,
324,10.810811,2,right_knee,-0.0051652817055583,0.25219792127609253,-0.02965378761291504,
324,10.810811,3,right_ankle,-0.18391725420951843,0.4142659306526184,-0.04215395078063011,
324,10.810811,4,left_hip,-0.006275191903114319,-0.002723250538110733,0.07092992216348648,
324,10.810811,5,left_knee,0.00870278850197792,0.23592184484004974,0.130690336227417,
324,10.810811,6,left_ankle,-0.01526852510869503,0.47075891494750977,0.1066485196352005,
324,10.810811,7,spine,-0.02992096170783043,-0.14518271386623383,-0.012962797656655312,
324,10.810811,8,thorax,-0.060349032282829285,-0.2907685935497284,-0.02510169893503189,
324,10.810811,9,neck,-0.06842251121997833,-0.33749186992645264,-0.03797494247555733,
324,10.810811,10,head,-0.07602497935295105,-0.38392287492752075,-0.05227399617433548,
324,10.810811,11,left_shoulder,-0.10055117309093475,-0.2922160029411316,0.06126377731561661,
324,10.810811,12,left_elbow,-0.0794055238366127,-0.293039470911026,0.21718111634254456,
324,10.810811,13,left_wrist,-0.023548290133476257,-0.40979382395744324,0.3012082874774933,
324,10.810811,14,right_shoulder,-0.023940131068229675,-0.30841290950775146,-0.11151193827390671,
324,10.810811,15,right_elbow,0.03443200886249542,-0.42189496755599976,-0.22087575495243073,
324,10.810811,16,right_wrist,0.031785979866981506,-0.5554876327514648,-0.1568673998117447,
325,10.844178,0,hip_center,0.0008301176130771637,0.0003120836627203971,-0.0005439351662062109,
325,10.844178,1,right_hip,0.007767240051180124,0.003333673346787691,-0.0720151737332344,
325,10.844178,2,right_knee,-0.0037396415136754513,0.2525315582752228,-0.03094075247645378,
325,10.844178,3,right_ankle,-0.18146656453609467,0.41563844680786133,-0.04450027644634247,
325,10.844178,4,left_hip,-0.006122282240539789,-0.0027100874576717615,0.0709252581000328,
325,10.844178,5,left_knee,0.00962941162288189,0.2360607236623764,0.1299804002046585,
325,10.844178,6,left_ankle,-0.010262515395879745,0.4714306592941284,0.1074773445725441,
325,10.844178,7,spine,-0.028133608400821686,-0.14562229812145233,-0.011938332580029964,
325,10.844178,8,thorax,-0.05660481005907059,-0.29168856143951416,-0.023006491363048553,
325,10.844178,9,neck,-0.06611649692058563,-0.33806943893432617,-0.0361330509185791,
325,10.844178,10,head,-0.075456403195858,-0.38409116864204407,-0.05072294920682907,
325,10.844178,11,left_shoulder,-0.09471960365772247,-0.2924703359603882,0.064308762550354,
325,10.844178,12,left_elbow,-0.08123743534088135,-0.3057517409324646,0.22051331400871277,
325,10.844178,13,left_wrist,-0.04658784344792366,-0.4505547881126404,0.2610553503036499,
325,10.844178,14,right_shoulder,-0.021964434534311295,-0.3086407780647278,-0.11027805507183075,
325,10.844178,15,right_elbow,0.028333008289337158,-0.4211391806602478,-0.22455932199954987,
325,10.844178,16,right_wrist,0.024258848279714584,-0.5551283359527588,-0.16146118938922882,
326,10.877544,0,hip_center,0.0007875001756474376,0.0003020298609044403,-0.000593902135733515,
326,10.877544,1,right_hip,0.006631826050579548,0.0032819670159369707,-0.07216453552246094,
326,10.877544,2,right_knee,-0.0026679858565330505,0.25280267000198364,-0.03251565992832184,
326,10.877544,3,right_ankle,-0.179178386926651,0.41723254323005676,-0.0459868498146534,
326,10.877544,4,left_hip,-0.00506920600309968,-0.0026783619541674852,0.0709751695394516,
326,10.877544,5,left_knee,0.011323641985654831,0.23635652661323547,0.12877412140369415,
326,10.877544,6,left_ankle,-0.002373266965150833,0.4723617434501648,0.10840226709842682,
326,10.877544,7,spine,-0.027116868644952774,-0.14590758085250854,-0.011066529899835587,
326,10.877544,8,thorax,-0.054521188139915466,-0.29224514961242676,-0.02120501920580864,
326,10.877544,9,neck,-0.06452898681163788,-0.3384927213191986,-0.03443273901939392,
326,10.877544,10,head,-0.07450065016746521,-0.38435500860214233,-0.04910636320710182,
326,10.877544,11,left_shoulder,-0.08748238533735275,-0.29312729835510254,0.06818225979804993,
326,10.877544,12,left_elbow,-0.07897688448429108,-0.32036784291267395,0.22291956841945648,
326,10.877544,13,left_wrist,-0.05745464563369751,-0.47297120094299316,0.21509788930416107,
326,10.877544,14,right_shoulder,-0.02460145577788353,-0.3078758120536804,-0.11044710874557495,
326,10.877544,15,right_elbow,0.01696840301156044,-0.4183352589607239,-0.23009905219078064,
326,10.877544,16,right_wrist,0.01463310606777668,-0.5530731081962585,-0.16852527856826782,
327,10.910911,0,hip_center,0.0007508781854994595,0.0002921553677879274,-0.0006146116065792739,
327,10.910911,1,right_hip,0.0055061280727386475,0.003196652512997389,-0.07226894050836563,
327,10.910911,2,right_knee,-0.0017728088423609734,0.2529897093772888,-0.0339343324303627,
327,10.910911,3,right_ankle,-0.1767548769712448,0.4190908372402191,-0.0468287318944931,
327,10.910911,4,left_hip,-0.0040128957480192184,-0.0026126764714717865,0.07103860378265381,
327,10.910911,5,left_knee,0.0134362131357193,0.2367570847272873,0.12711688876152039,
327,10.910911,6,left_ankle,0.005311828106641769,0.47323375940322876,0.10940087586641312,
327,10.910911,7,spine,-0.02601584605872631,-0.1461862474679947,-0.010268538258969784,
327,10.910911,8,thorax,-0.052275218069553375,-0.29278767108917236,-0.01959266886115074,
327,10.910911,9,neck,-0.062472522258758545,-0.3390304148197174,-0.03269185125827789,
327,10.910911,10,head,-0.07273847609758377,-0.38486960530281067,-0.04723417013883591,
327,10.910911,11,left_shoulder,-0.08155827969312668,-0.29376786947250366,0.07106517255306244,
327,10.910911,12,left_elbow,-0.07833606749773026,-0.33250027894973755,0.22353629767894745,
327,10.910911,13,left_wrist,-0.06409241259098053,-0.48220595717430115,0.18893137574195862,
327,10.910911,14,right_shoulder,-0.025678887963294983,-0.307826429605484,-0.10998144745826721,
327,10.910911,15,right_elbow,0.008634444326162338,-0.4159184396266937,-0.2340162992477417,
327,10.910911,16,right_wrist,0.005855031311511993,-0.5517665147781372,-0.17495162785053253,
328,10.944278,0,hip_center,0.0007192224147729576,0.0002919946564361453,-0.0005969975027255714,
328,10.944278,1,right_hip,0.0045414636842906475,0.0031009046360850334,-0.07231096178293228,
328,10.944278,2,right_knee,-0.0010555009357631207,0.2531033158302307,-0.03507433459162712,
328,10.944278,3,right_ankle,-0.17417246103286743,0.4212092161178589,-0.04713599383831024,
328,10.944278,4,left_hip,-0.003107956610620022,-0.002517114393413067,0.07111614942550659,
328,10.944278,5,left_knee,0.015590590424835682,0.237267404794693,0.12497586756944656,
328,10.944278,6,left_ankle,0.011491192504763603,0.47406309843063354,0.11041323095560074,
328,10.944278,7,spine,-0.024862034246325493,-0.1464436948299408,-0.009530906565487385,
328,10.944278,8,thorax,-0.0499308817088604,-0.2932965159416199,-0.01814917102456093,
328,10.944278,9,neck,-0.05988016352057457,-0.33970367908477783,-0.030851613730192184,
328,10.944278,10,head,-0.06995958089828491,-0.3857051134109497,-0.04500694200396538,
328,10.944278,11,left_shoulder,-0.07839168608188629,-0.29414671659469604,0.07277147471904755,
328,10.944278,12,left_elbow,-0.08326973021030426,-0.3389105796813965,0.2235376089811325,
328,10.944278,13,left_wrist,-0.0706932470202446,-0.4858167767524719,0.17801199853420258,
328,10.944278,14,right_shoulder,-0.024145856499671936,-0.3087025582790375,-0.10871100425720215,
328,10.944278,15,right_elbow,0.0058426931500434875,-0.414264053106308,-0.2360035479068756,
328,10.944278,16,right_wrist,-0.002164098434150219,-0.5516074895858765,-0.1810150444507599,
329,10.977644,0,hip_center,0.0007149417069740593,0.0002826706040650606,-0.0005649562226608396,
329,10.977644,1,right_hip,0.0034973141737282276,0.0029738873708993196,-0.07233129441738129,
329,10.977644,2,right_knee,-0.0006197509355843067,0.2531568706035614,-0.03612881526350975,
329,10.977644,3,right_ankle,-0.1715540587902069,0.4235512614250183,-0.04716513678431511,
329,10.977644,4,left_hip,-0.002069828100502491,-0.002408676315099001,0.07120075076818466,
329,10.977644,5,left_knee,0.01766888052225113,0.23786699771881104,0.12243656814098358,
329,10.977644,6,left_ankle,0.015254760161042213,0.47488418221473694,0.11156889796257019,
329,10.977644,7,spine,-0.02411505952477455,-0.14661407470703125,-0.008955000899732113,
329,10.977644,8,thorax,-0.048472415655851364,-0.29361599683761597,-0.017055626958608627,
329,10.977644,9,neck,-0.05718046426773071,-0.34043756127357483,-0.029133614152669907,
329,10.977644,10,head,-0.06590678542852402,-0.3869040608406067,-0.04265449568629265,
329,10.977644,11,left_shoulder,-0.07650844007730484,-0.2944653034210205,0.073996901512146,
329,10.977644,12,left_elbow,-0.09323469549417496,-0.3386903405189514,0.22407154738903046,
329,10.977644,13,left_wrist,-0.07759275287389755,-0.48424115777015686,0.17526103556156158,
329,10.977644,14,right_shoulder,-0.0232470091432333,-0.30971917510032654,-0.10765378177165985,
329,10.977644,15,right_elbow,0.00304274819791317,-0.4123437702655792,-0.23812590539455414,
329,10.977644,16,right_wrist,-0.01084077637642622,-0.551542341709137,-0.18931937217712402,
330,11.011011,0,hip_center,0.0007342350436374545,0.0002610505325719714,-0.0005519737023860216,
330,11.011011,1,right_hip,0.0021108807995915413,0.002828901633620262,-0.07236355543136597,
330,11.011011,2,right_knee,-0.0005083635915070772,0.25319012999534607,-0.0372706837952137,
330,11.011011,3,right_ankle,-0.16905133426189423,0.426023930311203,-0.04708482697606087,
330,11.011011,4,left_hip,-0.0006464063189923763,-0.0023070028983056545,0.07125898450613022,
330,11.011011,5,left_knee,0.01968066394329071,0.23852276802062988,0.11958044767379761,
330,11.011011,6,left_ankle,0.017094815149903297,0.4756932258605957,0.11290456354618073,
330,11.011011,7,spine,-0.023854652419686317,-0.1466960608959198,-0.008587581105530262,
330,11.011011,8,thorax,-0.04804746061563492,-0.2937423884868622,-0.01636921986937523,
330,11.011011,9,neck,-0.05471660941839218,-0.34109577536582947,-0.027645133435726166,
330,11.011011,10,head,-0.061058033257722855,-0.3881750702857971,-0.0403505302965641,
330,11.011011,11,left_shoulder,-0.07444857805967331,-0.29510653018951416,0.07516451179981232,
330,11.011011,12,left_elbow,-0.09853417426347733,-0.3384549021720886,0.22449243068695068,
330,11.011011,13,left_wrist,-0.0791587233543396,-0.48280516266822815,0.17350450158119202,
330,11.011011,14,right_shoulder,-0.024655507877469063,-0.31064772605895996,-0.10731253027915955,
330,11.011011,15,right_elbow,-0.003275420516729355,-0.41026219725608826,-0.240975484251976,
330,11.011011,16,right_wrist,-0.02156398445367813,-0.5515790581703186,-0.20040281116962433,
331,11.044378,0,hip_center,0.0007706095348112285,0.00023164569574873894,-0.0005672018160112202,
331,11.044378,1,right_hip,0.00028462117188610137,0.0026898628566414118,-0.07239416241645813,
331,11.044378,2,right_knee,-0.0007273230003193021,0.2532424032688141,-0.03860798850655556,
331,11.044378,3,right_ankle,-0.16698595881462097,0.42835521697998047,-0.04686257988214493,
331,11.044378,4,left_hip,0.0012532776454463601,-0.002226952463388443,0.07125923782587051,
331,11.044378,5,left_knee,0.021576449275016785,0.23919308185577393,0.1165412962436676,
331,11.044378,6,left_ankle,0.018956393003463745,0.4764419198036194,0.11385715752840042,
331,11.044378,7,spine,-0.024163784459233284,-0.14667756855487823,-0.00841156393289566,
331,11.044378,8,thorax,-0.04879686236381531,-0.2936587631702423,-0.016041014343500137,
331,11.044378,9,neck,-0.05286283791065216,-0.3415087163448334,-0.02642442099750042,
331,11.044378,10,head,-0.055952977389097214,-0.38915321230888367,-0.038195230066776276,
331,11.044378,11,left_shoulder,-0.0708659365773201,-0.29632240533828735,0.07660433650016785,
331,11.044378,12,left_elbow,-0.09238243848085403,-0.3429066240787506,0.22534900903701782,
331,11.044378,13,left_wrist,-0.07363119721412659,-0.4845888614654541,0.16715359687805176,
331,11.044378,14,right_shoulder,-0.029716655611991882,-0.31115567684173584,-0.10787490010261536,
331,11.044378,15,right_elbow,-0.018132854253053665,-0.4072432518005371,-0.24527549743652344,
331,11.044378,16,right_wrist,-0.03680850565433502,-0.5514798760414124,-0.21702517569065094,
332,11.077744,0,hip_center,0.0008251285180449486,0.00019809126388281584,-0.0005916437949053943,
332,11.077744,1,right_hip,-0.0017962027341127396,0.0025761788710951805,-0.0723751112818718,
332,11.077744,2,right_knee,-0.0012410746421664953,0.25331661105155945,-0.040001723915338516,
332,11.077744,3,right_ankle,-0.16538788378238678,0.43048781156539917,-0.046385910362005234,
332,11.077744,4,left_hip,0.0034475219435989857,-0.00218056607991457,0.0711912140250206,
332,11.077744,5,left_knee,0.02332196943461895,0.23982544243335724,0.11344318836927414,
332,11.077744,6,left_ankle,0.021080955862998962,0.4770914316177368,0.1143932044506073,
332,11.077744,7,spine,-0.024861302226781845,-0.14659012854099274,-0.008273216895759106,
332,11.077744,8,thorax,-0.050326090306043625,-0.2934361696243286,-0.015773657709360123,
332,11.077744,9,neck,-0.05163834989070892,-0.3416229784488678,-0.02527494728565216,
332,11.077744,10,head,-0.05111820623278618,-0.3895949125289917,-0.03606944531202316,
332,11.077744,11,left_shoulder,-0.06695511937141418,-0.2976779043674469,0.0779428631067276,
332,11.077744,12,left_elbow,-0.08547329902648926,-0.34654125571250916,0.22635942697525024,
332,11.077744,13,left_wrist,-0.06776877492666245,-0.48457157611846924,0.15967844426631927,
332,11.077744,14,right_shoulder,-0.037036970257759094,-0.3112928867340088,-0.10855402052402496,
332,11.077744,15,right_elbow,-0.036818455904722214,-0.4026082754135132,-0.24964754283428192,
332,11.077744,16,right_wrist,-0.05530959367752075,-0.5491219162940979,-0.23769380152225494,
333,11.111111,0,hip_center,0.0008916769293136895,0.00016194152703974396,-0.0006157791358418763,
333,11.111111,1,right_hip,-0.004015376325696707,0.0024944532196968794,-0.07228077203035355,
333,11.111111,2,right_knee,-0.001957581378519535,0.2534167766571045,-0.04141251742839813,
333,11.111111,3,right_ankle,-0.16417229175567627,0.43242043256759644,-0.04573119431734085,
333,11.111111,4,left_hip,0.005807573441416025,-0.002171272411942482,0.0710480585694313,
333,11.111111,5,left_knee,0.02486257813870907,0.24037691950798035,0.11047405004501343,
333,11.111111,6,left_ankle,0.02298080362379551,0.47761011123657227,0.11471107602119446,
333,11.111111,7,spine,-0.025746481493115425,-0.14646592736244202,-0.008115723729133606,
333,11.111111,8,thorax,-0.05221289396286011,-0.29314255714416504,-0.015461912378668785,
333,11.111111,9,neck,-0.05091410502791405,-0.34149113297462463,-0.024104490876197815,
333,11.111111,10,head,-0.04688176512718201,-0.38951101899147034,-0.03389884531497955,
333,11.111111,11,left_shoulder,-0.06306403130292892,-0.298976868391037,0.07901304215192795,
333,11.111111,12,left_elbow,-0.07935081422328949,-0.34735575318336487,0.22784936428070068,
333,11.111111,13,left_wrist,-0.06306345760822296,-0.481595903635025,0.15350905060768127,
333,11.111111,14,right_shoulder,-0.04547540098428726,-0.3110751807689667,-0.10893215239048004,
333,11.111111,15,right_elbow,-0.057414572685956955,-0.3958536982536316,-0.2535557746887207,
333,11.111111,16,right_wrist,-0.0756797194480896,-0.5426788926124573,-0.26128989458084106,
334,11.144478,0,hip_center,0.0009576267329975963,0.0001283415185753256,-0.0006364751025103033,
334,11.144478,1,right_hip,-0.006291149649769068,0.0024432435166090727,-0.07210316509008408,
334,11.144478,2,right_knee,-0.002844257280230522,0.25353652238845825,-0.04278770089149475,
334,11.144478,3,right_ankle,-0.16329778730869293,0.4341591000556946,-0.04496173933148384,
334,11.144478,4,left_hip,0.008224312216043472,-0.0021872809156775475,0.07082783430814743,
334,11.144478,5,left_knee,0.026157232001423836,0.24084825813770294,0.10769590735435486,
334,11.144478,6,left_ankle,0.02440352365374565,0.4780120253562927,0.11486174166202545,
334,11.144478,7,spine,-0.026633428409695625,-0.14633570611476898,-0.007888655178248882,
334,11.144478,8,thorax,-0.05408995598554611,-0.29284143447875977,-0.0150075014680624,
334,11.144478,9,neck,-0.05051593855023384,-0.34120890498161316,-0.022867560386657715,
334,11.144478,10,head,-0.0434337817132473,-0.3890572488307953,-0.0317264050245285,
334,11.144478,11,left_shoulder,-0.05939916893839836,-0.30006617307662964,0.07984458655118942,
334,11.144478,12,left_elbow,-0.07559303194284439,-0.3436277508735657,0.23017147183418274,
334,11.144478,13,left_wrist,-0.06013602390885353,-0.47559767961502075,0.15170371532440186,
334,11.144478,14,right_shoulder,-0.0538095161318779,-0.31058451533317566,-0.10875590145587921,
334,11.144478,15,right_elbow,-0.07669128477573395,-0.3871305286884308,-0.25661754608154297,
334,11.144478,16,right_wrist,-0.09437769651412964,-0.5313036441802979,-0.28581294417381287,
335,11.177845,0,hip_center,0.0010151336900889874,0.00010258139809593558,-0.0006536809378303587,
335,11.177845,1,right_hip,-0.008571114391088486,0.0024172370322048664,-0.07184454053640366,
335,11.177845,2,right_knee,-0.003910810220986605,0.2536714971065521,-0.04411940276622772,
335,11.177845,3,right_ankle,-0.16274362802505493,0.4357338547706604,-0.04417208209633827,
335,11.177845,4,left_hip,0.010627515614032745,-0.0022127090487629175,0.07053308933973312,
335,11.177845,5,left_knee,0.027211682870984077,0.24126148223876953,0.10506433993577957,
335,11.177845,6,left_ankle,0.025401974096894264,0.4783349931240082,0.11475785076618195,
335,11.177845,7,spine,-0.027356065809726715,-0.1462308019399643,-0.007523530628532171,
335,11.177845,8,thorax,-0.05563100427389145,-0.29259830713272095,-0.014272257685661316,
335,11.177845,9,neck,-0.05027918517589569,-0.3409065306186676,-0.02145829237997532,
335,11.177845,10,head,-0.04089627414941788,-0.3884997069835663,-0.029517395421862602,
335,11.177845,11,left_shoulder,-0.05630195885896683,-0.3007388412952423,0.08065184205770493,
335,11.177845,12,left_elbow,-0.07615521550178528,-0.3330574333667755,0.23335868120193481,
335,11.177845,13,left_wrist,-0.058671168982982635,-0.4635416567325592,0.15285806357860565,
335,11.177845,14,right_shoulder,-0.06063259020447731,-0.3100906312465668,-0.10793473571538925,
335,11.177845,15,right_elbow,-0.09101194888353348,-0.3778187036514282,-0.25871914625167847,
335,11.177845,16,right_wrist,-0.10887884348630905,-0.5162234306335449,-0.3084782361984253,
336,11.211211,0,hip_center,0.0010596431093290448,8.396599878324196e-05,-0.0006742202094756067,
336,11.211211,1,right_hip,-0.010856077075004578,0.002409731037914753,-0.07151205092668533,
336,11.211211,2,right_knee,-0.00517161563038826,0.2538049817085266,-0.0452975369989872,
336,11.211211,3,right_ankle,-0.1625639647245407,0.4371027648448944,-0.04326197877526283,
336,11.211211,4,left_hip,0.013007452711462975,-0.0022422990296036005,0.07015764713287354,
336,11.211211,5,left_knee,0.028047775849699974,0.2416018843650818,0.10272958874702454,
336,11.211211,6,left_ankle,0.026152215898036957,0.4785802960395813,0.11450715363025665,
336,11.211211,7,spine,-0.027883801609277725,-0.14615876972675323,-0.007070673629641533,
336,11.211211,8,thorax,-0.05676199868321419,-0.29242926836013794,-0.013352589681744576,
336,11.211211,9,neck,-0.05023389309644699,-0.34068429470062256,-0.01989493891596794,
336,11.211211,10,head,-0.039345890283584595,-0.3880763649940491,-0.027212288230657578,
336,11.211211,11,left_shoulder,-0.05315880849957466,-0.3013768792152405,0.08143274486064911,
336,11.211211,12,left_elbow,-0.07615043222904205,-0.32130563259124756,0.23580974340438843,
336,11.211211,13,left_wrist,-0.05798135697841644,-0.4489077627658844,0.1509583741426468,
336,11.211211,14,right_shoulder,-0.06641125679016113,-0.3095378577709198,-0.10672200471162796,
336,11.211211,15,right_elbow,-0.10065731406211853,-0.3691621422767639,-0.2600780725479126,
336,11.211211,16,right_wrist,-0.11895915120840073,-0.500278115272522,-0.32659658789634705,
337,11.244578,0,hip_center,0.0011037837248295546,7.36764632165432e-05,-0.0007032184512354434,
337,11.244578,1,right_hip,-0.013139261864125729,0.002417716896161437,-0.07110942155122757,
337,11.244578,2,right_knee,-0.006636421661823988,0.25393152236938477,-0.046257384121418,
337,11.244578,3,right_ankle,-0.16283735632896423,0.438211590051651,-0.04216976463794708,
337,11.244578,4,left_hip,0.015384274534881115,-0.0022707099560648203,0.06969483941793442,
337,11.244578,5,left_knee,0.028694702312350273,0.24186676740646362,0.10078895837068558,
337,11.244578,6,left_ankle,0.0267076026648283,0.47875547409057617,0.11423753201961517,
337,11.244578,7,spine,-0.028235310688614845,-0.1461114138364792,-0.006595483981072903,
337,11.244578,8,thorax,-0.05753104388713837,-0.29231947660446167,-0.01237688772380352,
337,11.244578,9,neck,-0.05050327256321907,-0.3405819535255432,-0.01831904798746109,
337,11.244578,10,head,-0.03893795609474182,-0.38791194558143616,-0.024968445301055908,
337,11.244578,11,left_shoulder,-0.04912032186985016,-0.3021802306175232,0.0820123478770256,
337,11.244578,12,left_elbow,-0.0738731250166893,-0.31121018528938293,0.23713740706443787,
337,11.244578,13,left_wrist,-0.05814671143889427,-0.43433433771133423,0.14545701444149017,
337,11.244578,14,right_shoulder,-0.0721362754702568,-0.30868974328041077,-0.1052335575222969,
337,11.244578,15,right_elbow,-0.10893630236387253,-0.36030450463294983,-0.26088574528694153,
337,11.244578,16,right_wrist,-0.12625983357429504,-0.4839441180229187,-0.3406617343425751,
338,11.277945,0,hip_center,0.0011552955256775022,7.213059870991856e-05,-0.0007381319301202893,
338,11.277945,1,right_hip,-0.015356157906353474,0.0024277924094349146,-0.0706467479467392,
338,11.277945,2,right_knee,-0.008215739391744137,0.2540474236011505,-0.04707387834787369,
338,11.277945,3,right_ankle,-0.16342389583587646,0.4391089081764221,-0.04097051918506622,
338,11.277945,4,left_hip,0.017709996551275253,-0.0022837347351014614,0.06915970146656036,
338,11.277945,5,left_knee,0.0292416550219059,0.242074653506279,0.09921164810657501,
338,11.277945,6,left_ankle,0.02722414769232273,0.47888651490211487,0.11394807696342468,
338,11.277945,7,spine,-0.02845085971057415,-0.14607928693294525,-0.006105841603130102,
338,11.277945,8,thorax,-0.058027781546115875,-0.29225051403045654,-0.011364101432263851,
338,11.277945,9,neck,-0.051175326108932495,-0.34061262011528015,-0.016666598618030548,
338,11.277945,10,head,-0.03977351635694504,-0.3880768418312073,-0.022603372111916542,
338,11.277945,11,left_shoulder,-0.044066447764635086,-0.30298203229904175,0.0822693258523941,
338,11.277945,12,left_elbow,-0.0693001002073288,-0.30160558223724365,0.2375735193490982,
338,11.277945,13,left_wrist,-0.05924995243549347,-0.4186716675758362,0.13754001259803772,
338,11.277945,14,right_shoulder,-0.07810644805431366,-0.307476669549942,-0.10338947921991348,
338,11.277945,15,right_elbow,-0.11721359193325043,-0.34987613558769226,-0.26124653220176697,
338,11.277945,16,right_wrist,-0.13327905535697937,-0.4657852053642273,-0.35212036967277527,
339,11.311311,0,hip_center,0.001206658431328833,8.373160380870104e-05,-0.0007654415676370263,
339,11.311311,1,right_hip,-0.017341524362564087,0.002432375680655241,-0.07016170024871826,
339,11.311311,2,right_knee,-0.009827226400375366,0.2541465759277344,-0.04774264246225357,
339,11.311311,3,right_ankle,-0.16416598856449127,0.43985962867736816,-0.03969351202249527,
339,11.311311,4,left_hip,0.0198023933917284,-0.002264987211674452,0.06861753016710281,
339,11.311311,5,left_knee,0.02972637489438057,0.2422555387020111,0.09791501611471176,
339,11.311311,6,left_ankle,0.027794528752565384,0.47900786995887756,0.113589346408844,
339,11.311311,7,spine,-0.02861134707927704,-0.14604294300079346,-0.0056090508587658405,
339,11.311311,8,thorax,-0.05840916186571121,-0.2921872138977051,-0.010343343950808048,
339,11.311311,9,neck,-0.05196818336844444,-0.3406808078289032,-0.014909695833921432,
339,11.311311,10,head,-0.041246768087148666,-0.38840457797050476,-0.019968675449490547,
339,11.311311,11,left_shoulder,-0.03923920542001724,-0.3031167984008789,0.08234085142612457,
339,11.311311,12,left_elbow,-0.06275907903909683,-0.2876604199409485,0.23715022206306458,
339,11.311311,13,left_wrist,-0.06112196668982506,-0.39710813760757446,0.12838122248649597,
339,11.311311,14,right_shoulder,-0.08336640894412994,-0.3061069846153259,-0.1013764962553978,
339,11.311311,15,right_elbow,-0.12516069412231445,-0.33447614312171936,-0.2616710960865021,
339,11.311311,16,right_wrist,-0.14503398537635803,-0.439736008644104,-0.3640257716178894,
340,11.344678,0,hip_center,0.001235729781910777,0.00010598515655146912,-0.0007791716489009559,
340,11.344678,1,right_hip,-0.01910329796373844,0.002424913225695491,-0.0696728527545929,
340,11.344678,2,right_knee,-0.011464744806289673,0.2542196214199066,-0.04822083190083504,
340,11.344678,3,right_ankle,-0.16510578989982605,0.44042354822158813,-0.03836672008037567,
340,11.344678,4,left_hip,0.021621599793434143,-0.002212907187640667,0.06810009479522705,
340,11.344678,5,left_knee,0.030132781714200974,0.2424355149269104,0.09676764160394669,
340,11.344678,6,left_ankle,0.028333958238363266,0.47914114594459534,0.11314725875854492,
340,11.344678,7,spine,-0.028645195066928864,-0.14602352678775787,-0.005123654846101999,
340,11.344678,8,thorax,-0.05851003900170326,-0.29216939210891724,-0.009359555318951607,
340,11.344678,9,neck,-0.05262656509876251,-0.3407902717590332,-0.01327904686331749,
340,11.344678,10,head,-0.04285706207156181,-0.38879314064979553,-0.01756623014807701,
340,11.344678,11,left_shoulder,-0.03503367304801941,-0.30296584963798523,0.08234430849552155,
340,11.344678,12,left_elbow,-0.05443904548883438,-0.2731921374797821,0.2356250286102295,
340,11.344678,13,left_wrist,-0.06438612192869186,-0.37317121028900146,0.11850367486476898,
340,11.344678,14,right_shoulder,-0.08731358498334885,-0.30508366227149963,-0.09939974546432495,
340,11.344678,15,right_elbow,-0.12929829955101013,-0.31972628831863403,-0.2614762783050537,
340,11.344678,16,right_wrist,-0.15243598818778992,-0.4151819348335266,-0.37239938974380493,
341,11.378045,0,hip_center,0.0012359465472400188,0.00013635892537422478,-0.0007824401836842299,
341,11.378045,1,right_hip,-0.02067445032298565,0.002401718171313405,-0.06919439136981964,
341,11.378045,2,right_knee,-0.013123232871294022,0.25426092743873596,-0.04848144203424454,
341,11.378045,3,right_ankle,-0.1663934588432312,0.4406755566596985,-0.03697580099105835,
341,11.378045,4,left_hip,0.023187384009361267,-0.0021288602147251368,0.06761579215526581,
341,11.378045,5,left_knee,0.030435211956501007,0.2426169365644455,0.09579542279243469,
341,11.378045,6,left_ankle,0.028741946443915367,0.47928470373153687,0.11272406578063965,
341,11.378045,7,spine,-0.02849545329809189,-0.14603887498378754,-0.004580187611281872,
341,11.378045,8,thorax,-0.058211587369441986,-0.29222992062568665,-0.008267770521342754,
341,11.378045,9,neck,-0.05301893502473831,-0.34096792340278625,-0.011675148271024227,
341,11.378045,10,head,-0.04430950805544853,-0.3892228305339813,-0.015377629548311234,
341,11.378045,11,left_shoulder,-0.031252749264240265,-0.3028775453567505,0.08249099552631378,
341,11.378045,12,left_elbow,-0.04520504176616669,-0.2612253427505493,0.23358187079429626,
341,11.378045,13,left_wrist,-0.06675004959106445,-0.3525100350379944,0.11104577779769897,
341,11.378045,14,right_shoulder,-0.08997933566570282,-0.30446070432662964,-0.09740180522203445,
341,11.378045,15,right_elbow,-0.12751007080078125,-0.31031250953674316,-0.26111844182014465,
341,11.378045,16,right_wrist,-0.1501857489347458,-0.3991992175579071,-0.37746289372444153,
342,11.411411,0,hip_center,0.0012061476008966565,0.0001725694164633751,-0.0007747613708488643,
342,11.411411,1,right_hip,-0.02208496630191803,0.002361615654081106,-0.06873154640197754,
342,11.411411,2,right_knee,-0.014791786670684814,0.2542659044265747,-0.04847972095012665,
342,11.411411,3,right_ankle,-0.1682068109512329,0.44045817852020264,-0.03540920093655586,
342,11.411411,4,left_hip,0.02452842704951763,-0.002016232116147876,0.06717077642679214,
342,11.411411,5,left_knee,0.030577432364225388,0.24277885258197784,0.09520469605922699,
342,11.411411,6,left_ankle,0.028881441801786423,0.4794118404388428,0.11261243373155594,
342,11.411411,7,spine,-0.028203750029206276,-0.14608581364154816,-0.0037950563710182905,
342,11.411411,8,thorax,-0.05759947746992111,-0.2923594117164612,-0.006691988557577133,
342,11.411411,9,neck,-0.05316567420959473,-0.34119829535484314,-0.009703617542982101,
342,11.411411,10,head,-0.04556327313184738,-0.38967007398605347,-0.012988333590328693,
342,11.411411,11,left_shoulder,-0.027833476662635803,-0.30283287167549133,0.0832056999206543,
342,11.411411,12,left_elbow,-0.03617924451828003,-0.2529997229576111,0.23221923410892487,
342,11.411411,13,left_wrist,-0.06385321915149689,-0.3390517830848694,0.10715377330780029,
342,11.411411,14,right_shoulder,-0.09162035584449768,-0.30389201641082764,-0.09508450329303741,
342,11.411411,15,right_elbow,-0.11919298768043518,-0.3054485321044922,-0.2608652710914612,
342,11.411411,16,right_wrist,-0.1401750147342682,-0.38924524188041687,-0.3812352418899536,
343,11.444778,0,hip_center,0.001160468440502882,0.00021363943233154714,-0.0007545778062194586,
343,11.444778,1,right_hip,-0.023212024942040443,0.002310445997864008,-0.06833399087190628,
343,11.444778,2,right_knee,-0.016319558024406433,0.2542440593242645,-0.04830755293369293,
343,11.444778,3,right_ankle,-0.17029890418052673,0.43986091017723083,-0.033770881593227386,
343,11.444778,4,left_hip,0.02555324137210846,-0.0018827785970643163,0.06681696325540543,
343,11.444778,5,left_knee,0.03055415488779545,0.24291419982910156,0.09504026174545288,
343,11.444778,6,left_ankle,0.028795477002859116,0.47952133417129517,0.11279008537530899,
343,11.444778,7,spine,-0.02785327285528183,-0.1461392343044281,-0.0029039226938039064,
343,11.444778,8,thorax,-0.056854963302612305,-0.2925063967704773,-0.0049111866392195225,
343,11.444778,9,neck,-0.053093090653419495,-0.341425359249115,-0.007509424351155758,
343,11.444778,10,head,-0.04649898037314415,-0.39007219672203064,-0.010356085374951363,
343,11.444778,11,left_shoulder,-0.02476796880364418,-0.30264976620674133,0.08422265201807022,
343,11.444778,12,left_elbow,-0.028021270409226418,-0.24864462018013,0.23197543621063232,
343,11.444778,13,left_wrist,-0.0560108944773674,-0.3330576419830322,0.10586756467819214,
343,11.444778,14,right_shoulder,-0.09264662861824036,-0.3032180368900299,-0.09270568937063217,
343,11.444778,15,right_elbow,-0.11046628654003143,-0.30136629939079285,-0.2598133385181427,
343,11.444778,16,right_wrist,-0.13005295395851135,-0.3807675838470459,-0.3833563029766083,
344,11.478145,0,hip_center,0.0011002703104168177,0.00025221676332876086,-0.0007196989608928561,
344,11.478145,1,right_hip,-0.02403711900115013,0.0022551401052623987,-0.06802119314670563,
344,11.478145,2,right_knee,-0.017599958926439285,0.25420698523521423,-0.04807305335998535,
344,11.478145,3,right_ankle,-0.17253664135932922,0.43891042470932007,-0.032140880823135376,
344,11.478145,4,left_hip,0.026247205212712288,-0.0017501725815236568,0.06657768040895462,
344,11.478145,5,left_knee,0.03033752366900444,0.24299874901771545,0.09535890072584152,
344,11.478145,6,left_ankle,0.02847803756594658,0.4795990288257599,0.11318966746330261,
344,11.478145,7,spine,-0.027501579374074936,-0.14619313180446625,-0.0018473535310477018,
344,11.478145,8,thorax,-0.05609011650085449,-0.2926521599292755,-0.0028048998210579157,
344,11.478145,9,neck,-0.05282098054885864,-0.34163060784339905,-0.004899960942566395,
344,11.478145,10,head,-0.04697813466191292,-0.3904019296169281,-0.007206497248262167,
344,11.478145,11,left_shoulder,-0.02203461527824402,-0.3023917078971863,0.08564093708992004,
344,11.478145,12,left_elbow,-0.02289564162492752,-0.25234025716781616,0.2348124235868454,
344,11.478145,13,left_wrist,-0.045345231890678406,-0.33546990156173706,0.10675910115242004,
344,11.478145,14,right_shoulder,-0.09335681796073914,-0.302321195602417,-0.09010531008243561,
344,11.478145,15,right_elbow,-0.10332463681697845,-0.2985195517539978,-0.2578316330909729,
344,11.478145,16,right_wrist,-0.12130317091941833,-0.3756858706474304,-0.38302427530288696,
345,11.511512,0,hip_center,0.0010368643561378121,0.0002818995853886008,-0.000658622884657234,
345,11.511512,1,right_hip,-0.024573329836130142,0.0022197815123945475,-0.06778354197740555,
345,11.511512,2,right_knee,-0.01857280172407627,0.254182368516922,-0.047834835946559906,
345,11.511512,3,right_ankle,-0.1749252825975418,0.43757718801498413,-0.030664831399917603,
345,11.511512,4,left_hip,0.026648005470633507,-0.0016553803579881787,0.06646537780761719,
345,11.511512,5,left_knee,0.029887670651078224,0.24299226701259613,0.0962001234292984,
345,11.511512,6,left_ankle,0.02789441868662834,0.47961485385894775,0.11371785402297974,
345,11.511512,7,spine,-0.027170740067958832,-0.14624419808387756,-0.0005473333294503391,
345,11.511512,8,thorax,-0.05536170303821564,-0.2927830219268799,-0.00022260448895394802,
345,11.511512,9,neck,-0.05234499275684357,-0.34179818630218506,-0.0017650151858106256,
345,11.511512,10,head,-0.046869512647390366,-0.39063623547554016,-0.003486660309135914,
345,11.511512,11,left_shoulder,-0.019525356590747833,-0.30184346437454224,0.08758951723575592,
345,11.511512,12,left_elbow,-0.021850164979696274,-0.26286083459854126,0.24001318216323853,
345,11.511512,13,left_wrist,-0.03915324807167053,-0.33689194917678833,0.10572923719882965,
345,11.511512,14,right_shoulder,-0.09390555322170258,-0.30104121565818787,-0.08711237460374832,
345,11.511512,15,right_elbow,-0.09824623167514801,-0.2975085973739624,-0.25508442521095276,
345,11.511512,16,right_wrist,-0.11385738104581833,-0.3744153380393982,-0.3807534873485565,
346,11.544878,0,hip_center,0.0009782318957149982,0.00030511783552356064,-0.0005746355163864791,
346,11.544878,1,right_hip,-0.024844590574502945,0.00220866990275681,-0.06761902570724487,
346,11.544878,2,right_knee,-0.01921299286186695,0.25416994094848633,-0.04754643514752388,
346,11.544878,3,right_ankle,-0.17735286056995392,0.4359304904937744,-0.029395516961812973,
346,11.544878,4,left_hip,0.026796428486704826,-0.0015978504670783877,0.06647098064422607,
346,11.544878,5,left_knee,0.029223771765828133,0.24291186034679413,0.09739398956298828,
346,11.544878,6,left_ankle,0.02707381173968315,0.4795835018157959,0.11421692371368408,
346,11.544878,7,spine,-0.026871275156736374,-0.14628255367279053,0.0008533333311788738,
346,11.544878,8,thorax,-0.05470024794340134,-0.29288119077682495,0.00254352786578238,
346,11.544878,9,neck,-0.051645196974277496,-0.3419065773487091,0.0014736136654391885,
346,11.544878,10,head,-0.04619268327951431,-0.3907619118690491,0.0002387920394539833,
346,11.544878,11,left_shoulder,-0.017261937260627747,-0.3009146451950073,0.0897853747010231,
346,11.544878,12,left_elbow,-0.023595843464136124,-0.2772696316242218,0.2452164590358734,
346,11.544878,13,left_wrist,-0.03872603178024292,-0.3431645631790161,0.10650414228439331,
346,11.544878,14,right_shoulder,-0.09432878345251083,-0.2996041476726532,-0.08398992568254471,
346,11.544878,15,right_elbow,-0.09630891680717468,-0.2978467345237732,-0.25203433632850647,
346,11.544878,16,right_wrist,-0.10881783068180084,-0.3770274221897125,-0.37663373351097107,
347,11.578245,0,hip_center,0.0009246855624951422,0.00032151438063010573,-0.0004839138709940016,
347,11.578245,1,right_hip,-0.02489410527050495,0.0022189682349562645,-0.06753002852201462,
347,11.578245,2,right_knee,-0.019541848450899124,0.25416916608810425,-0.0472431480884552,
347,11.578245,3,right_ankle,-0.17978984117507935,0.4339955449104309,-0.028332436457276344,
347,11.578245,4,left_hip,0.026736021041870117,-0.0015754562336951494,0.06656450778245926,
347,11.578245,5,left_knee,0.0283536147326231,0.2427709400653839,0.09880339354276657,
347,11.578245,6,left_ankle,0.026023540645837784,0.4795110821723938,0.11460746079683304,
347,11.578245,7,spine,-0.026600494980812073,-0.1463082879781723,0.002281004097312689,
347,11.578245,8,thorax,-0.05410158261656761,-0.2929462790489197,0.005356601905077696,
347,11.578245,9,neck,-0.05068580061197281,-0.34195083379745483,0.004433917813003063,
347,11.578245,10,head,-0.0450003445148468,-0.3907822370529175,0.0033067679032683372,
347,11.578245,11,left_shoulder,-0.015108298510313034,-0.2995891571044922,0.09203243255615234,
347,11.578245,12,left_elbow,-0.027380067855119705,-0.295628160238266,0.24884995818138123,
347,11.578245,13,left_wrist,-0.041325755417346954,-0.35302668809890747,0.10629084706306458,
347,11.578245,14,right_shoulder,-0.09474439918994904,-0.2981509864330292,-0.08081027865409851,
347,11.578245,15,right_elbow,-0.09870485216379166,-0.30014660954475403,-0.24881702661514282,
347,11.578245,16,right_wrist,-0.10772757977247238,-0.38473355770111084,-0.37012121081352234,
348,11.611612,0,hip_center,0.000894735159818083,0.0003291292814537883,-0.0004001408815383911,
348,11.611612,1,right_hip,-0.024765247479081154,0.002238260116428137,-0.06750686466693878,
348,11.611612,2,right_knee,-0.019631119444966316,0.2541678547859192,-0.046910278499126434,
348,11.611612,3,right_ankle,-0.18231569230556488,0.43173494935035706,-0.027461986988782883,
348,11.611612,4,left_hip,0.026547454297542572,-0.001579651259817183,0.06670879572629929,
348,11.611612,5,left_knee,0.02727929688990116,0.2425680160522461,0.10045050084590912,
348,11.611612,6,left_ankle,0.02473907172679901,0.47938722372055054,0.11498662829399109,
348,11.611612,7,spine,-0.02642577327787876,-0.1463085561990738,0.0036688484251499176,
348,11.611612,8,thorax,-0.05372239649295807,-0.2929503321647644,0.008091156370937824,
348,11.611612,9,neck,-0.04950330778956413,-0.34188419580459595,0.006809200160205364,
348,11.611612,10,head,-0.0433720164000988,-0.3906499743461609,0.005258150398731232,
348,11.611612,11,left_shoulder,-0.012915331870317459,-0.29773569107055664,0.0940515398979187,
348,11.611612,12,left_elbow,-0.030227873474359512,-0.31205248832702637,0.2497863620519638,
348,11.611612,13,left_wrist,-0.04392961412668228,-0.3627035617828369,0.1046694964170456,
348,11.611612,14,right_shoulder,-0.09555166959762573,-0.29639706015586853,-0.07759483903646469,
348,11.611612,15,right_elbow,-0.10533467680215836,-0.30241885781288147,-0.24526703357696533,
348,11.611612,16,right_wrist,-0.1114867702126503,-0.395538866519928,-0.360340416431427,
349,11.644978,0,hip_center,0.0008802460506558418,0.0003325327124912292,-0.0003134343714918941,
349,11.644978,1,right_hip,-0.02450062707066536,0.0022591378074139357,-0.0675257220864296,
349,11.644978,2,right_knee,-0.019576236605644226,0.2541528344154358,-0.046444475650787354,
349,11.644978,3,right_ankle,-0.18485969305038452,0.42925477027893066,-0.026563264429569244,
349,11.644978,4,left_hip,0.026255007833242416,-0.001593816326931119,0.0669005960226059,
349,11.644978,5,left_knee,0.026086745783686638,0.2423381805419922,0.10217496752738953,
349,11.644978,6,left_ankle,0.023335503414273262,0.4792320430278778,0.11539658904075623,
349,11.644978,7,spine,-0.026280801743268967,-0.14630021154880524,0.0048530627973377705,
349,11.644978,8,thorax,-0.05342039465904236,-0.2929331660270691,0.010393068194389343,
349,11.644978,9,neck,-0.04805086553096771,-0.34172868728637695,0.008360904641449451,
349,11.644978,10,head,-0.041482362896203995,-0.39041009545326233,0.006108335684984922,
349,11.644978,11,left_shoulder,-0.010774806141853333,-0.2954714298248291,0.09555300325155258,
349,11.644978,12,left_elbow,-0.027641136199235916,-0.3181730806827545,0.2503373324871063,
349,11.644978,13,left_wrist,-0.04255978763103485,-0.36530575156211853,0.10415893793106079,
349,11.644978,14,right_shoulder,-0.09639701247215271,-0.29457125067710876,-0.0747772678732872,
349,11.644978,15,right_elbow,-0.11375705897808075,-0.3038425147533417,-0.24168625473976135,
349,11.644978,16,right_wrist,-0.1184282973408699,-0.40732693672180176,-0.34761178493499756,
350,11.678345,0,hip_center,0.0008277571178041399,0.00034564401721581817,-0.00022714477381668985,
350,11.678345,1,right_hip,-0.024189310148358345,0.0023108860477805138,-0.06757458299398422,
350,11.678345,2,right_knee,-0.01957564242184162,0.25414159893989563,-0.04568623751401901,
350,11.678345,3,right_ankle,-0.18714982271194458,0.42700454592704773,-0.02539164572954178,
350,11.678345,4,left_hip,0.02583865262567997,-0.001619407907128334,0.06712201237678528,
350,11.678345,5,left_knee,0.024967065081000328,0.24212177097797394,0.10368166863918304,
350,11.678345,6,left_ankle,0.022104734554886818,0.47908133268356323,0.1156417578458786,
350,11.678345,7,spine,-0.02605447731912136,-0.1463182121515274,0.005485737696290016,
350,11.678345,8,thorax,-0.05291397124528885,-0.2929822504520416,0.0115431509912014,
350,11.678345,9,neck,-0.04635898768901825,-0.34158211946487427,0.008534697815775871,
350,11.678345,10,head,-0.039498940110206604,-0.39018118381500244,0.005506671033799648,
350,11.678345,11,left_shoulder,-0.008856464177370071,-0.29319503903388977,0.09601914882659912,
350,11.678345,12,left_elbow,-0.012493413873016834,-0.3039794862270355,0.25295382738113403,
350,11.678345,13,left_wrist,-0.03162170574069023,-0.35159534215927124,0.10742372274398804,
350,11.678345,14,right_shoulder,-0.09671315550804138,-0.29346898198127747,-0.07322154939174652,
350,11.678345,15,right_elbow,-0.12079361081123352,-0.3036913275718689,-0.23923830687999725,
350,11.678345,16,right_wrist,-0.1261487901210785,-0.4168332815170288,-0.3347437381744385,
351,11.711712,0,hip_center,0.0007439698674716055,0.00037374201929196715,-0.00013940448116045445,
351,11.711712,1,right_hip,-0.02388252690434456,0.002375500975176692,-0.06762956082820892,
351,11.711712,2,right_knee,-0.019756227731704712,0.2541174292564392,-0.04464932531118393,
351,11.711712,3,right_ankle,-0.1891416311264038,0.4251554608345032,-0.023933447897434235,
351,11.711712,4,left_hip,0.025364451110363007,-0.001627832418307662,0.06735236942768097,
351,11.711712,5,left_knee,0.02401956170797348,0.24196267127990723,0.10488879680633545,
351,11.711712,6,left_ankle,0.02113552764058113,0.4789747893810272,0.11575242131948471,
351,11.711712,7,spine,-0.025674039497971535,-0.1463674157857895,0.005751210730522871,
351,11.711712,8,thorax,-0.05206059664487839,-0.29311203956604004,0.011934924870729446,
351,11.711712,9,neck,-0.044660042971372604,-0.3415496349334717,0.00832985620945692,
351,11.711712,10,head,-0.03756726533174515,-0.39008828997612,0.004896217025816441,
351,11.711712,11,left_shoulder,-0.007213760167360306,-0.2914523184299469,0.09597842395305634,
351,11.711712,12,left_elbow,0.0020273374393582344,-0.2871934175491333,0.25299590826034546,
351,11.711712,13,left_wrist,-0.020860079675912857,-0.3376380205154419,0.10896922647953033,
351,11.711712,14,right_shoulder,-0.09627410024404526,-0.2930644452571869,-0.07261578738689423,
351,11.711712,15,right_elbow,-0.12585557997226715,-0.3031228184700012,-0.23775118589401245,
351,11.711712,16,right_wrist,-0.1330396831035614,-0.42415323853492737,-0.3229045271873474,
352,11.745078,0,hip_center,0.0006449482752941549,0.0004118028446100652,-6.054664481780492e-05,
352,11.745078,1,right_hip,-0.023628732189536095,0.002427731640636921,-0.06767797470092773,
352,11.745078,2,right_knee,-0.020175492390990257,0.2540658712387085,-0.0434824675321579,
352,11.745078,3,right_ankle,-0.19086454808712006,0.423745334148407,-0.022300109267234802,
352,11.745078,4,left_hip,0.024913541972637177,-0.001603931188583374,0.06755813956260681,
352,11.745078,5,left_knee,0.023254772648215294,0.24187704920768738,0.10578618198633194,
352,11.745078,6,left_ankle,0.02039187029004097,0.47892576456069946,0.11582636833190918,
352,11.745078,7,spine,-0.025162996724247932,-0.1464366614818573,0.0058602383360266685,
352,11.745078,8,thorax,-0.05092444643378258,-0.29329317808151245,0.012022804468870163,
352,11.745078,9,neck,-0.04305308312177658,-0.3416350185871124,0.008140437304973602,
352,11.745078,10,head,-0.03580762818455696,-0.3901386559009552,0.004534740000963211,
352,11.745078,11,left_shoulder,-0.005812179297208786,-0.29031461477279663,0.09588766098022461,
352,11.745078,12,left_elbow,0.011673949658870697,-0.2737833857536316,0.25138357281684875,
352,11.745078,13,left_wrist,-0.013322390615940094,-0.3273409903049469,0.10883904993534088,
352,11.745078,14,right_shoulder,-0.09522843360900879,-0.29310479760169983,-0.07248032093048096,
352,11.745078,15,right_elbow,-0.12908640503883362,-0.30354928970336914,-0.23676812648773193,
352,11.745078,16,right_wrist,-0.13840563595294952,-0.43028533458709717,-0.31294023990631104,
353,11.778445,0,hip_center,0.0005434154882095754,0.00046155526069924235,-1.0190960892941803e-06,
353,11.778445,1,right_hip,-0.023460619151592255,0.002483037766069174,-0.06771448254585266,
353,11.778445,2,right_knee,-0.020854489877820015,0.25401315093040466,-0.04231937229633331,
353,11.778445,3,right_ankle,-0.19231264293193817,0.42285358905792236,-0.020649414509534836,
353,11.778445,4,left_hip,0.024543724954128265,-0.0015597273595631123,0.0677131935954094,
353,11.778445,5,left_knee,0.022637683898210526,0.24185413122177124,0.10635482519865036,
353,11.778445,6,left_ankle,0.019854947924613953,0.47892653942108154,0.11584228277206421,
353,11.778445,7,spine,-0.02458728849887848,-0.14650858938694,0.005813400726765394,
353,11.778445,8,thorax,-0.049654096364974976,-0.2934916615486145,0.011821931228041649,
353,11.778445,9,neck,-0.041647519916296005,-0.34179872274398804,0.007786178030073643,
353,11.778445,10,head,-0.034371111541986465,-0.3902886211872101,0.004060203209519386,
353,11.778445,11,left_shoulder,-0.004561465233564377,-0.2896329164505005,0.095661461353302,
353,11.778445,12,left_elbow,0.02060249075293541,-0.26275068521499634,0.2486390620470047,
353,11.778445,13,left_wrist,-0.006255624815821648,-0.31793156266212463,0.10705555975437164,
353,11.778445,14,right_shoulder,-0.09392473846673965,-0.2935175597667694,-0.07269887626171112,
353,11.778445,15,right_elbow,-0.13111570477485657,-0.3060130774974823,-0.23612049221992493,
353,11.778445,16,right_wrist,-0.14215898513793945,-0.4353756606578827,-0.30749577283859253,
354,11.811812,0,hip_center,0.00045846268767490983,0.0005142338341102004,3.445619222475216e-05,
354,11.811812,1,right_hip,-0.023388350382447243,0.0025225146673619747,-0.06773491948843002,
354,11.811812,2,right_knee,-0.021767916157841682,0.2539462149143219,-0.0412280447781086,
354,11.811812,3,right_ankle,-0.19353093206882477,0.42240482568740845,-0.019007869064807892,
354,11.811812,4,left_hip,0.024302655830979347,-0.0014938594540581107,0.06780419498682022,
354,11.811812,5,left_knee,0.022163575515151024,0.24188338220119476,0.10666383057832718,
354,11.811812,6,left_ankle,0.019502989947795868,0.4789683222770691,0.11586880683898926,
354,11.811812,7,spine,-0.024062633514404297,-0.14656569063663483,0.005672763101756573,
354,11.811812,8,thorax,-0.04850728064775467,-0.2936621904373169,0.01146518811583519,
354,11.811812,9,neck,-0.04053449630737305,-0.3419719338417053,0.007394487038254738,
354,11.811812,10,head,-0.03329426050186157,-0.390464186668396,0.0036290546413511038,
354,11.811812,11,left_shoulder,-0.003599759191274643,-0.2892970144748688,0.09537920355796814,
354,11.811812,12,left_elbow,0.027937624603509903,-0.25456899404525757,0.2455703616142273,
354,11.811812,13,left_wrist,-0.00033973902463912964,-0.31050562858581543,0.10456094145774841,
354,11.811812,14,right_shoulder,-0.09266620129346848,-0.29403793811798096,-0.07311321794986725,
354,11.811812,15,right_elbow,-0.13287825882434845,-0.3081299364566803,-0.23568733036518097,
354,11.811812,16,right_wrist,-0.14469797909259796,-0.4389619827270508,-0.30420252680778503,
355,11.845179,0,hip_center,0.000398414209485054,0.0005655525019392371,4.887073737336323e-05,
355,11.845179,1,right_hip,-0.0234173983335495,0.0025427164509892464,-0.0677323192358017,
355,11.845179,2,right_knee,-0.022884754464030266,0.2538681924343109,-0.040267638862133026,
355,11.845179,3,right_ankle,-0.19457924365997314,0.42231136560440063,-0.017409898340702057,
355,11.845179,4,left_hip,0.024212103337049484,-0.0014114357763901353,0.06783024221658707,
355,11.845179,5,left_knee,0.021839207038283348,0.2419535517692566,0.10675286501646042,
355,11.845179,6,left_ankle,0.019308224320411682,0.4790412485599518,0.11592321842908859,
355,11.845179,7,spine,-0.023640312254428864,-0.14660131931304932,0.005492089316248894,
355,11.845179,8,thorax,-0.047598108649253845,-0.2937866449356079,0.011057710275053978,
355,11.845179,9,neck,-0.0397578701376915,-0.3421221673488617,0.007035999558866024,
355,11.845179,10,head,-0.03256973624229431,-0.39062315225601196,0.003282984020188451,
355,11.845179,11,left_shoulder,-0.0030124224722385406,-0.28932011127471924,0.09513784945011139,
355,11.845179,12,left_elbow,0.03207765519618988,-0.2509387731552124,0.24364234507083893,
355,11.845179,13,left_wrist,0.003303768113255501,-0.306666761636734,0.10265076160430908,
355,11.845179,14,right_shoulder,-0.09155455231666565,-0.29458996653556824,-0.07362312823534012,
355,11.845179,15,right_elbow,-0.13441485166549683,-0.3097982108592987,-0.2354181706905365,
355,11.845179,16,right_wrist,-0.14627008140087128,-0.44162601232528687,-0.3019910752773285,
356,11.878545,0,hip_center,0.0003646983823273331,0.0006072621908970177,4.469328632694669e-05,
356,11.878545,1,right_hip,-0.023579515516757965,0.002534516155719757,-0.06769268214702606,
356,11.878545,2,right_knee,-0.024176575243473053,0.2537773847579956,-0.039483629167079926,
356,11.878545,3,right_ankle,-0.19550219178199768,0.42248061299324036,-0.015791311860084534,
356,11.878545,4,left_hip,0.024306681007146835,-0.0013197963126003742,0.06778229773044586,
356,11.878545,5,left_knee,0.021669626235961914,0.24204325675964355,0.10670013725757599,
356,11.878545,6,left_ankle,0.01923142746090889,0.4791232943534851,0.11609159409999847,
356,11.878545,7,spine,-0.023299667984247208,-0.1466233879327774,0.005402764771133661,
356,11.878545,8,thorax,-0.04688543081283569,-0.2938728332519531,0.010859981179237366,
356,11.878545,9,neck,-0.03912957385182381,-0.3422274589538574,0.006904826499521732,
356,11.878545,10,head,-0.03183017671108246,-0.3907109498977661,0.0031405407935380936,
356,11.878545,11,left_shoulder,-0.002832673490047455,-0.2898476719856262,0.09524277597665787,
356,11.878545,12,left_elbow,0.0223305094987154,-0.25969094038009644,0.24760881066322327,
356,11.878545,13,left_wrist,-0.00498860701918602,-0.31413793563842773,0.10582953691482544,
356,11.878545,14,right_shoulder,-0.09050008654594421,-0.2952691316604614,-0.07398972660303116,
356,11.878545,15,right_elbow,-0.13517387211322784,-0.31368768215179443,-0.2349584996700287,
356,11.878545,16,right_wrist,-0.14631085097789764,-0.44638991355895996,-0.29989805817604065,
357,11.911912,0,hip_center,0.0003456752165220678,0.0006443941383622587,3.209140049875714e-05,
357,11.911912,1,right_hip,-0.023855164647102356,0.0025349536444991827,-0.0676150694489479,
357,11.911912,2,right_knee,-0.025576259940862656,0.25371554493904114,-0.03890172019600868,
357,11.911912,3,right_ankle,-0.19626788794994354,0.42292752861976624,-0.014279533177614212,
357,11.911912,4,left_hip,0.024543697014451027,-0.0012459615245461464,0.06767968833446503,
357,11.911912,5,left_knee,0.021659499034285545,0.24213548004627228,0.10646477341651917,
357,11.911912,6,left_ankle,0.01930263824760914,0.47920021414756775,0.11625456809997559,
357,11.911912,7,spine,-0.023101545870304108,-0.14662599563598633,0.005250674672424793,
357,11.911912,8,thorax,-0.04648005962371826,-0.2939142882823944,0.010549072176218033,
357,11.911912,9,neck,-0.03876863420009613,-0.3422662615776062,0.006476451177150011,
357,11.911912,10,head,-0.031176432967185974,-0.3906853199005127,0.0024697110056877136,
357,11.911912,11,left_shoulder,-0.002863902598619461,-0.29084011912345886,0.09519825875759125,
357,11.911912,12,left_elbow,0.009174159727990627,-0.2756654918193817,0.2513483166694641,
357,11.911912,13,left_wrist,-0.014646322466433048,-0.325560599565506,0.10728153586387634,
357,11.911912,14,right_shoulder,-0.08992783725261688,-0.2961752414703369,-0.07436758279800415,
357,11.911912,15,right_elbow,-0.13503316044807434,-0.3217420279979706,-0.23423558473587036,
357,11.911912,16,right_wrist,-0.14495669305324554,-0.453864187002182,-0.30054038763046265,
358,11.945279,0,hip_center,0.0003434129757806659,0.0006763214478269219,1.7644000763539225e-05,
358,11.945279,1,right_hip,-0.024211259558796883,0.002546949777752161,-0.06750243157148361,
358,11.945279,2,right_knee,-0.027015255764126778,0.2536836862564087,-0.03849251568317413,
358,11.945279,3,right_ankle,-0.19685223698616028,0.4236031472682953,-0.01285380870103836,
358,11.945279,4,left_hip,0.024894602596759796,-0.001194114563986659,0.06753841787576675,
358,11.945279,5,left_knee,0.021794315427541733,0.24222806096076965,0.10605015605688095,
358,11.945279,6,left_ankle,0.019542574882507324,0.4792690873146057,0.11642172932624817,
358,11.945279,7,spine,-0.023096254095435143,-0.14660392701625824,0.004986480809748173,
358,11.945279,8,thorax,-0.046481676399707794,-0.29390043020248413,0.01001918874680996,
358,11.945279,9,neck,-0.03878729045391083,-0.3422377407550812,0.005745227448642254,
358,11.945279,10,head,-0.03077157400548458,-0.3905562460422516,0.0013668155297636986,
358,11.945279,11,left_shoulder,-0.0029524564743041992,-0.29217424988746643,0.09475129842758179,
358,11.945279,12,left_elbow,-0.0019829783122986555,-0.29557350277900696,0.2520584166049957,
358,11.945279,13,left_wrist,-0.02274278551340103,-0.3383548855781555,0.10525596141815186,
358,11.945279,14,right_shoulder,-0.09016281366348267,-0.2971399426460266,-0.07474591583013535,
358,11.945279,15,right_elbow,-0.13509134948253632,-0.3299931287765503,-0.2333272099494934,
358,11.945279,16,right_wrist,-0.14330369234085083,-0.46050846576690674,-0.30296462774276733,
359,11.978645,0,hip_center,0.00035891850711777806,0.0007033847505226731,3.725474925886374e-06,
359,11.978645,1,right_hip,-0.02463589236140251,0.00257320050150156,-0.06735468655824661,
359,11.978645,2,right_knee,-0.02844766154885292,0.25368574261665344,-0.03825037181377411,
359,11.978645,3,right_ankle,-0.19726084172725677,0.4244552254676819,-0.011520840227603912,
359,11.978645,4,left_hip,0.025349877774715424,-0.0011662712786346674,0.06736300140619278,
359,11.978645,5,left_knee,0.02205706760287285,0.24231256544589996,0.10549882799386978,
359,11.978645,6,left_ankle,0.01992662623524666,0.479322612285614,0.11657984554767609,
359,11.978645,7,spine,-0.023292306810617447,-0.14655430614948273,0.004626254551112652,
359,11.978645,8,thorax,-0.04690322279930115,-0.2938266396522522,0.009300783276557922,
359,11.978645,9,neck,-0.03919506072998047,-0.3421393632888794,0.004780852235853672,
359,11.978645,10,head,-0.03064388781785965,-0.39032214879989624,-5.607958883047104e-05,
359,11.978645,11,left_shoulder,-0.0029632411897182465,-0.2938341200351715,0.09383824467658997,
359,11.978645,12,left_elbow,-0.009492934681475163,-0.31570497155189514,0.24952077865600586,
359,11.978645,13,left_wrist,-0.027956482023000717,-0.3499501943588257,0.10019382834434509,
359,11.978645,14,right_shoulder,-0.09135884046554565,-0.2980918288230896,-0.07501509040594101,
359,11.978645,15,right_elbow,-0.13587652146816254,-0.33654487133026123,-0.23244911432266235,
359,11.978645,16,right_wrist,-0.1419079452753067,-0.46463924646377563,-0.30665501952171326,
360,12.012012,0,hip_center,0.0003942116745747626,0.0007328424835577607,-1.1487279152788687e-05,
360,12.012012,1,right_hip,-0.025085417553782463,0.0026275422424077988,-0.06718730926513672,
360,12.012012,2,right_knee,-0.029851574450731277,0.25373348593711853,-0.03816675394773483,
360,12.012012,3,right_ankle,-0.1975148320198059,0.4254659414291382,-0.010389484465122223,
360,12.012012,4,left_hip,0.02587042562663555,-0.0011617396958172321,0.06716505438089371,
360,12.012012,5,left_knee,0.022440388798713684,0.24239391088485718,0.10479496419429779,
360,12.012012,6,left_ankle,0.020464353263378143,0.47936779260635376,0.11665094643831253,
360,12.012012,7,spine,-0.023698778823018074,-0.14646878838539124,0.004086051601916552,
360,12.012012,8,thorax,-0.04775962978601456,-0.2936844229698181,0.008221832104027271,
360,12.012012,9,neck,-0.04029303044080734,-0.34201765060424805,0.0035191583447158337,
360,12.012012,10,head,-0.031436897814273834,-0.3901032507419586,-0.0017194459214806557,
360,12.012012,11,left_shoulder,-0.002752494066953659,-0.2957831621170044,0.09216976910829544,
360,12.012012,12,left_elbow,0.0019604237750172615,-0.32891330122947693,0.24591699242591858,
360,12.012012,13,left_wrist,-0.01963043212890625,-0.3513822853565216,0.09478408098220825,
360,12.012012,14,right_shoulder,-0.0937279686331749,-0.29901278018951416,-0.0752178356051445,
360,12.012012,15,right_elbow,-0.1379130631685257,-0.3399687707424164,-0.23211339116096497,
360,12.012012,16,right_wrist,-0.14149224758148193,-0.4643438458442688,-0.3125440776348114,
361,12.045379,0,hip_center,0.0004453661385923624,0.0007604485144838691,-2.284892980242148e-05,
361,12.045379,1,right_hip,-0.025562645867466927,0.002692527137696743,-0.0669948011636734,
361,12.045379,2,right_knee,-0.031223397701978683,0.25380316376686096,-0.03817639499902725,
361,12.045379,3,right_ankle,-0.19763901829719543,0.42656639218330383,-0.009309666231274605,
361,12.045379,4,left_hip,0.026451250538229942,-0.0011715228902176023,0.06694935262203217,
361,12.045379,5,left_knee,0.02292025461792946,0.2424692064523697,0.1040148138999939,
361,12.045379,6,left_ankle,0.02112121880054474,0.4793992042541504,0.11674396693706512,
361,12.045379,7,spine,-0.02420337125658989,-0.14636586606502533,0.003422154812142253,
361,12.045379,8,thorax,-0.04882684350013733,-0.2935057282447815,0.006888124160468578,
361,12.045379,9,neck,-0.041868921369314194,-0.34190604090690613,0.002096213400363922,
361,12.045379,10,head,-0.03304344415664673,-0.3899655044078827,-0.003426406066864729,
361,12.045379,11,left_shoulder,-0.002445608377456665,-0.2980104088783264,0.08998921513557434,
361,12.045379,12,left_elbow,0.023211438208818436,-0.3377625346183777,0.24005421996116638,
361,12.045379,13,left_wrist,-0.005613256245851517,-0.3498125970363617,0.08893801271915436,
361,12.045379,14,right_shoulder,-0.09668504446744919,-0.29979535937309265,-0.07541432231664658,
361,12.045379,15,right_elbow,-0.14090943336486816,-0.3405495285987854,-0.2323513627052307,
361,12.045379,16,right_wrist,-0.14189477264881134,-0.4611595869064331,-0.31839385628700256,
362,12.078745,0,hip_center,0.000501011498272419,0.0007811809191480279,-3.222343002562411e-05,
362,12.078745,1,right_hip,-0.026061858981847763,0.0027541383169591427,-0.06678485125303268,
362,12.078745,2,right_knee,-0.03262674808502197,0.2538682222366333,-0.038188688457012177,
362,12.078745,3,right_ankle,-0.19773122668266296,0.4276924133300781,-0.008184736594557762,
362,12.078745,4,left_hip,0.02706354856491089,-0.0011916434159502387,0.06671995669603348,
362,12.078745,5,left_knee,0.023441512137651443,0.24252524971961975,0.10327237844467163,
362,12.078745,6,left_ankle,0.021876437589526176,0.4794079065322876,0.1168825700879097,
362,12.078745,7,spine,-0.024706639349460602,-0.1462659388780594,0.0026689632795751095,
362,12.078745,8,thorax,-0.04990023374557495,-0.2933253049850464,0.00537005765363574,
362,12.078745,9,neck,-0.04333839192986488,-0.34177371859550476,0.0005060611292719841,
362,12.078745,10,head,-0.0344824343919754,-0.389801561832428,-0.0052382005378603935,
362,12.078745,11,left_shoulder,-0.0020529665052890778,-0.30030032992362976,0.08746323734521866,
362,12.078745,12,left_elbow,0.046445731073617935,-0.3416898548603058,0.23131316900253296,
362,12.078745,13,left_wrist,0.008428867906332016,-0.3475838899612427,0.08187371492385864,
362,12.078745,14,right_shoulder,-0.09973479807376862,-0.3003786504268646,-0.07568810135126114,
362,12.078745,15,right_elbow,-0.1445053517818451,-0.3383580148220062,-0.23316538333892822,
362,12.078745,16,right_wrist,-0.14306963980197906,-0.4563818871974945,-0.3227163255214691,
363,12.112112,0,hip_center,0.0005428122822195292,0.0007940068608149886,-3.4805823815986514e-05,
363,12.112112,1,right_hip,-0.026586901396512985,0.002825704403221607,-0.06655730307102203,
363,12.112112,2,right_knee,-0.03412919119000435,0.2539355456829071,-0.038165777921676636,
363,12.112112,3,right_ankle,-0.1979118436574936,0.42878639698028564,-0.006908804178237915,
363,12.112112,4,left_hip,0.027673687785863876,-0.0012374756624922156,0.06648663431406021,
363,12.112112,5,left_knee,0.023952901363372803,0.24253234267234802,0.10267443209886551,
363,12.112112,6,left_ankle,0.02269120328128338,0.47937217354774475,0.11704030632972717,
363,12.112112,7,spine,-0.025106746703386307,-0.14618900418281555,0.0018814197974279523,
363,12.112112,8,thorax,-0.05075227469205856,-0.2931828498840332,0.0037742718122899532,
363,12.112112,9,neck,-0.04419685900211334,-0.34159722924232483,-0.001425676979124546,
363,12.112112,10,head,-0.034904174506664276,-0.3894784450531006,-0.0076813483610749245,
363,12.112112,11,left_shoulder,-0.0013883821666240692,-0.3026019036769867,0.08471739292144775,
363,12.112112,12,left_elbow,0.07081638276576996,-0.3410321772098541,0.219133198261261,
363,12.112112,13,left_wrist,0.0228523388504982,-0.34361326694488525,0.0724874883890152,
363,12.112112,14,right_shoulder,-0.10258810222148895,-0.30095893144607544,-0.07595176249742508,
363,12.112112,15,right_elbow,-0.14868104457855225,-0.3372454047203064,-0.23344674706459045,
363,12.112112,16,right_wrist,-0.1448812037706375,-0.45182985067367554,-0.3272925317287445,
364,12.145479,0,hip_center,0.0006496516871266067,0.000795767642557621,-3.045534140255768e-05,
364,12.145479,1,right_hip,-0.02688174694776535,0.0029443001840263605,-0.06638403981924057,
364,12.145479,2,right_knee,-0.0359579399228096,0.2538613975048065,-0.036764197051525116,
364,12.145479,3,right_ankle,-0.19858267903327942,0.4294125437736511,-0.0034541189670562744,
364,12.145479,4,left_hip,0.028185417875647545,-0.0013523034285753965,0.0663207471370697,
364,12.145479,5,left_knee,0.02429613098502159,0.24233730137348175,0.10302728414535522,
364,12.145479,6,left_ankle,0.023593908175826073,0.4792346954345703,0.11645136773586273,
364,12.145479,7,spine,-0.02492029406130314,-0.14620830118656158,0.001218685181811452,
364,12.145479,8,thorax,-0.050484444946050644,-0.2932235598564148,0.0024263220839202404,
364,12.145479,9,neck,-0.04324479401111603,-0.3415117561817169,-0.003032822161912918,
364,12.145479,10,head,-0.0328405499458313,-0.3891144394874573,-0.009653749875724316,
364,12.145479,11,left_shoulder,0.00041294097900390625,-0.30410733819007874,0.08222795277833939,
364,12.145479,12,left_elbow,0.11501851677894592,-0.3270856440067291,0.18756353855133057,
364,12.145479,13,left_wrist,0.048928938806056976,-0.3305646479129791,0.048163965344429016,
364,12.145479,14,right_shoulder,-0.10402610152959824,-0.30118438601493835,-0.07614577561616898,
364,12.145479,15,right_elbow,-0.15320375561714172,-0.3359314799308777,-0.2330538034439087,
364,12.145479,16,right_wrist,-0.14693547785282135,-0.44830450415611267,-0.3294077217578888,
365,12.178846,0,hip_center,0.0007459972985088825,0.0007991992169991136,-3.561175981303677e-05,
365,12.178846,1,right_hip,-0.027123184874653816,0.0030545368790626526,-0.06624448299407959,
365,12.178846,2,right_knee,-0.03755470737814903,0.25379306077957153,-0.03557712584733963,
365,12.178846,3,right_ankle,-0.199232816696167,0.4298582673072815,-0.00042316317558288574,
365,12.178846,4,left_hip,0.028622020035982132,-0.0014555180678144097,0.06616981327533722,
365,12.178846,5,left_knee,0.024664953351020813,0.24213449656963348,0.10352455079555511,
365,12.178846,6,left_ankle,0.024550441652536392,0.47909167408943176,0.11586808413267136,
365,12.178846,7,spine,-0.024508066475391388,-0.14626401662826538,0.0004400935140438378,
365,12.178846,8,thorax,-0.04975343495607376,-0.29333871603012085,0.0008521839044988155,
365,12.178846,9,neck,-0.041695017367601395,-0.3414493501186371,-0.005012576002627611,
365,12.178846,10,head,-0.030127357691526413,-0.3887122869491577,-0.01211912278085947,
365,12.178846,11,left_shoulder,0.0030722320079803467,-0.3050500750541687,0.07927154004573822,
365,12.178846,12,left_elbow,0.14338912069797516,-0.2976668179035187,0.15008598566055298,
365,12.178846,13,left_wrist,0.06630078703165054,-0.31097686290740967,0.01707318425178528,
365,12.178846,14,right_shoulder,-0.1051645502448082,-0.30124884843826294,-0.07641810923814774,
365,12.178846,15,right_elbow,-0.15797968208789825,-0.333306223154068,-0.23271530866622925,
365,12.178846,16,right_wrist,-0.14943762123584747,-0.4442829191684723,-0.3305021822452545,
366,12.212212,0,hip_center,0.0008313015569001436,0.0007998272776603699,-4.7067878767848015e-05,
366,12.212212,1,right_hip,-0.027235358953475952,0.003156438237056136,-0.06616893410682678,
366,12.212212,2,right_knee,-0.03863220661878586,0.25373709201812744,-0.03456908464431763,
366,12.212212,3,right_ankle,-0.19970494508743286,0.43007370829582214,0.001976069062948227,
366,12.212212,4,left_hip,0.028906116262078285,-0.0015560865867882967,0.06607078015804291,
366,12.212212,5,left_knee,0.025063438341021538,0.24192208051681519,0.10415950417518616,
366,12.212212,6,left_ankle,0.02551415003836155,0.4789372682571411,0.115324966609478,
366,12.212212,7,spine,-0.023969516158103943,-0.1463409960269928,-0.00032588420435786247,
366,12.212212,8,thorax,-0.04876351356506348,-0.2934926152229309,-0.0006884426693432033,
366,12.212212,9,neck,-0.03984805941581726,-0.3414050340652466,-0.00692386319860816,
366,12.212212,10,head,-0.027207834646105766,-0.38832980394363403,-0.014433253556489944,
366,12.212212,11,left_shoulder,0.005897115916013718,-0.30556225776672363,0.07640787959098816,
366,12.212212,12,left_elbow,0.15252144634723663,-0.27478161454200745,0.1244899183511734,
366,12.212212,13,left_wrist,0.07472416758537292,-0.29610058665275574,-0.007059529423713684,
366,12.212212,14,right_shoulder,-0.10581298172473907,-0.30127349495887756,-0.07677046954631805,
366,12.212212,15,right_elbow,-0.1618548333644867,-0.3298136591911316,-0.23262521624565125,
366,12.212212,16,right_wrist,-0.1514495462179184,-0.44063955545425415,-0.33040258288383484,
367,12.245579,0,hip_center,0.0008994573727250099,0.0007949463906697929,-6.0007485444657505e-05,
367,12.245579,1,right_hip,-0.027137450873851776,0.003244825406000018,-0.06619109958410263,
367,12.245579,2,right_knee,-0.03897193446755409,0.2536894679069519,-0.033686812967061996,
367,12.245579,3,right_ankle,-0.19988539814949036,0.4300137162208557,0.003612041473388672,
367,12.245579,4,left_hip,0.028944123536348343,-0.0016542572993785143,0.06606724113225937,
367,12.245579,5,left_knee,0.025489062070846558,0.24170202016830444,0.10496340692043304,
367,12.245579,6,left_ankle,0.026457812637090683,0.4787723422050476,0.11485325545072556,
367,12.245579,7,spine,-0.023323114961385727,-0.14643922448158264,-0.0010314587270841002,
367,12.245579,8,thorax,-0.04753600060939789,-0.29368412494659424,-0.002102028578519821,
367,12.245579,9,neck,-0.037820763885974884,-0.34141021966934204,-0.00856737606227398,
367,12.245579,10,head,-0.02429874613881111,-0.38805586099624634,-0.016277072951197624,
367,12.245579,11,left_shoulder,0.008339375257492065,-0.30571383237838745,0.07412481307983398,
367,12.245579,12,left_elbow,0.1543474793434143,-0.2618560791015625,0.11306269466876984,
367,12.245579,13,left_wrist,0.07864013314247131,-0.2903839647769928,-0.018340229988098145,
367,12.245579,14,right_shoulder,-0.1055697500705719,-0.30131977796554565,-0.07745081186294556,
367,12.245579,15,right_elbow,-0.16368521749973297,-0.32564738392829895,-0.2332606166601181,
367,12.245579,16,right_wrist,-0.1520998775959015,-0.43809664249420166,-0.32903122901916504,
368,12.278946,0,hip_center,0.0009439365239813924,0.0007777577266097069,-7.459727203240618e-05,
368,12.278946,1,right_hip,-0.026802288368344307,0.0033032731153070927,-0.06632533669471741,
368,12.278946,2,right_knee,-0.03843752294778824,0.2536342442035675,-0.03288699686527252,
368,12.278946,3,right_ankle,-0.19967681169509888,0.4296451807022095,0.004484333097934723,
368,12.278946,4,left_hip,0.028695914894342422,-0.0017472435720264912,0.06617316603660583,
368,12.278946,5,left_knee,0.02596157044172287,0.24147234857082367,0.10597109794616699,
368,12.278946,6,left_ankle,0.027376415207982063,0.47859328985214233,0.11450034379959106,
368,12.278946,7,spine,-0.022574465721845627,-0.14656518399715424,-0.0016628364101052284,
368,12.278946,8,thorax,-0.04607367515563965,-0.29391980171203613,-0.0033599105663597584,
368,12.278946,9,neck,-0.03560389578342438,-0.34147822856903076,-0.009882612153887749,
368,12.278946,10,head,-0.02134576253592968,-0.3879081904888153,-0.017567837610840797,
368,12.278946,11,left_shoulder,0.01002591848373413,-0.3056653141975403,0.07274647802114487,
368,12.278946,12,left_elbow,0.15371543169021606,-0.25709468126296997,0.11460626125335693,
368,12.278946,13,left_wrist,0.07578723877668381,-0.2957759499549866,-0.01284228265285492,
368,12.278946,14,right_shoulder,-0.10414937138557434,-0.30138733983039856,-0.07869323343038559,
368,12.278946,15,right_elbow,-0.16305530071258545,-0.320955365896225,-0.23487618565559387,
368,12.278946,16,right_wrist,-0.1507142335176468,-0.4367927312850952,-0.3264210820198059,
369,12.312312,0,hip_center,0.0009603452053852379,0.0007571010501123965,-7.743504102109e-05,
369,12.312312,1,right_hip,-0.026221441105008125,0.003363977186381817,-0.0665586069226265,
369,12.312312,2,right_knee,-0.037247903645038605,0.2535874545574188,-0.03212396427989006,
369,12.312312,3,right_ankle,-0.19917434453964233,0.42906761169433594,0.004769280552864075,
369,12.312312,4,left_hip,0.02814502827823162,-0.0018494711257517338,0.06640199571847916,
369,12.312312,5,left_knee,0.026479987427592278,0.24121244251728058,0.10720956325531006,
369,12.312312,6,left_ankle,0.028254350647330284,0.47838103771209717,0.11420875787734985,
369,12.312312,7,spine,-0.021883096545934677,-0.1466853767633438,-0.0021921114530414343,
369,12.312312,8,thorax,-0.04469521716237068,-0.29414084553718567,-0.004419251345098019,
369,12.312312,9,neck,-0.033546313643455505,-0.34155452251434326,-0.010869969613850117,
369,12.312312,10,head,-0.01869169808924198,-0.38782671093940735,-0.018374942243099213,
369,12.312312,11,left_shoulder,0.011107772588729858,-0.3054773509502411,0.07196669280529022,
369,12.312312,12,left_elbow,0.1533728390932083,-0.25681373476982117,0.11834049969911575,
369,12.312312,13,left_wrist,0.07287649065256119,-0.30219677090644836,-0.005243048071861267,
369,12.312312,14,right_shoulder,-0.10235503315925598,-0.30146434903144836,-0.08008542656898499,
369,12.312312,15,right_elbow,-0.16139768064022064,-0.31684163212776184,-0.23668502271175385,
369,12.312312,16,right_wrist,-0.1481819599866867,-0.43547505140304565,-0.3244490325450897,
370,12.345679,0,hip_center,0.0009402420837432146,0.0007336067501455545,-5.415749183157459e-05,
370,12.345679,1,right_hip,-0.02532169595360756,0.0034388930071145296,-0.06690013408660889,
370,12.345679,2,right_knee,-0.03565271198749542,0.2535194158554077,-0.031233511865139008,
370,12.345679,3,right_ankle,-0.19850073754787445,0.42835935950279236,0.004628479480743408,
370,12.345679,4,left_hip,0.027206651866436005,-0.001971544697880745,0.06678948551416397,
370,12.345679,5,left_knee,0.027044812217354774,0.24091695249080658,0.10864970088005066,
370,12.345679,6,left_ankle,0.029074283316731453,0.4781274199485779,0.11395625025033951,
370,12.345679,7,spine,-0.021299850195646286,-0.14679382741451263,-0.002626007189974189,
370,12.345679,8,thorax,-0.0434974804520607,-0.2943354845046997,-0.005309624597430229,
370,12.345679,9,neck,-0.03178821876645088,-0.34163698554039,-0.011588683351874352,
370,12.345679,10,head,-0.016468707472085953,-0.3878023624420166,-0.018811650574207306,
370,12.345679,11,left_shoulder,0.010943353176116943,-0.30528154969215393,0.07210925221443176,
370,12.345679,12,left_elbow,0.15381161868572235,-0.26246407628059387,0.1222425252199173,
370,12.345679,13,left_wrist,0.07004020363092422,-0.31132790446281433,0.0022139772772789,
370,12.345679,14,right_shoulder,-0.09976956248283386,-0.30163636803627014,-0.08201561868190765,
370,12.345679,15,right_elbow,-0.1587885618209839,-0.31442636251449585,-0.23885664343833923,
370,12.345679,16,right_wrist,-0.14394930005073547,-0.43487605452537537,-0.3238433003425598,
371,12.379046,0,hip_center,0.0008341830689460039,0.000708678737282753,2.3137083189794794e-05,
371,12.379046,1,right_hip,-0.023889128118753433,0.003512651426717639,-0.06740303337574005,
371,12.379046,2,right_knee,-0.03357527405023575,0.25337985157966614,-0.03009795770049095,
371,12.379046,3,right_ankle,-0.1975591778755188,0.4275057911872864,0.004019744694232941,
371,12.379046,4,left_hip,0.02555888146162033,-0.0020953656639903784,0.0674482136964798,
371,12.379046,5,left_knee,0.027698766440153122,0.2406477928161621,0.11008977144956589,
371,12.379046,6,left_ankle,0.029868433251976967,0.4778878688812256,0.1137683093547821,
371,12.379046,7,spine,-0.02041834034025669,-0.1469515860080719,-0.00319411838427186,
371,12.379046,8,thorax,-0.04159969091415405,-0.29462921619415283,-0.00653150724247098,
371,12.379046,9,neck,-0.029835201799869537,-0.34197676181793213,-0.012343055568635464,
371,12.379046,10,head,-0.014632758684456348,-0.38827237486839294,-0.01895371451973915,
371,12.379046,11,left_shoulder,0.008323390036821365,-0.3051441013813019,0.07393231242895126,
371,12.379046,12,left_elbow,0.15294285118579865,-0.27576887607574463,0.12852472066879272,
371,12.379046,13,left_wrist,0.06453254818916321,-0.3241100609302521,0.011653333902359009,
371,12.379046,14,right_shoulder,-0.09317624568939209,-0.30220508575439453,-0.08644473552703857,
371,12.379046,15,right_elbow,-0.1485385000705719,-0.31325197219848633,-0.24474483728408813,
371,12.379046,16,right_wrist,-0.1325591653585434,-0.43590766191482544,-0.32630041241645813,
372,12.412412,0,hip_center,0.0006300245295278728,0.000691387162078172,0.00016246964514721185,
372,12.412412,1,right_hip,-0.021889016032218933,0.003630229504778981,-0.0680258572101593,
372,12.412412,2,right_knee,-0.031053241342306137,0.2532220184803009,-0.028794996440410614,
372,12.412412,3,right_ankle,-0.19633573293685913,0.4265289008617401,0.0031580850481987,
372,12.412412,4,left_hip,0.02313387766480446,-0.0022477961611002684,0.06835523247718811,
372,12.412412,5,left_knee,0.02846626006066799,0.2403479367494583,0.11155247688293457,
372,12.412412,6,left_ankle,0.03064250573515892,0.4776073694229126,0.11362935602664948,
372,12.412412,7,spine,-0.01943531259894371,-0.14712148904800415,-0.0036209803074598312,
372,12.412412,8,thorax,-0.03938627243041992,-0.29495638608932495,-0.007527897134423256,
372,12.412412,9,neck,-0.0278819240629673,-0.3424261510372162,-0.012841732241213322,
372,12.412412,10,head,-0.013219458051025867,-0.3889819383621216,-0.01881426014006138,
372,12.412412,11,left_shoulder,0.004733532667160034,-0.3048563301563263,0.07633351534605026,
372,12.412412,12,left_elbow,0.1402823030948639,-0.3095281422138214,0.15610024333000183,
372,12.412412,13,left_wrist,0.053466759622097015,-0.3435814082622528,0.0331546813249588,
372,12.412412,14,right_shoulder,-0.08455691486597061,-0.30266273021698,-0.09121710807085037,
372,12.412412,15,right_elbow,-0.12946388125419617,-0.31302541494369507,-0.2528398633003235,
372,12.412412,16,right_wrist,-0.11165179312229156,-0.4378451108932495,-0.3306463062763214,
373,12.445779,0,hip_center,0.0004137905780225992,0.0006850552163086832,0.00030163078918121755,
373,12.445779,1,right_hip,-0.01990433596074581,0.0037672182079404593,-0.06856829673051834,
373,12.445779,2,right_knee,-0.02838784083724022,0.2531045973300934,-0.027604959905147552,
373,12.445779,3,right_ankle,-0.19502843916416168,0.4254966974258423,0.002168271690607071,
373,12.445779,4,left_hip,0.02069266326725483,-0.0023976510856300592,0.06918253749608994,
373,12.445779,5,left_knee,0.02938157692551613,0.23997804522514343,0.113064706325531,
373,12.445779,6,left_ankle,0.03137259557843208,0.477247953414917,0.11340056359767914,
373,12.445779,7,spine,-0.01854725368320942,-0.14726001024246216,-0.003977879881858826,
373,12.445779,8,thorax,-0.03735490143299103,-0.29523083567619324,-0.00837989803403616,
373,12.445779,9,neck,-0.026218924671411514,-0.34282493591308594,-0.013355519622564316,
373,12.445779,10,head,-0.012191823683679104,-0.38963010907173157,-0.01888863742351532,
373,12.445779,11,left_shoulder,0.0015110261738300323,-0.3045874834060669,0.07810244709253311,
373,12.445779,12,left_elbow,0.019823260605335236,-0.42538219690322876,0.17725548148155212,
373,12.445779,13,left_wrist,-0.005211645737290382,-0.3923860788345337,0.028605937957763672,
373,12.445779,14,right_shoulder,-0.07665225863456726,-0.30286693572998047,-0.09498859941959381,
373,12.445779,15,right_elbow,-0.11121198534965515,-0.3143790066242218,-0.25905880331993103,
373,12.445779,16,right_wrist,-0.09287098795175552,-0.44031310081481934,-0.3349223732948303,
374,12.479146,0,hip_center,0.00025084352819249034,0.0006824654992669821,0.00041855068411678076,
374,12.479146,1,right_hip,-0.018339848145842552,0.0038948361761868,-0.0689317062497139,
374,12.479146,2,right_knee,-0.02585040032863617,0.25306180119514465,-0.026759177446365356,
374,12.479146,3,right_ankle,-0.19378024339675903,0.42453163862228394,0.001030106097459793,
374,12.479146,4,left_hip,0.018784845247864723,-0.002530505880713463,0.06978340446949005,
374,12.479146,5,left_knee,0.03041502833366394,0.23956359922885895,0.11453055590391159,
374,12.479146,6,left_ankle,0.03206899017095566,0.4768315553665161,0.11302335560321808,
374,12.479146,7,spine,-0.01777607575058937,-0.14736449718475342,-0.0043469020165503025,
374,12.479146,8,thorax,-0.03562410920858383,-0.2954389452934265,-0.009233146905899048,
374,12.479146,9,neck,-0.02487701177597046,-0.3431326150894165,-0.014109612442553043,
374,12.479146,10,head,-0.011437171138823032,-0.3901275396347046,-0.019489726051688194,
374,12.479146,11,left_shoulder,-0.0004490874707698822,-0.3045162558555603,0.07884421944618225,
374,12.479146,12,left_elbow,-0.06155713275074959,-0.44623494148254395,0.10949791222810745,
374,12.479146,13,left_wrist,-0.026843100786209106,-0.39101555943489075,-0.030351750552654266,
374,12.479146,14,right_shoulder,-0.07086454331874847,-0.30284106731414795,-0.09759026020765305,
374,12.479146,15,right_elbow,-0.10253939032554626,-0.3172895014286041,-0.2620100975036621,
374,12.479146,16,right_wrist,-0.08079814910888672,-0.4415380358695984,-0.33973199129104614,
375,12.512513,0,hip_center,0.00018039160931948572,0.0006870546494610608,0.0004935408942401409,
375,12.512513,1,right_hip,-0.01742641255259514,0.004030981101095676,-0.069106824696064,
375,12.512513,2,right_knee,-0.02365694008767605,0.253137469291687,-0.02637225016951561,
375,12.512513,3,right_ankle,-0.1927040070295334,0.4237438142299652,-8.287467062473297e-05,
375,12.512513,4,left_hip,0.01772882230579853,-0.0026573454961180687,0.0701080709695816,
375,12.512513,5,left_knee,0.03145440295338631,0.23913359642028809,0.11588884890079498,
375,12.512513,6,left_ankle,0.03268813714385033,0.4763847589492798,0.11250636726617813,
375,12.512513,7,spine,-0.017261642962694168,-0.14741723239421844,-0.004651643801480532,
375,12.512513,8,thorax,-0.034524448215961456,-0.2955482602119446,-0.00991099700331688,
375,12.512513,9,neck,-0.023867860436439514,-0.3432316780090332,-0.015077697113156319,
375,12.512513,10,head,-0.010655758902430534,-0.3902563750743866,-0.020753726363182068,
375,12.512513,11,left_shoulder,-0.0009679384529590607,-0.30445942282676697,0.07881247997283936,
375,12.512513,12,left_elbow,-0.07002684473991394,-0.4458279013633728,0.0807749405503273,
375,12.512513,13,left_wrist,-0.02628438174724579,-0.39039093255996704,-0.05643116682767868,
375,12.512513,14,right_shoulder,-0.06812453269958496,-0.3024515211582184,-0.09894491732120514,
375,12.512513,15,right_elbow,-0.10353408008813858,-0.3205600380897522,-0.2622365951538086,
375,12.512513,16,right_wrist,-0.07561452686786652,-0.4411587715148926,-0.3436461091041565,
376,12.545879,0,hip_center,0.00019407639047130942,0.0006955447606742382,0.0004964836989529431,
376,12.545879,1,right_hip,-0.01724414899945259,0.00416030827909708,-0.06914040446281433,
376,12.545879,2,right_knee,-0.021999593824148178,0.2532989978790283,-0.026403944939374924,
376,12.545879,3,right_ankle,-0.191885307431221,0.4232094883918762,-0.0010300446301698685,
376,12.545879,4,left_hip,0.01758456416428089,-0.0027695149183273315,0.07014473527669907,
376,12.545879,5,left_knee,0.03234715759754181,0.23873630166053772,0.11709292232990265,
376,12.545879,6,left_ankle,0.03316452354192734,0.4759570360183716,0.11192119121551514,
376,12.545879,7,spine,-0.017170393839478493,-0.14741739630699158,-0.004661974497139454,
376,12.545879,8,thorax,-0.03438284620642662,-0.295554518699646,-0.009914692491292953,
376,12.545879,9,neck,-0.023174256086349487,-0.34299522638320923,-0.016055747866630554,
376,12.545879,10,head,-0.009501178748905659,-0.3897438645362854,-0.022816836833953857,
376,12.545879,11,left_shoulder,0.0004767999053001404,-0.3042840361595154,0.07832306623458862,
376,12.545879,12,left_elbow,-0.07603787630796432,-0.4415580630302429,0.0706181526184082,
376,12.545879,13,left_wrist,-0.028951361775398254,-0.3960507810115814,-0.06911058723926544,
376,12.545879,14,right_shoulder,-0.06957709789276123,-0.3015384376049042,-0.09839755296707153,
376,12.545879,15,right_elbow,-0.1094416156411171,-0.32270920276641846,-0.2602881193161011,
376,12.545879,16,right_wrist,-0.07741358876228333,-0.440181165933609,-0.34470146894454956,
377,12.579246,0,hip_center,0.00026182105648331344,0.0007072793669067323,0.0004607360460795462,
377,12.579246,1,right_hip,-0.01749514974653721,0.004274900071322918,-0.0690903514623642,
377,12.579246,2,right_knee,-0.020845791324973106,0.25349554419517517,-0.02669990062713623,
377,12.579246,3,right_ankle,-0.19127492606639862,0.42294812202453613,-0.00191476009786129,
377,12.579246,4,left_hip,0.017984218895435333,-0.002860445762053132,0.07002007961273193,
377,12.579246,5,left_knee,0.03303992375731468,0.23841676115989685,0.11803840845823288,
377,12.579246,6,left_ankle,0.03353455290198326,0.4755982756614685,0.11127341538667679,
377,12.579246,7,spine,-0.0174274705350399,-0.14737261831760406,-0.004540203604847193,
377,12.579246,8,thorax,-0.035001836717128754,-0.29547345638275146,-0.009614945389330387,
377,12.579246,9,neck,-0.022697001695632935,-0.3423917889595032,-0.017439763993024826,
377,12.579246,10,head,-0.008004225790500641,-0.3885156512260437,-0.026089167222380638,
377,12.579246,11,left_shoulder,0.00262451171875,-0.304001122713089,0.07749900221824646,
377,12.579246,12,left_elbow,-0.0768994614481926,-0.43912631273269653,0.06426495313644409,
377,12.579246,13,left_wrist,-0.03194092586636543,-0.4008384048938751,-0.0783006101846695,
377,12.579246,14,right_shoulder,-0.07323050498962402,-0.3002142012119293,-0.0969061404466629,
377,12.579246,15,right_elbow,-0.11569561064243317,-0.32345229387283325,-0.2578490972518921,
377,12.579246,16,right_wrist,-0.08305986225605011,-0.43932828307151794,-0.34421300888061523,
378,12.612613,0,hip_center,0.0003498846781440079,0.0007317113340832293,0.0004203195567242801,
378,12.612613,1,right_hip,-0.017865294590592384,0.004392177332192659,-0.06900734454393387,
378,12.612613,2,right_knee,-0.02009287290275097,0.25371092557907104,-0.027122903615236282,
378,12.612613,3,right_ankle,-0.19077059626579285,0.42299240827560425,-0.002884991466999054,
378,12.612613,4,left_hip,0.01854059286415577,-0.0029285703785717487,0.06985384970903397,
378,12.612613,5,left_knee,0.03348395973443985,0.23821084201335907,0.11859403550624847,
378,12.612613,6,left_ankle,0.03387211263179779,0.47534996271133423,0.110472671687603,
378,12.612613,7,spine,-0.017816439270973206,-0.14729437232017517,-0.00446229986846447,
378,12.612613,8,thorax,-0.03589843586087227,-0.29533860087394714,-0.009403727948665619,
378,12.612613,9,neck,-0.02220567688345909,-0.3414432108402252,-0.019445596262812614,
378,12.612613,10,head,-0.00618630088865757,-0.38658255338668823,-0.030577458441257477,
378,12.612613,11,left_shoulder,0.00484795868396759,-0.30368778109550476,0.07631281018257141,
378,12.612613,12,left_elbow,-0.0648248940706253,-0.4422038197517395,0.049535635858774185,
378,12.612613,13,left_wrist,-0.02568243071436882,-0.3905387222766876,-0.0905027985572815,
378,12.612613,14,right_shoulder,-0.07731284201145172,-0.29886773228645325,-0.09528767317533493,
378,12.612613,15,right_elbow,-0.12168914824724197,-0.32317325472831726,-0.2555559277534485,
378,12.612613,16,right_wrist,-0.08942104876041412,-0.43763983249664307,-0.3439145088195801,
379,12.645979,0,hip_center,0.00044525362318381667,0.0007589066517539322,0.0003765033616218716,
379,12.645979,1,right_hip,-0.01829521544277668,0.004489144776016474,-0.0689074918627739,
379,12.645979,2,right_knee,-0.019778389483690262,0.2539008557796478,-0.027546700090169907,
379,12.645979,3,right_ankle,-0.19032053649425507,0.4233973026275635,-0.0038632582873106003,
379,12.645979,4,left_hip,0.019167756661772728,-0.0029709103982895613,0.06966482102870941,
379,12.645979,5,left_knee,0.03361892327666283,0.23814228177070618,0.11868233978748322,
379,12.645979,6,left_ankle,0.03412822633981705,0.47524547576904297,0.10957783460617065,
379,12.645979,7,spine,-0.018314242362976074,-0.14719590544700623,-0.004422851838171482,
379,12.645979,8,thorax,-0.03701077401638031,-0.29516690969467163,-0.009269733913242817,
379,12.645979,9,neck,-0.021755974739789963,-0.340183824300766,-0.02170897275209427,
379,12.645979,10,head,-0.0042098406702280045,-0.3840021789073944,-0.0354996994137764,
379,12.645979,11,left_shoulder,0.006955765187740326,-0.303263783454895,0.0748651996254921,
379,12.645979,12,left_elbow,-0.03782171383500099,-0.43993207812309265,0.011031202971935272,
379,12.645979,13,left_wrist,-0.016754213720560074,-0.3566761612892151,-0.11717484146356583,
379,12.645979,14,right_shoulder,-0.08162805438041687,-0.2978758215904236,-0.09356457740068436,
379,12.645979,15,right_elbow,-0.1279650330543518,-0.3215634524822235,-0.2533698081970215,
379,12.645979,16,right_wrist,-0.09529245644807816,-0.43427574634552,-0.34381046891212463,
380,12.679346,0,hip_center,0.0005312924040481448,0.0007851117989048362,0.0003441546286921948,
380,12.679346,1,right_hip,-0.01871035061776638,0.004537786357104778,-0.06880111247301102,
380,12.679346,2,right_knee,-0.019916363060474396,0.2540518343448639,-0.028053272515535355,
380,12.679346,3,right_ankle,-0.18985992670059204,0.42420151829719543,-0.004753969609737396,
380,12.679346,4,left_hip,0.019758369773626328,-0.0029670316725969315,0.06949295103549957,
380,12.679346,5,left_knee,0.033435169607400894,0.23824277520179749,0.1182565987110138,
380,12.679346,6,left_ankle,0.03426269441843033,0.47532832622528076,0.10872514545917511,
380,12.679346,7,spine,-0.018905092030763626,-0.14708442986011505,-0.004389277659356594,
380,12.679346,8,thorax,-0.0382891446352005,-0.294969379901886,-0.009161321446299553,
380,12.679346,9,neck,-0.021363630890846252,-0.3387075960636139,-0.023805812001228333,
380,12.679346,10,head,-0.0020234230905771255,-0.3808993995189667,-0.04005102068185806,
380,12.679346,11,left_shoulder,0.00824345275759697,-0.30307188630104065,0.07358146458864212,
380,12.679346,12,left_elbow,0.014274745248258114,-0.4088920056819916,-0.042710185050964355,
380,12.679346,13,left_wrist,-0.06528843194246292,-0.3185587227344513,-0.13925951719284058,
380,12.679346,14,right_shoulder,-0.08563368767499924,-0.2974858283996582,-0.09196120500564575,
380,12.679346,15,right_elbow,-0.13382361829280853,-0.3186001777648926,-0.25157901644706726,
380,12.679346,16,right_wrist,-0.10106738656759262,-0.4300500750541687,-0.3435410261154175,
381,12.712713,0,hip_center,0.0005891430773772299,0.0008158976561389863,0.00033199883182533085,
381,12.712713,1,right_hip,-0.019026141613721848,0.004559842403978109,-0.06870868057012558,
381,12.712713,2,right_knee,-0.020363209769129753,0.25419700145721436,-0.028726212680339813,
381,12.712713,3,right_ankle,-0.1893366128206253,0.42533549666404724,-0.005614042282104492,
381,12.712713,4,left_hip,0.02019178308546543,-0.002927476307377219,0.06937573850154877,
381,12.712713,5,left_knee,0.03298276662826538,0.23848287761211395,0.1173815205693245,
381,12.712713,6,left_ankle,0.03429795429110527,0.4755713939666748,0.10797964781522751,
381,12.712713,7,spine,-0.019528985023498535,-0.14696209132671356,-0.004411906935274601,
381,12.712713,8,thorax,-0.03961217775940895,-0.2947535812854767,-0.0091877281665802,
381,12.712713,9,neck,-0.021033599972724915,-0.33717626333236694,-0.025592520833015442,
381,12.712713,10,head,0.000260818749666214,-0.37757208943367004,-0.043836019933223724,
381,12.712713,11,left_shoulder,0.008289970457553864,-0.303192675113678,0.07273582369089127,
381,12.712713,12,left_elbow,0.06562278419733047,-0.3379073143005371,-0.06962240487337112,
381,12.712713,13,left_wrist,-0.07597877830266953,-0.3848263919353485,-0.109116330742836,
381,12.712713,14,right_shoulder,-0.0885661244392395,-0.2977279722690582,-0.091031014919281,
381,12.712713,15,right_elbow,-0.13873808085918427,-0.3147108256816864,-0.2505311369895935,
381,12.712713,16,right_wrist,-0.10661718994379044,-0.4258371591567993,-0.34310680627822876,
382,12.746079,0,hip_center,0.0006023328169248998,0.00085117993876338,0.00034872963442467153,
382,12.746079,1,right_hip,-0.019145213067531586,0.004559712018817663,-0.06865614652633667,
382,12.746079,2,right_knee,-0.02092215232551098,0.2543473243713379,-0.029641978442668915,
382,12.746079,3,right_ankle,-0.18869592249393463,0.4266759753227234,-0.00663403794169426,
382,12.746079,4,left_hip,0.02033912017941475,-0.002856821520254016,0.06935615837574005,
382,12.746079,5,left_knee,0.0322592630982399,0.23884844779968262,0.11608520150184631,
382,12.746079,6,left_ankle,0.034253623336553574,0.47596001625061035,0.10741293430328369,
382,12.746079,7,spine,-0.01989913545548916,-0.14686420559883118,-0.004694454837590456,
382,12.746079,8,thorax,-0.040379032492637634,-0.29459133744239807,-0.009767522104084492,
382,12.746079,9,neck,-0.02038978412747383,-0.3358883857727051,-0.027344483882188797,
382,12.746079,10,head,0.002826498821377754,-0.37452858686447144,-0.04699235409498215,
382,12.746079,11,left_shoulder,0.006637636572122574,-0.30372923612594604,0.07259286940097809,
382,12.746079,12,left_elbow,0.06036977469921112,-0.29995790123939514,-0.07524710893630981,
382,12.746079,13,left_wrist,-0.055484071373939514,-0.3958866596221924,-0.10971066355705261,
382,12.746079,14,right_shoulder,-0.08867285400629044,-0.29861271381378174,-0.09195750951766968,
382,12.746079,15,right_elbow,-0.14180058240890503,-0.3104179799556732,-0.25096699595451355,
382,12.746079,16,right_wrist,-0.11162722855806351,-0.42286360263824463,-0.3426000475883484,
383,12.779446,0,hip_center,0.0005888021551072598,0.0008828934514895082,0.00037292647175490856,
383,12.779446,1,right_hip,-0.019142713397741318,0.004521765746176243,-0.06864025443792343,
383,12.779446,2,right_knee,-0.02150549180805683,0.25447410345077515,-0.03072788193821907,
383,12.779446,3,right_ankle,-0.1880006492137909,0.42805033922195435,-0.007809929549694061,
383,12.779446,4,left_hip,0.020311370491981506,-0.0027556144632399082,0.06938811391592026,
383,12.779446,5,left_knee,0.031269341707229614,0.2393016815185547,0.11450257897377014,
383,12.779446,6,left_ankle,0.03408443555235863,0.47644832730293274,0.10711196810007095,
383,12.779446,7,spine,-0.01987616904079914,-0.14681431651115417,-0.005310296081006527,
383,12.779446,8,thorax,-0.040323756635189056,-0.2945222854614258,-0.011030505411326885,
383,12.779446,9,neck,-0.01927834562957287,-0.3349914252758026,-0.029287178069353104,
383,12.779446,10,head,0.005584033206105232,-0.3721245229244232,-0.049807753413915634,
383,12.779446,11,left_shoulder,0.003662277013063431,-0.30458909273147583,0.0728812962770462,
383,12.779446,12,left_elbow,-0.01613742671906948,-0.29227060079574585,-0.08272801339626312,
383,12.779446,13,left_wrist,-0.023641496896743774,-0.4458777606487274,-0.09540500491857529,
383,12.779446,14,right_shoulder,-0.08582134544849396,-0.29962408542633057,-0.09474191069602966,
383,12.779446,15,right_elbow,-0.14116178452968597,-0.3057675361633301,-0.25331562757492065,
383,12.779446,16,right_wrist,-0.11632026731967926,-0.42177239060401917,-0.3420671820640564,
384,12.812813,0,hip_center,0.0005596960545517504,0.0009111112449318171,0.0003887489147018641,
384,12.812813,1,right_hip,-0.019135475158691406,0.004462136887013912,-0.06863938271999359,
384,12.812813,2,right_knee,-0.022107182070612907,0.25459203124046326,-0.03196088597178459,
384,12.812813,3,right_ankle,-0.18733103573322296,0.42938849329948425,-0.00911686196923256,
384,12.812813,4,left_hip,0.02024741843342781,-0.0026396953035146,0.06941846013069153,
384,12.812813,5,left_knee,0.03005058877170086,0.23979364335536957,0.11274392902851105,
384,12.812813,6,left_ankle,0.03378454968333244,0.4769725501537323,0.10697320103645325,
384,12.812813,7,spine,-0.0196268018335104,-0.14679428935050964,-0.006029879208654165,
384,12.812813,8,thorax,-0.03979680687189102,-0.29450953006744385,-0.012498432770371437,
384,12.812813,9,neck,-0.017989009618759155,-0.334342360496521,-0.03125297278165817,
384,12.812813,10,head,0.008161446079611778,-0.3701969087123871,-0.05243561416864395,
384,12.812813,11,left_shoulder,0.0008476525545120239,-0.30551356077194214,0.07296643406152725,
384,12.812813,12,left_elbow,-0.09124956279993057,-0.2941591143608093,-0.05410521477460861,
384,12.812813,13,left_wrist,-0.0012761279940605164,-0.41089779138565063,-0.0998111367225647,
384,12.812813,14,right_shoulder,-0.08218644559383392,-0.3003995716571808,-0.09777495265007019,
384,12.812813,15,right_elbow,-0.1372477114200592,-0.3005165159702301,-0.2565646767616272,
384,12.812813,16,right_wrist,-0.12064849585294724,-0.42083001136779785,-0.34141862392425537,
385,12.84618,0,hip_center,0.0005568717024289072,0.0009344887221232057,0.00037603109376505017,
385,12.84618,1,right_hip,-0.019262652844190598,0.0043962979689240456,-0.06862103193998337,
385,12.84618,2,right_knee,-0.022771837189793587,0.25473135709762573,-0.03341948613524437,
385,12.84618,3,right_ankle,-0.18678537011146545,0.4306369125843048,-0.01036822609603405,
385,12.84618,4,left_hip,0.0203702375292778,-0.0025270897895097733,0.06937431544065475,
385,12.84618,5,left_knee,0.02870364487171173,0.24025815725326538,0.11100372672080994,
385,12.84618,6,left_ankle,0.03336017206311226,0.477455198764801,0.10688437521457672,
385,12.84618,7,spine,-0.019416851922869682,-0.1467730551958084,-0.0066319121979177,
385,12.84618,8,thorax,-0.039375726133584976,-0.2944895923137665,-0.013698719441890717,
385,12.84618,9,neck,-0.017004400491714478,-0.33365947008132935,-0.03317203000187874,
385,12.84618,10,head,0.010143471881747246,-0.36819523572921753,-0.05527123063802719,
385,12.84618,11,left_shoulder,0.00020654872059822083,-0.30644485354423523,0.07213610410690308,
385,12.84618,12,left_elbow,-0.11892746388912201,-0.29569363594055176,-0.030086800456047058,
385,12.84618,13,left_wrist,-0.02424735575914383,-0.3980116844177246,-0.09625983238220215,
385,12.84618,14,right_shoulder,-0.0808584988117218,-0.3009944558143616,-0.09937558323144913,
385,12.84618,15,right_elbow,-0.1373967081308365,-0.2961122691631317,-0.25757017731666565,
385,12.84618,16,right_wrist,-0.12409735471010208,-0.41846081614494324,-0.3400627672672272,
386,12.879546,0,hip_center,0.0005787672707810998,0.0009513499680906534,0.0003320662654004991,
386,12.879546,1,right_hip,-0.019511261954903603,0.004335131496191025,-0.06859059631824493,
386,12.879546,2,right_knee,-0.023453928530216217,0.25488775968551636,-0.0350206233561039,
386,12.879546,3,right_ankle,-0.18636563420295715,0.43175917863845825,-0.01155037060379982,
386,12.879546,4,left_hip,0.020663967356085777,-0.0024321016389876604,0.06925558298826218,
386,12.879546,5,left_knee,0.02731800265610218,0.24067597091197968,0.10927195847034454,
386,12.879546,6,left_ankle,0.03282921761274338,0.4778780937194824,0.1068510040640831,
386,12.879546,7,spine,-0.01930481567978859,-0.14675255119800568,-0.007001255173236132,
386,12.879546,8,thorax,-0.03917558491230011,-0.2944650650024414,-0.014392551966011524,
386,12.879546,9,neck,-0.016481081023812294,-0.33292192220687866,-0.034886348992586136,
386,12.879546,10,head,0.01122022420167923,-0.36618760228157043,-0.058212995529174805,
386,12.879546,11,left_shoulder,0.00198335200548172,-0.3073142468929291,0.07056710124015808,
386,12.879546,12,left_elbow,-0.1274966299533844,-0.29668837785720825,-0.0182025283575058,
386,12.879546,13,left_wrist,-0.03824279457330704,-0.3973226547241211,-0.09382440894842148,
386,12.879546,14,right_shoulder,-0.08233009278774261,-0.30129095911979675,-0.09921444952487946,
386,12.879546,15,right_elbow,-0.14070643484592438,-0.2919635474681854,-0.25653940439224243,
386,12.879546,16,right_wrist,-0.12693451344966888,-0.4150356650352478,-0.33786991238594055,
387,12.912913,0,hip_center,0.0006000107387080789,0.0009602165082469583,0.0002781243820209056,
387,12.912913,1,right_hip,-0.01978377066552639,0.004270792473107576,-0.06856179237365723,
387,12.912913,2,right_knee,-0.024009952321648598,0.2550375163555145,-0.03666667267680168,
387,12.912913,3,right_ankle,-0.18597903847694397,0.43272072076797485,-0.01280723512172699,
387,12.912913,4,left_hip,0.02098020911216736,-0.0023499522358179092,0.06911855190992355,
387,12.912913,5,left_knee,0.02599269337952137,0.24105776846408844,0.10752002894878387,
387,12.912913,6,left_ankle,0.032285988330841064,0.4782518446445465,0.10684440284967422,
387,12.912913,7,spine,-0.019259009510278702,-0.14673499763011932,-0.007292746566236019,
387,12.912913,8,thorax,-0.03910718858242035,-0.2944386601448059,-0.014917859807610512,
387,12.912913,9,neck,-0.01636328548192978,-0.33233436942100525,-0.0363793708384037,
387,12.912913,10,head,0.011487703770399094,-0.36464181542396545,-0.060846731066703796,
387,12.912913,11,left_shoulder,0.004521112889051437,-0.30813300609588623,0.06866646558046341,
387,12.912913,12,left_elbow,-0.1250820904970169,-0.29471731185913086,-0.019543811678886414,
387,12.912913,13,left_wrist,-0.04163159430027008,-0.400235652923584,-0.09513528645038605,
387,12.912913,14,right_shoulder,-0.08480465412139893,-0.30139726400375366,-0.09838628768920898,
387,12.912913,15,right_elbow,-0.14389804005622864,-0.2881605923175812,-0.25516223907470703,
387,12.912913,16,right_wrist,-0.12927976250648499,-0.4115603566169739,-0.3358459770679474,
388,12.94628,0,hip_center,0.0006097411969676614,0.0009655850008130074,0.0002176116977352649,
388,12.94628,1,right_hip,-0.020088283345103264,0.004207497928291559,-0.06853174418210983,
388,12.94628,2,right_knee,-0.024448007345199585,0.2551809847354889,-0.0383257195353508,
388,12.94628,3,right_ankle,-0.18561089038848877,0.4335501194000244,-0.014127485454082489,
388,12.94628,4,left_hip,0.021305235102772713,-0.002275886945426464,0.06896718591451645,
388,12.94628,5,left_knee,0.024806909263134003,0.2414010912179947,0.10579642653465271,
388,12.94628,6,left_ankle,0.0317651703953743,0.4785752296447754,0.10684315115213394,
388,12.94628,7,spine,-0.019241737201809883,-0.1467220038175583,-0.007520474959164858,
388,12.94628,8,thorax,-0.03908413648605347,-0.29441800713539124,-0.015307394787669182,
388,12.94628,9,neck,-0.016587233170866966,-0.33200252056121826,-0.03756182640790939,
388,12.94628,10,head,0.011046838015317917,-0.3637658655643463,-0.06296946108341217,
388,12.94628,11,left_shoulder,0.007440462708473206,-0.308869332075119,0.06657010316848755,
388,12.94628,12,left_elbow,-0.11193734407424927,-0.28714364767074585,-0.03360454738140106,
388,12.94628,13,left_wrist,-0.03666561096906662,-0.40297791361808777,-0.10237056761980057,
388,12.94628,14,right_shoulder,-0.0877058282494545,-0.30143389105796814,-0.09710206091403961,
388,12.94628,15,right_elbow,-0.14626193046569824,-0.28486549854278564,-0.2537628412246704,
388,12.94628,16,right_wrist,-0.13014328479766846,-0.40800410509109497,-0.33455976843833923,
389,12.979646,0,hip_center,0.0006038981373421848,0.000963750178925693,0.00014728661335539073,
389,12.979646,1,right_hip,-0.02043590322136879,0.00414370046928525,-0.06850115209817886,
389,12.979646,2,right_knee,-0.024767272174358368,0.2553093433380127,-0.03993238881230354,
389,12.979646,3,right_ankle,-0.18524757027626038,0.4342590570449829,-0.015485618263483047,
389,12.979646,4,left_hip,0.02164187841117382,-0.0022157817147672176,0.06879573315382004,
389,12.979646,5,left_knee,0.023823341354727745,0.24168691039085388,0.10420529544353485,
389,12.979646,6,left_ankle,0.031252142041921616,0.47883397340774536,0.10688380897045135,
389,12.979646,7,spine,-0.01927052065730095,-0.14671485126018524,-0.007702563889324665,
389,12.979646,8,thorax,-0.039137572050094604,-0.29440194368362427,-0.01559511385858059,
389,12.979646,9,neck,-0.017123159021139145,-0.3319762945175171,-0.03834371641278267,
389,12.979646,10,head,0.010021025314927101,-0.36367830634117126,-0.06434900313615799,
389,12.979646,11,left_shoulder,0.010536890476942062,-0.3093894124031067,0.06431186199188232,
389,12.979646,12,left_elbow,-0.08199657499790192,-0.26900237798690796,-0.05637148767709732,
389,12.979646,13,left_wrist,-0.03172506392002106,-0.4034556746482849,-0.11300420761108398,
389,12.979646,14,right_shoulder,-0.0908796489238739,-0.30133184790611267,-0.0954599529504776,
389,12.979646,15,right_elbow,-0.147184357047081,-0.28187814354896545,-0.2526136040687561,
389,12.979646,16,right_wrist,-0.12749117612838745,-0.4036779999732971,-0.33463823795318604,
390,13.013013,0,hip_center,0.0005824812687933445,0.0009472261881455779,8.020304812816903e-05,
390,13.013013,1,right_hip,-0.020789550617337227,0.004052735399454832,-0.06846892833709717,
390,13.013013,2,right_knee,-0.024969395250082016,0.255391001701355,-0.04143742099404335,
390,13.013013,3,right_ankle,-0.18490061163902283,0.4348289370536804,-0.016970820724964142,
390,13.013013,4,left_hip,0.02195296250283718,-0.0021579661406576633,0.06862927973270416,
390,13.013013,5,left_knee,0.023035438731312752,0.24193182587623596,0.10277785360813141,
390,13.013013,6,left_ankle,0.030664343386888504,0.4790493845939636,0.10703783482313156,
390,13.013013,7,spine,-0.019253887236118317,-0.14672988653182983,-0.007892613299190998,
390,13.013013,8,thorax,-0.0390842966735363,-0.29441553354263306,-0.015903092920780182,
390,13.013013,9,neck,-0.017861731350421906,-0.3324686884880066,-0.03860829398036003,
390,13.013013,10,head,0.008476464077830315,-0.3648425340652466,-0.06461472064256668,
390,13.013013,11,left_shoulder,0.013263043016195297,-0.30973267555236816,0.062215037643909454,
390,13.013013,12,left_elbow,-0.04204711318016052,-0.2501932978630066,-0.07252126187086105,
390,13.013013,13,left_wrist,-0.03411513939499855,-0.39583155512809753,-0.12290734052658081,
390,13.013013,14,right_shoulder,-0.0934327095746994,-0.30111831426620483,-0.0940374806523323,
390,13.013013,15,right_elbow,-0.1459311693906784,-0.27902650833129883,-0.2521570324897766,
390,13.013013,16,right_wrist,-0.11853329092264175,-0.3971496522426605,-0.33728834986686707,
391,13.04638,0,hip_center,0.0005431571626104414,0.0009149580146186054,2.0272371330065653e-05,
391,13.04638,1,right_hip,-0.020977213978767395,0.003950017504394054,-0.06848559528589249,
391,13.04638,2,right_knee,-0.02487874962389469,0.2554287016391754,-0.042749304324388504,
391,13.04638,3,right_ankle,-0.18446283042430878,0.43523144721984863,-0.01869788020849228,
391,13.04638,4,left_hip,0.022061804309487343,-0.0021199951879680157,0.06852611899375916,
391,13.04638,5,left_knee,0.022436043247580528,0.2421327382326126,0.10150475800037384,
391,13.04638,6,left_ankle,0.030040394514799118,0.4792167544364929,0.10737355053424835,
391,13.04638,7,spine,-0.019045092165470123,-0.1467793583869934,-0.008242042735219002,
391,13.04638,8,thorax,-0.03862800821661949,-0.29448211193084717,-0.01654139533638954,
391,13.04638,9,neck,-0.018584802746772766,-0.3335685729980469,-0.038552433252334595,
391,13.04638,10,head,0.006545936688780785,-0.367422491312027,-0.06385970115661621,
391,13.04638,11,left_shoulder,0.015100222080945969,-0.31000813841819763,0.06059175357222557,
391,13.04638,12,left_elbow,-0.013761879876255989,-0.24359148740768433,-0.07910016179084778,
391,13.04638,13,left_wrist,-0.03466850519180298,-0.38711655139923096,-0.13178449869155884,
391,13.04638,14,right_shoulder,-0.09425331652164459,-0.3008912205696106,-0.09379684925079346,
391,13.04638,15,right_elbow,-0.14257828891277313,-0.2763962149620056,-0.2528899908065796,
391,13.04638,16,right_wrist,-0.1086396798491478,-0.3911535143852234,-0.34023988246917725,
392,13.079746,0,hip_center,0.00048338848864659667,0.0008712768903933465,-2.3160089767770842e-05,
392,13.079746,1,right_hip,-0.020866740494966507,0.0038399521727114916,-0.06858517974615097,
392,13.079746,2,right_knee,-0.024364836513996124,0.25542593002319336,-0.04385955631732941,
392,13.079746,3,right_ankle,-0.183840811252594,0.43545883893966675,-0.020834779366850853,
392,13.079746,4,left_hip,0.021831845864653587,-0.002097534714266658,0.06853882223367691,
392,13.079746,5,left_knee,0.022010639309883118,0.24230630695819855,0.10038003325462341,
392,13.079746,6,left_ankle,0.029480237513780594,0.4793471693992615,0.10792475938796997,
392,13.079746,7,spine,-0.01846953108906746,-0.14687001705169678,-0.008904212154448032,
392,13.079746,8,thorax,-0.037410955876111984,-0.2946197986602783,-0.017831673845648766,
392,13.079746,9,neck,-0.019003860652446747,-0.3353527784347534,-0.038226962089538574,
392,13.079746,10,head,0.004378624260425568,-0.37159615755081177,-0.061844274401664734,
392,13.079746,11,left_shoulder,0.015421975404024124,-0.3102838397026062,0.0598897710442543,
392,13.079746,12,left_elbow,-0.009824926033616066,-0.24690571427345276,-0.08189820498228073,
392,13.079746,13,left_wrist,-0.03471618890762329,-0.3905940055847168,-0.1323588341474533,
392,13.079746,14,right_shoulder,-0.09207625687122345,-0.3006245493888855,-0.09580158442258835,
392,13.079746,15,right_elbow,-0.1366012692451477,-0.2736543118953705,-0.2556016445159912,
392,13.079746,16,right_wrist,-0.10063701122999191,-0.38749802112579346,-0.3433355987071991,
393,13.113113,0,hip_center,0.00040910582174547017,0.0008298592292703688,-2.0955338186467998e-05,
393,13.113113,1,right_hip,-0.020283877849578857,0.0037513829302042723,-0.06878618896007538,
393,13.113113,2,right_knee,-0.02338765561580658,0.25540658831596375,-0.044720932841300964,
393,13.113113,3,right_ankle,-0.18301692605018616,0.4355250895023346,-0.023498324677348137,
393,13.113113,4,left_hip,0.0210992731153965,-0.0020919821690768003,0.06874454766511917,
393,13.113113,5,left_knee,0.021717935800552368,0.242449089884758,0.09950829297304153,
393,13.113113,6,left_ankle,0.02916225604712963,0.47942906618118286,0.10879092663526535,
393,13.113113,7,spine,-0.017473358660936356,-0.14698323607444763,-0.009874068200588226,
393,13.113113,8,thorax,-0.035319432616233826,-0.29480570554733276,-0.019798900932073593,
393,13.113113,9,neck,-0.01884578727185726,-0.3374290466308594,-0.03784982115030289,
393,13.113113,10,head,0.002253035083413124,-0.37656158208847046,-0.05886368453502655,
393,13.113113,11,left_shoulder,0.013688836246728897,-0.31066304445266724,0.060351189225912094,
393,13.113113,12,left_elbow,-0.03283357247710228,-0.25590869784355164,-0.07963328063488007,
393,13.113113,13,left_wrist,-0.03833756968379021,-0.40463268756866455,-0.12041382491588593,
393,13.113113,14,right_shoulder,-0.0861361101269722,-0.3000859022140503,-0.1003808081150055,
393,13.113113,15,right_elbow,-0.12715385854244232,-0.270045667886734,-0.2605714797973633,
393,13.113113,16,right_wrist,-0.09337261319160461,-0.3858320415019989,-0.3466145694255829,
394,13.14648,0,hip_center,0.0003371418279130012,0.0007922728545963764,-2.2180875021149404e-06,
394,13.14648,1,right_hip,-0.019437257200479507,0.003699753200635314,-0.06903780251741409,
394,13.14648,2,right_knee,-0.02205502614378929,0.25538870692253113,-0.045269936323165894,
394,13.14648,3,right_ankle,-0.1820598840713501,0.4354066252708435,-0.026124097406864166,
394,13.14648,4,left_hip,0.020105864852666855,-0.002115631941705942,0.06903441250324249,
394,13.14648,5,left_knee,0.021558502689003944,0.2425195574760437,0.09901172667741776,
394,13.14648,6,left_ankle,0.028878578916192055,0.47942978143692017,0.11001374572515488,
394,13.14648,7,spine,-0.016211597248911858,-0.14710107445716858,-0.010923346504569054,
394,13.14648,8,thorax,-0.03267689049243927,-0.29500576853752136,-0.021949008107185364,
394,13.14648,9,neck,-0.018162455409765244,-0.3392494022846222,-0.037626996636390686,
394,13.14648,10,head,0.0004688836634159088,-0.3809832036495209,-0.05577258765697479,
394,13.14648,11,left_shoulder,0.012346893548965454,-0.3110508918762207,0.06046892702579498,
394,13.14648,12,left_elbow,-0.0545547753572464,-0.2660108208656311,-0.07463689148426056,
394,13.14648,13,left_wrist,-0.047759201377630234,-0.415986031293869,-0.11032206565141678,
394,13.14648,14,right_shoulder,-0.07919688522815704,-0.29926538467407227,-0.10514398664236069,
394,13.14648,15,right_elbow,-0.1169746071100235,-0.26569828391075134,-0.26543131470680237,
394,13.14648,16,right_wrist,-0.08958312124013901,-0.38552501797676086,-0.34814968705177307,
395,13.179847,0,hip_center,0.00027245309320278466,0.0007493762532249093,-9.368337487103418e-06,
395,13.179847,1,right_hip,-0.01871877908706665,0.003635312896221876,-0.06926539540290833,
395,13.179847,2,right_knee,-0.020462986081838608,0.2553536891937256,-0.045729681849479675,
395,13.179847,3,right_ankle,-0.18074847757816315,0.43530726432800293,-0.028413431718945503,
395,13.179847,4,left_hip,0.019255267456173897,-0.002137088682502508,0.06924838572740555,
395,13.179847,5,left_knee,0.021546468138694763,0.2425358146429062,0.09886330366134644,
395,13.179847,6,left_ankle,0.028275953605771065,0.47937488555908203,0.11163198947906494,
395,13.179847,7,spine,-0.015100540593266487,-0.14720088243484497,-0.011840328574180603,
395,13.179847,8,thorax,-0.03034663200378418,-0.29516369104385376,-0.023799896240234375,
395,13.179847,9,neck,-0.017385436221957207,-0.3405960500240326,-0.037285927683115005,
395,13.179847,10,head,-0.0007837023586034775,-0.38424861431121826,-0.05267859995365143,
395,13.179847,11,left_shoulder,0.012826979160308838,-0.31128668785095215,0.05958709865808487,
395,13.179847,12,left_elbow,-0.06655406951904297,-0.27127209305763245,-0.07024163752794266,
395,13.179847,13,left_wrist,-0.057162731885910034,-0.422222375869751,-0.1008683517575264,
395,13.179847,14,right_shoulder,-0.07477910071611404,-0.298534631729126,-0.10816843807697296,
395,13.179847,15,right_elbow,-0.11001108586788177,-0.2601797878742218,-0.2679606080055237,
395,13.179847,16,right_wrist,-0.08645126223564148,-0.38283470273017883,-0.347658634185791,
396,13.213213,0,hip_center,0.0002104620507452637,0.0007039402844384313,-4.0074904973153025e-05,
396,13.213213,1,right_hip,-0.018204007297754288,0.003547388594597578,-0.06945343315601349,
396,13.213213,2,right_knee,-0.01853129267692566,0.2552941143512726,-0.04615999758243561,
396,13.213213,3,right_ankle,-0.17849865555763245,0.43568849563598633,-0.03057536855340004,
396,13.213213,4,left_hip,0.018614480271935463,-0.0021401583217084408,0.06937547773122787,
396,13.213213,5,left_knee,0.02166895382106304,0.24253050982952118,0.09893996268510818,
396,13.213213,6,left_ankle,0.02652961015701294,0.479298859834671,0.11371178925037384,
396,13.213213,7,spine,-0.014180180616676807,-0.14728447794914246,-0.012606357224285603,
396,13.213213,8,thorax,-0.02841273695230484,-0.2952859401702881,-0.025313442572951317,
396,13.213213,9,neck,-0.016457203775644302,-0.3415057957172394,-0.03692192956805229,
396,13.213213,10,head,-0.0012767491862177849,-0.38643878698349,-0.04990961775183678,
396,13.213213,11,left_shoulder,0.014706574380397797,-0.3113037943840027,0.05812191218137741,
396,13.213213,12,left_elbow,-0.0686357170343399,-0.2702004909515381,-0.06885290890932083,
396,13.213213,13,left_wrist,-0.06354308873414993,-0.42250290513038635,-0.09314726293087006,
396,13.213213,14,right_shoulder,-0.07266917824745178,-0.2978057563304901,-0.10980413854122162,
396,13.213213,15,right_elbow,-0.1036665216088295,-0.25250259041786194,-0.2686522603034973,
396,13.213213,16,right_wrist,-0.07939073443412781,-0.3758033812046051,-0.3471294343471527,
397,13.24658,0,hip_center,0.00014780886704102159,0.000659937912132591,-9.29664820432663e-05,
397,13.24658,1,right_hip,-0.017945390194654465,0.0034159610513597727,-0.06959427893161774,
397,13.24658,2,right_knee,-0.016284851357340813,0.25520503520965576,-0.04682111740112305,
397,13.24658,3,right_ankle,-0.1750645637512207,0.4368036091327667,-0.033199891448020935,
397,13.24658,4,left_hip,0.018229639157652855,-0.00209695752710104,0.06941071152687073,
397,13.24658,5,left_knee,0.021857265383005142,0.24256139993667603,0.09901237487792969,
397,13.24658,6,left_ankle,0.02306179329752922,0.4792224168777466,0.1160767450928688,
397,13.24658,7,spine,-0.013478553853929043,-0.14734531939029694,-0.013296922668814659,
397,13.24658,8,thorax,-0.02693236619234085,-0.29536303877830505,-0.026646655052900314,
397,13.24658,9,neck,-0.015449630096554756,-0.34201642870903015,-0.03692151606082916,
397,13.24658,10,head,-0.0010563470423221588,-0.3876589238643646,-0.048221733421087265,
397,13.24658,11,left_shoulder,0.017525356262922287,-0.31120914220809937,0.056116361171007156,
397,13.24658,12,left_elbow,-0.06389318406581879,-0.2651691734790802,-0.07041177153587341,
397,13.24658,13,left_wrist,-0.06653236597776413,-0.4183020293712616,-0.08926757425069809,
397,13.24658,14,right_shoulder,-0.07245582342147827,-0.29715588688850403,-0.1104801744222641,
397,13.24658,15,right_elbow,-0.0982094556093216,-0.24488233029842377,-0.2681195139884949,
397,13.24658,16,right_wrist,-0.07073728740215302,-0.36748063564300537,-0.3466434180736542,
398,13.279947,0,hip_center,6.769729952793568e-05,0.0006204044329933822,-0.00018713215831667185,
398,13.279947,1,right_hip,-0.018055498600006104,0.0031985819805413485,-0.06968744844198227,
398,13.279947,2,right_knee,-0.013507691211998463,0.2551225423812866,-0.048884712159633636,
398,13.279947,3,right_ankle,-0.16403067111968994,0.44383472204208374,-0.038632266223430634,
398,13.279947,4,left_hip,0.01818009652197361,-0.0019591141026467085,0.06931540369987488,
398,13.279947,5,left_knee,0.021991290152072906,0.2427518516778946,0.09845536947250366,
398,13.279947,6,left_ankle,0.012712153606116772,0.4789465069770813,0.11912105977535248,
398,13.279947,7,spine,-0.01256866566836834,-0.1473836451768875,-0.014354109764099121,
398,13.279947,8,thorax,-0.02500472217798233,-0.29539811611175537,-0.028690360486507416,
398,13.279947,9,neck,-0.013654722832143307,-0.3421371579170227,-0.038720645010471344,
398,13.279947,10,head,0.00045371055603027344,-0.38793647289276123,-0.04974215850234032,
398,13.279947,11,left_shoulder,0.022145159542560577,-0.3111642897129059,0.05258459597826004,
398,13.279947,12,left_elbow,-0.048397988080978394,-0.2544713616371155,-0.07613060623407364,
398,13.279947,13,left_wrist,-0.06362588703632355,-0.407236784696579,-0.09171932935714722,
398,13.279947,14,right_shoulder,-0.07305774837732315,-0.2965679168701172,-0.11111121624708176,
398,13.279947,15,right_elbow,-0.0955723226070404,-0.23913365602493286,-0.26744526624679565,
398,13.279947,16,right_wrist,-0.0649682953953743,-0.361101895570755,-0.3457919955253601,
