frame,kp_idx,kp_name,x,y,conf
0,0,nose,74.68199729919434,59.82114791870117,0.9999293088912964
0,1,left_eye,76.45197868347168,57.53609657287598,0.9998069405555725
0,2,right_eye,72.767653465271,57.388596534729004,0.9997933506965637
0,3,left_ear,78.13977241516113,56.88052177429199,0.9994674324989319
0,4,right_ear,71.66600704193115,57.19332695007324,0.9994562268257141
0,5,left_shoulder,85.01446723937988,63.11087608337402,0.9999583959579468
0,6,right_shoulder,68.38111877441406,64.51128959655762,0.999950647354126
0,7,left_elbow,82.79397010803223,77.36397743225098,0.9746416211128235
0,8,right_elbow,72.23746299743652,78.01688194274902,0.955115556716919
0,9,left_wrist,81.63479804992676,90.39650917053223,0.9578725099563599
0,10,right_wrist,77.2937536239624,89.69878196716309,0.9519092440605164
0,11,left_hip,80.50274848937988,82.60382652282715,0.9997062087059021
0,12,right_hip,71.51516914367676,82.53359794616699,0.9996028542518616
0,13,left_knee,84.80425834655762,102.5633430480957,0.9898880124092102
0,14,right_knee,66.84647560119629,102.01248168945312,0.9931746125221252
0,15,left_ankle,87.33089447021484,121.37934684753418,0.9893283247947693
0,16,right_ankle,63.2928466796875,120.27137756347656,0.9925137162208557
1,0,nose,74.64654445648193,58.90097618103027,0.9999265670776367
1,1,left_eye,76.31912231445312,56.75021171569824,0.9998001456260681
1,2,right_eye,72.76718139648438,56.77257061004639,0.9997862577438354
1,3,left_ear,78.13803195953369,56.507134437561035,0.9994449019432068
1,4,right_ear,71.67803764343262,56.74004554748535,0.9994325041770935
1,5,left_shoulder,84.96797561645508,63.029513359069824,0.9999548196792603
1,6,right_shoulder,68.37176322937012,64.50469017028809,0.9999463558197021
1,7,left_elbow,82.79181480407715,77.35450744628906,0.9732844829559326
1,8,right_elbow,72.24671363830566,78.0858325958252,0.9553039073944092
1,9,left_wrist,81.59100532531738,89.8261547088623,0.9559192061424255
1,10,right_wrist,77.34293937683105,89.69583511352539,0.9517829418182373
1,11,left_hip,80.45133590698242,82.60498046875,0.9996989965438843
1,12,right_hip,71.45747184753418,82.5413703918457,0.9996026158332825
1,13,left_knee,84.79588508605957,102.46644973754883,0.989600658416748
1,14,right_knee,67.02486515045166,102.06018447875977,0.9932095408439636
1,15,left_ankle,87.37362861633301,120.79301834106445,0.9888248443603516
1,16,right_ankle,63.33849906921387,120.5186653137207,0.992519199848175
2,0,nose,74.64032649993896,58.94736289978027,0.9999264478683472
2,1,left_eye,76.2377405166626,56.79915428161621,0.9997992515563965
2,2,right_eye,72.77081489562988,56.787424087524414,0.9997819066047668
2,3,left_ear,78.07461738586426,56.54298782348633,0.9994467496871948
2,4,right_ear,71.67913913726807,56.75579071044922,0.9994253516197205
2,5,left_shoulder,84.71529006958008,63.03081512451172,0.9999558329582214
2,6,right_shoulder,68.36705207824707,64.50899600982666,0.9999454617500305
2,7,left_elbow,82.79178619384766,77.35960483551025,0.9726147651672363
2,8,right_elbow,72.51139163970947,78.13873291015625,0.956336259841919
2,9,left_wrist,81.56647682189941,89.85021591186523,0.9556357860565186
2,10,right_wrist,77.43199348449707,89.68897819519043,0.9531952142715454
2,11,left_hip,80.1853084564209,82.62616157531738,0.9997050166130066
2,12,right_hip,71.37049198150635,82.59921073913574,0.9996088743209839
2,13,left_knee,84.79170799255371,102.41172790527344,0.9894339442253113
2,14,right_knee,67.04386234283447,102.07125663757324,0.9932933449745178
2,15,left_ankle,87.46283531188965,120.80589294433594,0.9887020587921143
2,16,right_ankle,63.33890438079834,120.50447463989258,0.9926084876060486
3,0,nose,74.66946601867676,59.28370475769043,0.9999228119850159
3,1,left_eye,76.35626316070557,57.188963890075684,0.9997907876968384
3,2,right_eye,72.80882835388184,56.95418834686279,0.9997717142105103
3,3,left_ear,78.1130599975586,56.72226428985596,0.9994261860847473
3,4,right_ear,71.69224739074707,56.875996589660645,0.9994015693664551
3,5,left_shoulder,84.67855453491211,63.0488395690918,0.9999546408653259
3,6,right_shoulder,68.36687564849854,64.50883388519287,0.9999439120292664
3,7,left_elbow,82.79932022094727,77.371506690979,0.9716290831565857
3,8,right_elbow,72.50833988189697,78.10995578765869,0.9565581679344177
3,9,left_wrist,81.566162109375,89.66618537902832,0.9548380374908447
3,10,right_wrist,77.43288993835449,89.65288162231445,0.9535502195358276
3,11,left_hip,80.02546310424805,82.62406349182129,0.9997053146362305
3,12,right_hip,71.26293182373047,82.57370948791504,0.9996103048324585
3,13,left_knee,84.76802825927734,102.4301815032959,0.9890557527542114
3,14,right_knee,67.21108913421631,102.06802368164062,0.9931356906890869
3,15,left_ankle,87.46418952941895,120.7689094543457,0.9883199334144592
3,16,right_ankle,63.40536117553711,120.49888610839844,0.9924494028091431
4,0,nose,74.6152114868164,59.24556255340576,0.9999240636825562
4,1,left_eye,76.19887351989746,57.10908889770508,0.9997944235801697
4,2,right_eye,72.79926300048828,56.94987773895264,0.9997742772102356
4,3,left_ear,78.07717800140381,56.7255973815918,0.9994402527809143
4,4,right_ear,71.68766021728516,56.86129570007324,0.9994108080863953
4,5,left_shoulder,84.57857131958008,63.0649471282959,0.9999552369117737
4,6,right_shoulder,68.36190700531006,64.503173828125,0.999943196773529
4,7,left_elbow,82.79411315917969,77.30807304382324,0.9707546234130859
4,8,right_elbow,72.5054931640625,78.04290771484375,0.9564673900604248
4,9,left_wrist,81.49601936340332,89.19893264770508,0.9537290930747986
4,10,right_wrist,77.42637634277344,89.52591896057129,0.9535976648330688
4,11,left_hip,79.81829643249512,82.58111000061035,0.999711811542511
4,12,right_hip,71.10485076904297,82.47343063354492,0.9996181130409241
4,13,left_knee,84.75714683532715,101.87470436096191,0.9891632795333862
4,14,right_knee,67.20963478088379,101.80000305175781,0.9932386875152588
4,15,left_ankle,87.46407508850098,120.78561782836914,0.988419771194458
4,16,right_ankle,63.408265113830566,120.33963203430176,0.9925920963287354
5,0,nose,74.60564613342285,59.4448184967041,0.9999246597290039
5,1,left_eye,76.14075660705566,57.16684818267822,0.9997963905334473
5,2,right_eye,72.80007362365723,57.09601402282715,0.9997740387916565
5,3,left_ear,78.0379581451416,56.848087310791016,0.9994533061981201
5,4,right_ear,71.693434715271,56.97749614715576,0.999416172504425
5,5,left_shoulder,84.48949813842773,63.07263374328613,0.9999562501907349
5,6,right_shoulder,68.35989475250244,64.50199127197266,0.9999426603317261
5,7,left_elbow,82.72553443908691,77.30673313140869,0.970175564289093
5,8,right_elbow,72.51242160797119,78.02526950836182,0.9572376012802124
5,9,left_wrist,81.43339157104492,89.25102233886719,0.9533436298370361
5,10,right_wrist,77.42339134216309,89.52695846557617,0.9546585083007812
5,11,left_hip,79.65212345123291,82.47076034545898,0.999719500541687
5,12,right_hip,71.02662086486816,82.37272262573242,0.9996265172958374
5,13,left_knee,84.6922492980957,101.56915664672852,0.9891030788421631
5,14,right_knee,67.20681190490723,101.79248809814453,0.9933099150657654
5,15,left_ankle,87.41293907165527,120.58435440063477,0.9882868528366089
5,16,right_ankle,63.41066837310791,120.29314041137695,0.9926748871803284
6,0,nose,74.60578918457031,59.49023723602295,0.9999266266822815
6,1,left_eye,76.11929416656494,57.17466354370117,0.9998007416725159
6,2,right_eye,72.80661582946777,57.16054439544678,0.9997772574424744
6,3,left_ear,78.01825523376465,56.87591075897217,0.9994720816612244
6,4,right_ear,71.70268058776855,57.06489562988281,0.9994298815727234
6,5,left_shoulder,84.45484161376953,63.074398040771484,0.9999577403068542
6,6,right_shoulder,68.37268829345703,64.4940710067749,0.999943196773529
6,7,left_elbow,82.71974563598633,77.29453086853027,0.9700785875320435
6,8,right_elbow,72.5493860244751,77.9818344116211,0.9585676789283752
6,9,left_wrist,81.39593124389648,89.30414199829102,0.953581690788269
6,10,right_wrist,77.45916843414307,89.52227592468262,0.9562411904335022
6,11,left_hip,79.55424308776855,82.34189987182617,0.9997302293777466
6,12,right_hip,70.98012447357178,82.27962493896484,0.9996387362480164
6,13,left_knee,84.64098930358887,101.28351211547852,0.989145040512085
6,14,right_knee,67.21093654632568,101.76639556884766,0.9934695363044739
6,15,left_ankle,87.38492012023926,120.39051055908203,0.9883377552032471
6,16,right_ankle,63.41194152832031,120.24724960327148,0.9928609132766724
7,0,nose,74.52850341796875,59.05280113220215,0.999929666519165
7,1,left_eye,75.92905521392822,56.894025802612305,0.9998083710670471
7,2,right_eye,72.77873992919922,56.99683666229248,0.9997845888137817
7,3,left_ear,77.8882360458374,56.530442237854004,0.999497652053833
7,4,right_ear,71.6922664642334,57.02965259552002,0.9994512796401978
7,5,left_shoulder,84.43685531616211,63.07215213775635,0.9999591112136841
7,6,right_shoulder,68.37505340576172,64.45618629455566,0.9999434947967529
7,7,left_elbow,82.66599655151367,77.28459358215332,0.9702272415161133
7,8,right_elbow,72.5644063949585,77.91338443756104,0.9598904848098755
7,9,left_wrist,81.25402450561523,89.1569995880127,0.9540489912033081
7,10,right_wrist,77.45555877685547,89.31106567382812,0.9578328728675842
7,11,left_hip,79.46366310119629,82.26179122924805,0.9997418522834778
7,12,right_hip,70.9148120880127,82.23957061767578,0.9996535181999207
7,13,left_knee,84.63841438293457,101.13603591918945,0.9891042113304138
7,14,right_knee,67.20877647399902,101.76706314086914,0.9935945868492126
7,15,left_ankle,87.29022026062012,120.25984764099121,0.9882938265800476
7,16,right_ankle,63.411617279052734,120.39671897888184,0.9930294752120972
8,0,nose,74.50469017028809,59.06247138977051,0.9999317526817322
8,1,left_eye,75.85833549499512,56.85384273529053,0.999813437461853
8,2,right_eye,72.77210235595703,56.95513725280762,0.9997890591621399
8,3,left_ear,77.87994384765625,56.46162986755371,0.9995167255401611
8,4,right_ear,71.6923999786377,57.017903327941895,0.9994655847549438
8,5,left_shoulder,84.42818641662598,63.070268630981445,0.9999603033065796
8,6,right_shoulder,68.38300228118896,64.45601463317871,0.9999434351921082
8,7,left_elbow,82.66183853149414,77.27948665618896,0.97040194272995
8,8,right_elbow,72.57914543151855,77.9165267944336,0.9608536958694458
8,9,left_wrist,81.11276626586914,89.0987491607666,0.9543642997741699
8,10,right_wrist,77.45684623718262,89.31417465209961,0.9589900374412537
8,11,left_hip,79.44235324859619,82.23688125610352,0.9997506737709045
8,12,right_hip,70.87853908538818,82.21830368041992,0.999663770198822
8,13,left_knee,84.63838577270508,101.0983943939209,0.9891000390052795
8,14,right_knee,67.20696926116943,101.76612854003906,0.9937021136283875
8,15,left_ankle,87.23869323730469,120.26105880737305,0.9882902503013611
8,16,right_ankle,63.41242790222168,120.39557456970215,0.9931683540344238
9,0,nose,74.49482917785645,58.711252212524414,0.9999347925186157
9,1,left_eye,75.83543300628662,56.65855884552002,0.999821126461029
9,2,right_eye,72.77224540710449,56.80739879608154,0.9997966289520264
9,3,left_ear,77.85796165466309,56.35974407196045,0.9995401501655579
9,4,right_ear,71.69241905212402,56.98631763458252,0.9994868636131287
9,5,left_shoulder,84.36126708984375,63.05714130401611,0.999961793422699
9,6,right_shoulder,68.38364601135254,64.44625854492188,0.9999440908432007
9,7,left_elbow,82.66219139099121,77.27073669433594,0.9708981513977051
9,8,right_elbow,72.59368896484375,77.85624504089355,0.9620237350463867
9,9,left_wrist,81.08935356140137,89.06524658203125,0.9550943970680237
9,10,right_wrist,77.45156764984131,89.22966957092285,0.9603614211082458
9,11,left_hip,79.37355995178223,82.23849296569824,0.9997610449790955
9,12,right_hip,70.87033748626709,82.21794128417969,0.9996767640113831
9,13,left_knee,84.58967208862305,101.12966537475586,0.989032506942749
9,14,right_knee,67.20556735992432,101.77125930786133,0.9937249422073364
9,15,left_ankle,87.22713470458984,120.27966499328613,0.988218367099762
9,16,right_ankle,63.412418365478516,120.49081802368164,0.993229866027832
10,0,nose,74.50102806091309,58.46518516540527,0.9999372363090515
10,1,left_eye,75.8551549911499,56.50651931762695,0.9998272657394409
10,2,right_eye,72.80993461608887,56.64008140563965,0.9998026490211487
10,3,left_ear,77.86340236663818,56.29836082458496,0.9995594024658203
10,4,right_ear,71.70800685882568,56.92045211791992,0.999504566192627
10,5,left_shoulder,84.30736541748047,63.04150104522705,0.9999628663063049
10,6,right_shoulder,68.38536262512207,64.46791648864746,0.9999441504478455
10,7,left_elbow,82.66311645507812,77.2676944732666,0.9713053703308105
10,8,right_elbow,72.5979232788086,77.86782741546631,0.9627763628959656
10,9,left_wrist,81.09170913696289,89.06049728393555,0.9553961753845215
10,10,right_wrist,77.43640899658203,89.23609733581543,0.9611808061599731
10,11,left_hip,79.35338020324707,82.28022575378418,0.9997686743736267
10,12,right_hip,70.86677551269531,82.24967002868652,0.9996869564056396
10,13,left_knee,84.62689399719238,101.20370864868164,0.9890257716178894
10,14,right_knee,67.20320701599121,101.79363250732422,0.9937547445297241
10,15,left_ankle,87.22699165344238,120.29401779174805,0.9881368279457092
10,16,right_ankle,63.41315746307373,120.54110527038574,0.9933049082756042
11,0,nose,74.50280666351318,58.40353965759277,0.9999391436576843
11,1,left_eye,75.8584213256836,56.389479637145996,0.9998325705528259
11,2,right_eye,72.82047271728516,56.579647064208984,0.9998080730438232
11,3,left_ear,77.86394596099854,56.262125968933105,0.9995746612548828
11,4,right_ear,71.71392917633057,56.902642250061035,0.9995214343070984
11,5,left_shoulder,84.2683219909668,63.04009437561035,0.9999635815620422
11,6,right_shoulder,68.38603019714355,64.47262763977051,0.9999443292617798
11,7,left_elbow,82.64791488647461,77.26670742034912,0.9707806706428528
11,8,right_elbow,72.57687568664551,77.87454128265381,0.9631629586219788
11,9,left_wrist,81.0930061340332,88.87566566467285,0.9545636773109436
11,10,right_wrist,77.41958618164062,89.26961898803711,0.9614742994308472
11,11,left_hip,79.35394287109375,82.37098693847656,0.9997727870941162
11,12,right_hip,70.85992336273193,82.30631828308105,0.9996928572654724
11,13,left_knee,84.71403121948242,101.51156425476074,0.9891518950462341
11,14,right_knee,67.20173835754395,101.6850471496582,0.9938066601753235
11,15,left_ankle,87.22739219665527,120.2973461151123,0.9881869554519653
11,16,right_ankle,63.414340019226074,120.46697616577148,0.9933730959892273
12,0,nose,74.48594570159912,58.39851379394531,0.9999409317970276
12,1,left_eye,75.85039615631104,56.315460205078125,0.9998372197151184
12,2,right_eye,72.81285285949707,56.499762535095215,0.9998137354850769
12,3,left_ear,77.8722095489502,56.25870704650879,0.9995889663696289
12,4,right_ear,71.70003414154053,56.865434646606445,0.9995365142822266
12,5,left_shoulder,84.26919937133789,63.04651737213135,0.9999641180038452
12,6,right_shoulder,68.30089569091797,64.59986686706543,0.9999442100524902
12,7,left_elbow,82.69679069519043,77.30636596679688,0.9706495404243469
12,8,right_elbow,72.56124019622803,78.05207252502441,0.9630019664764404
12,9,left_wrist,81.19390487670898,88.87019157409668,0.953944742679596
12,10,right_wrist,77.42102146148682,89.33305740356445,0.9612246155738831
12,11,left_hip,79.43158149719238,82.40104675292969,0.9997795820236206
12,12,right_hip,70.86333274841309,82.34988212585449,0.9997031092643738
12,13,left_knee,84.70727920532227,101.54858589172363,0.9893202781677246
12,14,right_knee,67.20541954040527,101.71140670776367,0.9938384294509888
12,15,left_ankle,87.22379684448242,120.30308723449707,0.9882081747055054
12,16,right_ankle,63.41493606567383,120.46613693237305,0.9934525489807129
13,0,nose,74.46961402893066,58.277626037597656,0.9999403357505798
13,1,left_eye,75.85211753845215,56.243600845336914,0.9998359680175781
13,2,right_eye,72.81186580657959,56.314430236816406,0.9998138546943665
13,3,left_ear,77.87281036376953,56.24640464782715,0.9995866417884827
13,4,right_ear,71.70414924621582,56.70217514038086,0.9995380640029907
13,5,left_shoulder,84.26801681518555,63.03080081939697,0.9999627470970154
13,6,right_shoulder,68.20758819580078,64.67127323150635,0.9999424815177917
13,7,left_elbow,82.7132797241211,77.20429420471191,0.9694105386734009
13,8,right_elbow,72.52821445465088,78.11287879943848,0.9620288610458374
13,9,left_wrist,81.23689651489258,88.31209182739258,0.9516149759292603
13,10,right_wrist,77.42118835449219,89.30543899536133,0.9597212672233582
13,11,left_hip,79.61100578308105,82.54115104675293,0.9997724890708923
13,12,right_hip,70.8682918548584,82.7232551574707,0.9996970891952515
13,13,left_knee,84.72001075744629,102.03309059143066,0.9895649552345276
13,14,right_knee,67.20864295959473,102.27865219116211,0.9939271807670593
13,15,left_ankle,87.24039077758789,120.30946731567383,0.9883063435554504
13,16,right_ankle,63.39202880859375,120.45802116394043,0.9935134053230286
14,0,nose,74.68985080718994,58.52067947387695,0.9999403357505798
14,1,left_eye,76.11132621765137,56.41913414001465,0.9998346567153931
14,2,right_eye,72.92064666748047,56.40259265899658,0.9998133182525635
14,3,left_ear,77.89223670959473,56.250314712524414,0.9995842576026917
14,4,right_ear,71.75106048583984,56.82436466217041,0.9995395541191101
14,5,left_shoulder,84.25365447998047,63.01152229309082,0.9999631643295288
14,6,right_shoulder,68.190598487854,64.70278263092041,0.9999434947967529
14,7,left_elbow,82.71971702575684,77.23935604095459,0.9692085981369019
14,8,right_elbow,72.51138210296631,78.3220911026001,0.9625840783119202
14,9,left_wrist,81.33456230163574,88.69678497314453,0.9515865445137024
14,10,right_wrist,77.48189449310303,89.32825088500977,0.9602965712547302
14,11,left_hip,79.68829154968262,82.60168075561523,0.9997722506523132
14,12,right_hip,70.90620994567871,82.81487464904785,0.999699056148529
14,13,left_knee,84.74438667297363,102.02820777893066,0.9895285964012146
14,14,right_knee,67.25908756256104,102.28354454040527,0.9939609169960022
14,15,left_ankle,87.30552673339844,120.34509658813477,0.9882351756095886
14,16,right_ankle,63.35655212402344,120.47872543334961,0.9935745596885681
15,0,nose,74.7146987915039,58.990349769592285,0.9999390840530396
15,1,left_eye,76.20912075042725,56.90627574920654,0.9998305439949036
15,2,right_eye,72.92856693267822,56.68528079986572,0.9998093247413635
15,3,left_ear,77.91107177734375,56.347923278808594,0.9995744228363037
15,4,right_ear,71.7511510848999,56.95073127746582,0.9995312094688416
15,5,left_shoulder,84.2538833618164,63.01867961883545,0.9999624490737915
15,6,right_shoulder,68.19092750549316,64.78219032287598,0.99994295835495
15,7,left_elbow,82.73777961730957,77.24886894226074,0.9685351848602295
15,8,right_elbow,72.52161502838135,78.39479923248291,0.9624773859977722
15,9,left_wrist,81.38967514038086,88.7678337097168,0.950919508934021
15,10,right_wrist,77.48642921447754,89.33417320251465,0.9601038098335266
15,11,left_hip,79.77554321289062,82.66565322875977,0.9997679591178894
15,12,right_hip,70.93090057373047,82.86557197570801,0.9996962547302246
15,13,left_knee,84.76508140563965,102.02375411987305,0.9894348382949829
15,14,right_knee,67.29166507720947,102.33076095581055,0.9939799904823303
15,15,left_ankle,87.38191604614258,120.35284996032715,0.9880910515785217
15,16,right_ankle,63.346519470214844,120.52847862243652,0.9936089515686035
16,0,nose,74.71901893615723,59.18038368225098,0.99993896484375
16,1,left_eye,76.27363681793213,57.08651542663574,0.9998297095298767
16,2,right_eye,72.93080806732178,56.78906440734863,0.999809205532074
16,3,left_ear,77.9382848739624,56.643781661987305,0.9995693564414978
16,4,right_ear,71.75707340240479,56.97601318359375,0.9995271563529968
16,5,left_shoulder,84.26458358764648,63.10157299041748,0.9999618530273438
16,6,right_shoulder,68.19139957427979,64.79554653167725,0.9999428987503052
16,7,left_elbow,82.76680946350098,77.28464603424072,0.9684401154518127
16,8,right_elbow,72.547287940979,78.46256256103516,0.9619742035865784
16,9,left_wrist,81.3921070098877,89.07466888427734,0.9506093859672546
16,10,right_wrist,77.52829074859619,89.37036514282227,0.9594396948814392
16,11,left_hip,79.85633850097656,82.75167465209961,0.9997625946998596
16,12,right_hip,70.96012115478516,82.93298721313477,0.9996923208236694
16,13,left_knee,84.79391098022461,102.10596084594727,0.9894471764564514
16,14,right_knee,67.29146480560303,102.38409042358398,0.9939978122711182
16,15,left_ankle,87.36892700195312,120.3951644897461,0.9880779981613159
16,16,right_ankle,63.33116054534912,120.63508987426758,0.9936349391937256
17,0,nose,74.84999179840088,60.055837631225586,0.9999343156814575
17,1,left_eye,76.446213722229,57.86673069000244,0.9998185634613037
17,2,right_eye,73.0019998550415,57.46177673339844,0.9997978210449219
17,3,left_ear,77.95395851135254,57.09321975708008,0.999538779258728
17,4,right_ear,71.80025577545166,57.27944374084473,0.9994968175888062
17,5,left_shoulder,84.31296348571777,63.25029373168945,0.9999595284461975
17,6,right_shoulder,68.19693088531494,64.83221530914307,0.9999403357505798
17,7,left_elbow,82.76933670043945,77.50165462493896,0.9672028422355652
17,8,right_elbow,72.58552551269531,78.49339962005615,0.9606544971466064
17,9,left_wrist,81.37855529785156,89.24623489379883,0.9487156867980957
17,10,right_wrist,77.59868621826172,89.54339981079102,0.9578132033348083
17,11,left_hip,79.95527744293213,82.76928901672363,0.9997546672821045
17,12,right_hip,71.01470947265625,82.96944618225098,0.9996854662895203
17,13,left_knee,84.79562759399414,102.20911979675293,0.9892044067382812
17,14,right_knee,67.2881031036377,102.5275707244873,0.9938752055168152
17,15,left_ankle,87.36964225769043,120.40117263793945,0.9877117276191711
17,16,right_ankle,63.32842826843262,120.74666976928711,0.9934672713279724
18,0,nose,74.81104850769043,59.9901008605957,0.999933123588562
18,1,left_eye,76.44015312194824,57.811903953552246,0.999814510345459
18,2,right_eye,72.97310829162598,57.45044231414795,0.9997943043708801
18,3,left_ear,77.94342041015625,57.06446647644043,0.9995276927947998
18,4,right_ear,71.77504539489746,57.27694511413574,0.999488115310669
18,5,left_shoulder,84.31357383728027,63.277082443237305,0.9999585747718811
18,6,right_shoulder,68.177809715271,64.85951900482178,0.9999397397041321
18,7,left_elbow,82.76876449584961,77.52135276794434,0.9668235182762146
18,8,right_elbow,72.59490013122559,78.57781410217285,0.9601873159408569
18,9,left_wrist,81.38100624084473,89.3464469909668,0.9482085108757019
18,10,right_wrist,77.62574195861816,89.55851554870605,0.9574004411697388
18,11,left_hip,79.9905014038086,82.76693344116211,0.999750554561615
18,12,right_hip,71.02917671203613,82.96428680419922,0.9996818900108337
18,13,left_knee,84.80573654174805,102.20620155334473,0.9890238046646118
18,14,right_knee,67.28819370269775,102.54562377929688,0.9937648773193359
18,15,left_ankle,87.35572814941406,120.40372848510742,0.9875448942184448
18,16,right_ankle,63.29727649688721,120.74579238891602,0.993351399898529
19,0,nose,74.7665786743164,59.9711275100708,0.9999338984489441
19,1,left_eye,76.37985229492188,57.745652198791504,0.9998166561126709
19,2,right_eye,72.94681549072266,57.36620903015137,0.999796986579895
19,3,left_ear,77.88092613220215,57.06003189086914,0.999531090259552
19,4,right_ear,71.75927639007568,57.244272232055664,0.9994917511940002
19,5,left_shoulder,84.30524826049805,63.29482078552246,0.999958336353302
19,6,right_shoulder,68.07303428649902,64.87039089202881,0.9999392628669739
19,7,left_elbow,82.76878356933594,77.56342887878418,0.9669692516326904
19,8,right_elbow,72.58747100830078,78.56496334075928,0.9600533246994019
19,9,left_wrist,81.48063659667969,89.34459686279297,0.9482671022415161
19,10,right_wrist,77.6569652557373,89.55549240112305,0.957221508026123
19,11,left_hip,79.99439239501953,82.76673316955566,0.9997514486312866
19,12,right_hip,71.03621482849121,82.95567512512207,0.9996837377548218
19,13,left_knee,84.80154037475586,102.20126152038574,0.9888119697570801
19,14,right_knee,67.29089260101318,102.53759384155273,0.9936152100563049
19,15,left_ankle,87.34911918640137,120.48548698425293,0.9872785210609436
19,16,right_ankle,63.29339027404785,120.9017276763916,0.9931713342666626
20,0,nose,74.73283290863037,59.52774524688721,0.9999343156814575
20,1,left_eye,76.37540340423584,57.446393966674805,0.999817430973053
20,2,right_eye,72.91805267333984,57.09460735321045,0.9997990131378174
20,3,left_ear,77.88154602050781,57.02437400817871,0.9995307922363281
20,4,right_ear,71.73375606536865,57.0280647277832,0.999491810798645
20,5,left_shoulder,84.32745933532715,63.300886154174805,0.9999577403068542
20,6,right_shoulder,68.00566673278809,64.86899375915527,0.9999387860298157
20,7,left_elbow,82.76890754699707,77.6077127456665,0.9669849872589111
20,8,right_elbow,72.56888389587402,78.52262020111084,0.9592139720916748
20,9,left_wrist,81.48001670837402,89.7841739654541,0.9480195641517639
20,10,right_wrist,77.68297672271729,89.56839561462402,0.9562821388244629
20,11,left_hip,80.05377769470215,82.79789924621582,0.9997519254684448
20,12,right_hip,71.03671073913574,82.97685623168945,0.9996842741966248
20,13,left_knee,84.83504295349121,102.4772834777832,0.988753616809845
20,14,right_knee,67.28701114654541,102.60817527770996,0.9934773445129395
20,15,left_ankle,87.37650871276855,120.8348274230957,0.9871252179145813
20,16,right_ankle,63.29110622406006,120.97743034362793,0.9929980635643005
21,0,nose,74.71219062805176,59.06426429748535,0.9999339580535889
21,1,left_eye,76.35377407073975,57.07636833190918,0.9998161196708679
21,2,right_eye,72.88996696472168,56.81591987609863,0.999799907207489
21,3,left_ear,77.8747034072876,56.93556785583496,0.9995220303535461
21,4,right_ear,71.71446323394775,56.86640739440918,0.9994869828224182
21,5,left_shoulder,84.34155464172363,63.30047130584717,0.999955952167511
21,6,right_shoulder,67.99447059631348,64.86776828765869,0.9999373555183411
21,7,left_elbow,82.82675743103027,77.62320518493652,0.9669003486633301
21,8,right_elbow,72.544846534729,78.52090358734131,0.9588717222213745
21,9,left_wrist,81.50204658508301,89.61843490600586,0.9479953050613403
21,10,right_wrist,77.68968105316162,89.57106590270996,0.9559121131896973
21,11,left_hip,80.19473075866699,82.75291442871094,0.9997541308403015
21,12,right_hip,71.06572151184082,82.97466278076172,0.9996877908706665
21,13,left_knee,84.83400344848633,102.46853828430176,0.988690197467804
21,14,right_knee,67.2848653793335,102.62334823608398,0.9933609962463379
21,15,left_ankle,87.42267608642578,120.82394599914551,0.9870066046714783
21,16,right_ankle,63.290791511535645,121.0041618347168,0.9928444027900696
22,0,nose,74.48062896728516,58.71232509613037,0.9999337196350098
22,1,left_eye,75.99067687988281,56.62497043609619,0.9998158812522888
22,2,right_eye,72.68395900726318,56.612043380737305,0.9998018145561218
22,3,left_ear,77.71608829498291,56.64125442504883,0.9995189905166626
22,4,right_ear,71.56144618988037,56.75006866455078,0.9994898438453674
22,5,left_shoulder,84.32901382446289,63.27653884887695,0.9999539852142334
22,6,right_shoulder,67.95414924621582,64.86737251281738,0.9999350905418396
22,7,left_elbow,82.85942077636719,77.12244510650635,0.9662766456604004
22,8,right_elbow,72.36068725585938,78.44642639160156,0.958301842212677
22,9,left_wrist,81.51372909545898,88.20541381835938,0.9465252161026001
22,10,right_wrist,77.68534183502197,89.57112312316895,0.9548672437667847
22,11,left_hip,80.21404266357422,82.73656845092773,0.9997535943984985
22,12,right_hip,71.08208656311035,82.95458793640137,0.999687910079956
22,13,left_knee,84.81837272644043,102.57561683654785,0.9885891675949097
22,14,right_knee,67.37879276275635,102.62351036071777,0.9932276010513306
22,15,left_ankle,87.49109268188477,120.9196662902832,0.9867905378341675
22,16,right_ankle,63.32420825958252,121.08377456665039,0.9926086664199829
23,0,nose,74.28303718566895,58.320255279541016,0.9999345541000366
23,1,left_eye,75.81377983093262,56.320204734802246,0.9998183250427246
23,2,right_eye,72.57347106933594,56.3428258895874,0.9998059272766113
23,3,left_ear,77.65257358551025,56.46533966064453,0.999523937702179
23,4,right_ear,71.50824069976807,56.549320220947266,0.9994984865188599
23,5,left_shoulder,84.32777404785156,63.264455795288086,0.9999535083770752
23,6,right_shoulder,67.88656711578369,64.8560619354248,0.9999347925186157
23,7,left_elbow,82.88871765136719,77.01481819152832,0.9663334488868713
23,8,right_elbow,72.22187042236328,78.32231998443604,0.9574897289276123
23,9,left_wrist,81.50732040405273,88.31111907958984,0.9459915161132812
23,10,right_wrist,77.64894962310791,89.52781677246094,0.9536292552947998
23,11,left_hip,80.22995948791504,82.7527904510498,0.9997571110725403
23,12,right_hip,71.09044075012207,82.95329093933105,0.9996917843818665
23,13,left_knee,84.81294631958008,102.93411254882812,0.9885715246200562
23,14,right_knee,67.5222396850586,102.62249946594238,0.9930712580680847
23,15,left_ankle,87.48933792114258,120.98230361938477,0.9867446422576904
23,16,right_ankle,63.36722373962402,121.0880184173584,0.9923976063728333
24,0,nose,74.2856216430664,58.37883949279785,0.9999332427978516
24,1,left_eye,75.82452297210693,56.38731002807617,0.9998143911361694
24,2,right_eye,72.56085395812988,56.3685417175293,0.9998031854629517
24,3,left_ear,77.65091896057129,56.50184154510498,0.9995102286338806
24,4,right_ear,71.45927429199219,56.560301780700684,0.9994901418685913
24,5,left_shoulder,84.30479049682617,63.25850486755371,0.9999518990516663
24,6,right_shoulder,67.88360595703125,64.90174293518066,0.9999327063560486
24,7,left_elbow,82.89286613464355,77.02391624450684,0.9661074280738831
24,8,right_elbow,72.28223323822021,78.3746337890625,0.9568066000938416
24,9,left_wrist,81.52021408081055,88.34872245788574,0.9454570412635803
24,10,right_wrist,77.656569480896,89.55495834350586,0.9527269005775452
24,11,left_hip,80.22870063781738,82.89243698120117,0.999748706817627
24,12,right_hip,71.09146118164062,83.20491790771484,0.9996820688247681
24,13,left_knee,84.83797073364258,103.1275749206543,0.9885703921318054
24,14,right_knee,67.55758762359619,103.02923202514648,0.9930924773216248
24,15,left_ankle,87.48893737792969,121.0262680053711,0.986816942691803
24,16,right_ankle,63.382391929626465,121.1094856262207,0.9923871755599976
25,0,nose,74.29583549499512,58.712525367736816,0.9999344348907471
25,1,left_eye,75.86724758148193,56.58851623535156,0.9998170733451843
25,2,right_eye,72.55568504333496,56.4984655380249,0.9998073577880859
25,3,left_ear,77.65191078186035,56.52615547180176,0.9995163679122925
25,4,right_ear,71.44062995910645,56.6666316986084,0.9994992017745972
25,5,left_shoulder,84.31275367736816,63.359951972961426,0.9999523162841797
25,6,right_shoulder,67.88557529449463,65.02691745758057,0.999933660030365
25,7,left_elbow,82.88115501403809,77.32754707336426,0.9665548801422119
25,8,right_elbow,72.37488746643066,78.59023094177246,0.9566633701324463
25,9,left_wrist,81.50972366333008,89.39981460571289,0.9459342360496521
25,10,right_wrist,77.6728343963623,89.66470718383789,0.9525098204612732
25,11,left_hip,80.26492118835449,83.08688163757324,0.9997488260269165
25,12,right_hip,71.11100673675537,83.30212593078613,0.9996827244758606
25,13,left_knee,84.95018005371094,103.1545639038086,0.9887523055076599
25,14,right_knee,67.55187034606934,103.10914039611816,0.9931937456130981
25,15,left_ankle,87.47209548950195,121.02495193481445,0.9870139956474304
25,16,right_ankle,63.38076114654541,121.10864639282227,0.9925137162208557
26,0,nose,74.31426048278809,58.8788366317749,0.9999352097511292
26,1,left_eye,75.93528747558594,56.71177864074707,0.9998195767402649
26,2,right_eye,72.54921913146973,56.599225997924805,0.9998109936714172
26,3,left_ear,77.66194820404053,56.62729263305664,0.9995211362838745
26,4,right_ear,71.39090061187744,56.7417049407959,0.9995049834251404
26,5,left_shoulder,84.31829452514648,63.37414741516113,0.9999516606330872
26,6,right_shoulder,67.88054466247559,65.06762027740479,0.9999332427978516
26,7,left_elbow,82.88124084472656,77.39493370056152,0.9667616486549377
26,8,right_elbow,72.2283411026001,78.62715721130371,0.9561312198638916
26,9,left_wrist,81.46930694580078,89.33012008666992,0.945746898651123
26,10,right_wrist,77.47460842132568,89.67988967895508,0.9513763785362244
26,11,left_hip,80.38121223449707,83.1478500366211,0.9997419118881226
26,12,right_hip,71.16644382476807,83.3363151550293,0.9996761679649353
26,13,left_knee,84.9512767791748,103.12902450561523,0.9890426993370056
26,14,right_knee,66.98285579681396,103.20573806762695,0.9933052659034729
26,15,left_ankle,87.51601219177246,121.02531433105469,0.9872059226036072
26,16,right_ankle,63.3672571182251,121.10772132873535,0.9926459193229675
27,0,nose,74.30749416351318,59.0372371673584,0.9999358057975769
27,1,left_eye,75.93686103820801,56.886844635009766,0.9998199343681335
27,2,right_eye,72.53341674804688,56.70331954956055,0.9998129606246948
27,3,left_ear,77.64392852783203,56.661152839660645,0.99952232837677
27,4,right_ear,71.38338565826416,56.840195655822754,0.9995090365409851
27,5,left_shoulder,84.32474136352539,63.434815406799316,0.9999517798423767
27,6,right_shoulder,67.88065910339355,65.08931159973145,0.9999346733093262
27,7,left_elbow,82.87309646606445,77.57794380187988,0.9674280881881714
27,8,right_elbow,72.19155311584473,78.64668846130371,0.9564704895019531
27,9,left_wrist,81.40897750854492,89.73819732666016,0.9469409584999084
27,10,right_wrist,77.47671604156494,89.71136093139648,0.9518836736679077
27,11,left_hip,80.4421615600586,83.15447807312012,0.9997376203536987
27,12,right_hip,71.21441841125488,83.32934379577637,0.9996706247329712
27,13,left_knee,85.00876426696777,102.7745246887207,0.9892656803131104
27,14,right_knee,66.88063621520996,103.23442459106445,0.9933966994285583
27,15,left_ankle,87.45365142822266,121.02185249328613,0.987430989742279
27,16,right_ankle,63.334221839904785,121.09617233276367,0.9927442669868469
28,0,nose,74.3090295791626,59.057016372680664,0.9999375939369202
28,1,left_eye,75.95189094543457,56.89581871032715,0.9998246431350708
28,2,right_eye,72.52924919128418,56.71216011047363,0.9998184442520142
28,3,left_ear,77.64555931091309,56.65975570678711,0.9995328783988953
28,4,right_ear,71.36923313140869,56.84395790100098,0.9995214343070984
28,5,left_shoulder,84.32514190673828,63.4340763092041,0.9999518990516663
28,6,right_shoulder,67.88073062896729,65.11588096618652,0.9999356269836426
28,7,left_elbow,82.88006782531738,77.58028507232666,0.9679335951805115
28,8,right_elbow,72.1126937866211,78.65625858306885,0.9564764499664307
28,9,left_wrist,81.4091682434082,89.55020904541016,0.9473196268081665
28,10,right_wrist,77.37295627593994,89.70221519470215,0.9516568183898926
28,11,left_hip,80.44978141784668,83.28287124633789,0.9997339248657227
28,12,right_hip,71.21793270111084,83.47841262817383,0.999667763710022
28,13,left_knee,85.01490592956543,102.84274101257324,0.9895825386047363
28,14,right_knee,66.74062252044678,103.26375961303711,0.9935235381126404
28,15,left_ankle,87.43629455566406,121.02351188659668,0.9877224564552307
28,16,right_ankle,63.35963249206543,121.09734535217285,0.9928914904594421
29,0,nose,74.27835941314697,59.035096168518066,0.9999385476112366
29,1,left_eye,75.8950424194336,56.85803413391113,0.9998264312744141
29,2,right_eye,72.51812934875488,56.7128849029541,0.9998208284378052
29,3,left_ear,77.62187957763672,56.659841537475586,0.9995355010032654
29,4,right_ear,71.36938571929932,56.86619758605957,0.9995275139808655
29,5,left_shoulder,84.31293487548828,63.43343734741211,0.999952495098114
29,6,right_shoulder,67.88617134094238,65.11488914489746,0.9999374151229858
29,7,left_elbow,82.87485122680664,77.55910396575928,0.9684827923774719
29,8,right_elbow,72.07369804382324,78.65190029144287,0.9569913744926453
29,9,left_wrist,81.39181137084961,89.48522567749023,0.9482026696205139
29,10,right_wrist,77.32545375823975,89.69545364379883,0.9522006511688232
29,11,left_hip,80.43073654174805,83.44782829284668,0.999728798866272
29,12,right_hip,71.21013641357422,83.5379409790039,0.9996627569198608
29,13,left_knee,85.01495361328125,102.92309761047363,0.989793598651886
29,14,right_knee,66.69885158538818,103.26131820678711,0.9936521053314209
29,15,left_ankle,87.42067337036133,121.02970123291016,0.9879962801933289
29,16,right_ankle,63.359503746032715,121.09517097473145,0.9930471181869507
30,0,nose,74.2416000366211,59.01995658874512,0.9999390244483948
30,1,left_eye,75.84742069244385,56.844239234924316,0.9998272657394409
30,2,right_eye,72.50335693359375,56.713361740112305,0.9998225569725037
30,3,left_ear,77.61527061462402,56.659865379333496,0.9995366930961609
30,4,right_ear,71.3582992553711,56.86763286590576,0.9995293617248535
30,5,left_shoulder,84.26068305969238,63.38184356689453,0.9999529719352722
30,6,right_shoulder,67.8839111328125,65.09676933288574,0.9999380707740784
30,7,left_elbow,82.87552833557129,77.47581481933594,0.9692986607551575
30,8,right_elbow,72.17801094055176,78.6595630645752,0.9571877717971802
30,9,left_wrist,81.39059066772461,89.47792053222656,0.9493600726127625
30,10,right_wrist,77.34565734863281,89.69819068908691,0.952546238899231
30,11,left_hip,80.41275978088379,83.42974662780762,0.9997283220291138
30,12,right_hip,71.20567321777344,83.53055953979492,0.999664306640625
30,13,left_knee,85.03888130187988,102.88268089294434,0.9899187088012695
30,14,right_knee,66.82158470153809,103.29668045043945,0.9937646985054016
30,15,left_ankle,87.42475509643555,120.97959518432617,0.9881409406661987
30,16,right_ankle,63.413658142089844,121.12215042114258,0.9932130575180054
31,0,nose,74.25501823425293,59.02556896209717,0.9999399185180664
31,1,left_eye,75.88315010070801,56.845808029174805,0.9998294711112976
31,2,right_eye,72.5054407119751,56.713666915893555,0.9998249411582947
31,3,left_ear,77.61865139007568,56.643476486206055,0.9995404481887817
31,4,right_ear,71.35855674743652,56.86817169189453,0.9995344877243042
31,5,left_shoulder,84.27044868469238,63.381333351135254,0.9999533891677856
31,6,right_shoulder,67.91155815124512,65.09596824645996,0.9999387860298157
31,7,left_elbow,82.87555694580078,77.4203109741211,0.9694927334785461
31,8,right_elbow,72.24752902984619,78.65830898284912,0.9570655822753906
31,9,left_wrist,81.40192985534668,89.47141647338867,0.9494604468345642
31,10,right_wrist,77.45337009429932,89.69473838806152,0.9524163603782654
31,11,left_hip,80.40910720825195,83.41772079467773,0.999729335308075
31,12,right_hip,71.21148586273193,83.52152824401855,0.9996662139892578
31,13,left_knee,85.06597518920898,102.88148880004883,0.9899882078170776
31,14,right_knee,66.83089256286621,103.28205108642578,0.9938263297080994
31,15,left_ankle,87.42168426513672,121.02100372314453,0.9882831573486328
31,16,right_ankle,63.404130935668945,121.11883163452148,0.9932935237884521
32,0,nose,74.14230346679688,58.946542739868164,0.9999419450759888
32,1,left_eye,75.71221828460693,56.743245124816895,0.9998342394828796
32,2,right_eye,72.44181632995605,56.699252128601074,0.9998298287391663
32,3,left_ear,77.59398460388184,56.61444664001465,0.9995530247688293
32,4,right_ear,71.3122034072876,56.87166213989258,0.9995477795600891
32,5,left_shoulder,84.23287391662598,63.31308841705322,0.9999546408653259
32,6,right_shoulder,67.91929721832275,65.08532524108887,0.9999401569366455
32,7,left_elbow,82.87494659423828,77.39576816558838,0.9699049592018127
32,8,right_elbow,72.3288106918335,78.65734100341797,0.9574494957923889
32,9,left_wrist,81.64621353149414,89.47281837463379,0.9501263499259949
32,10,right_wrist,77.54617214202881,89.70376014709473,0.9529566168785095
32,11,left_hip,80.37681579589844,83.4114933013916,0.999731719493866
32,12,right_hip,71.20800018310547,83.51839065551758,0.9996688365936279
32,13,left_knee,85.07574081420898,102.78491020202637,0.9901743531227112
32,14,right_knee,66.82847023010254,103.24541091918945,0.9939780235290527
32,15,left_ankle,87.41995811462402,120.97129821777344,0.9885420799255371
32,16,right_ankle,63.32022666931152,121.1195182800293,0.993484377861023
33,0,nose,74.14259433746338,58.823561668395996,0.9999424815177917
33,1,left_eye,75.70898532867432,56.607069969177246,0.9998353719711304
33,2,right_eye,72.43621826171875,56.599130630493164,0.9998309016227722
33,3,left_ear,77.59335994720459,56.557302474975586,0.9995559453964233
33,4,right_ear,71.28803253173828,56.84147834777832,0.9995502233505249
33,5,left_shoulder,84.18649673461914,63.250298500061035,0.9999551177024841
33,6,right_shoulder,67.92142391204834,65.06789207458496,0.9999403953552246
33,7,left_elbow,82.85683631896973,77.38793849945068,0.9697335362434387
33,8,right_elbow,72.39052772521973,78.65735054016113,0.9574834704399109
33,9,left_wrist,81.64227485656738,89.48246955871582,0.9500575661659241
33,10,right_wrist,77.63391017913818,89.75393295288086,0.9530746340751648
33,11,left_hip,80.33824920654297,83.32708358764648,0.9997343420982361
33,12,right_hip,71.20557308197021,83.4998893737793,0.9996715188026428
33,13,left_knee,85.07657051086426,102.7619743347168,0.9901509284973145
33,14,right_knee,66.98304176330566,103.21174621582031,0.9939966797828674
33,15,left_ankle,87.4329662322998,121.0330867767334,0.9885522723197937
33,16,right_ankle,63.30089092254639,121.11905097961426,0.9935123324394226
34,0,nose,74.14387702941895,58.80850791931152,0.9999411702156067
34,1,left_eye,75.70069313049316,56.60815238952637,0.9998313188552856
34,2,right_eye,72.44076728820801,56.599979400634766,0.9998255968093872
34,3,left_ear,77.52821445465088,56.507554054260254,0.9995433688163757
34,4,right_ear,71.29465579986572,56.845784187316895,0.9995356202125549
34,5,left_shoulder,84.18698310852051,63.21499824523926,0.9999549984931946
34,6,right_shoulder,67.95422554016113,65.06717681884766,0.9999390244483948
34,7,left_elbow,82.83576965332031,77.37680912017822,0.9692972302436829
34,8,right_elbow,72.43999481201172,78.65323066711426,0.9573984742164612
34,9,left_wrist,81.63908004760742,89.50724601745605,0.9498858451843262
34,10,right_wrist,77.72481441497803,89.76775169372559,0.9531974196434021
34,11,left_hip,80.31912803649902,83.24602127075195,0.9997336268424988
34,12,right_hip,71.20688438415527,83.4627628326416,0.9996684193611145
34,13,left_knee,85.07508277893066,102.70142555236816,0.9900473952293396
34,14,right_knee,67.10678100585938,103.18123817443848,0.993994951248169
34,15,left_ankle,87.45257377624512,121.10947608947754,0.9885658025741577
34,16,right_ankle,63.28359603881836,121.11858367919922,0.9934870600700378
35,0,nose,74.13567543029785,58.63429069519043,0.9999396800994873
35,1,left_eye,75.70004463195801,56.52912139892578,0.9998279809951782
35,2,right_eye,72.42679595947266,56.520376205444336,0.9998229146003723
35,3,left_ear,77.53127098083496,56.489295959472656,0.9995297789573669
35,4,right_ear,71.28382682800293,56.78454399108887,0.9995236992835999
35,5,left_shoulder,84.19233322143555,63.192081451416016,0.9999528527259827
35,6,right_shoulder,67.99010276794434,65.0762414932251,0.9999359846115112
35,7,left_elbow,82.84509658813477,77.26580142974854,0.9681863784790039
35,8,right_elbow,72.45187282562256,78.65199089050293,0.9559741020202637
35,9,left_wrist,81.63652420043945,88.60980033874512,0.9481064081192017
35,10,right_wrist,77.73382663726807,89.75042343139648,0.9513540863990784
35,11,left_hip,80.32316207885742,83.10906410217285,0.9997314810752869
35,12,right_hip,71.22014045715332,83.3979606628418,0.9996676445007324
35,13,left_knee,85.09576797485352,102.70358085632324,0.9899241924285889
35,14,right_knee,67.12491035461426,103.17484855651855,0.9939948320388794
35,15,left_ankle,87.44526863098145,121.06924057006836,0.9884471893310547
35,16,right_ankle,63.28352928161621,121.13204956054688,0.9934549331665039
36,0,nose,74.13625240325928,58.80222797393799,0.9999414682388306
36,1,left_eye,75.7068920135498,56.63349151611328,0.9998328685760498
36,2,right_eye,72.4267578125,56.59502983093262,0.9998271465301514
36,3,left_ear,77.55112648010254,56.49510860443115,0.9995455741882324
36,4,right_ear,71.28549098968506,56.81559085845947,0.9995363354682922
36,5,left_shoulder,84.19404983520508,63.223185539245605,0.9999539256095886
36,6,right_shoulder,67.91373252868652,65.07798194885254,0.9999366402626038
36,7,left_elbow,82.82832145690918,77.31751918792725,0.9684177041053772
36,8,right_elbow,72.46572971343994,78.68607997894287,0.9561963677406311
36,9,left_wrist,81.72609329223633,88.97223472595215,0.9484024047851562
36,10,right_wrist,77.71402835845947,89.83625411987305,0.9519942402839661
36,11,left_hip,80.22458076477051,83.01778793334961,0.9997349381446838
36,12,right_hip,71.21723175048828,83.17953109741211,0.9996709823608398
36,13,left_knee,85.08166313171387,102.38153457641602,0.9899958372116089
36,14,right_knee,67.12204933166504,102.92047500610352,0.9940679669380188
36,15,left_ankle,87.4128532409668,121.04065895080566,0.9885255694389343
36,16,right_ankle,63.28903675079346,121.11543655395508,0.9935632944107056
37,0,nose,73.99621486663818,58.61125469207764,0.9999423623085022
37,1,left_eye,75.607008934021,56.53564453125,0.9998355507850647
37,2,right_eye,72.35736846923828,56.50460243225098,0.9998298287391663
37,3,left_ear,77.53788948059082,56.37871742248535,0.9995510578155518
37,4,right_ear,71.26372337341309,56.72162055969238,0.9995409250259399
37,5,left_shoulder,84.22428131103516,63.222389221191406,0.9999542236328125
37,6,right_shoulder,67.85049438476562,65.06044864654541,0.999937117099762
37,7,left_elbow,82.79555320739746,77.3303747177124,0.9686469435691833
37,8,right_elbow,72.4364185333252,78.67511749267578,0.9566952586174011
37,9,left_wrist,81.72338485717773,89.03449058532715,0.9486771821975708
37,10,right_wrist,77.70307064056396,89.78738784790039,0.9523553252220154
37,11,left_hip,80.22440910339355,83.07390213012695,0.9997332692146301
37,12,right_hip,71.20015621185303,83.20444107055664,0.999673068523407
37,13,left_knee,85.08402824401855,102.42572784423828,0.9900667071342468
37,14,right_knee,67.14712619781494,102.76491165161133,0.994188666343689
37,15,left_ankle,87.35171318054199,120.85626602172852,0.988497793674469
37,16,right_ankle,63.28995704650879,121.13188743591309,0.9936992526054382
38,0,nose,74.01674747467041,58.70988845825195,0.999943733215332
38,1,left_eye,75.64718723297119,56.59989833831787,0.9998388290405273
38,2,right_eye,72.35862731933594,56.55167102813721,0.9998328685760498
38,3,left_ear,77.55112648010254,56.39134407043457,0.999561607837677
38,4,right_ear,71.2554931640625,56.7615270614624,0.9995490908622742
38,5,left_shoulder,84.20332908630371,63.22211742401123,0.9999551773071289
38,6,right_shoulder,67.81777858734131,65.05139827728271,0.9999380707740784
38,7,left_elbow,82.7753734588623,77.35696315765381,0.9692214131355286
38,8,right_elbow,72.48653411865234,78.67949485778809,0.957053005695343
38,9,left_wrist,81.79939270019531,89.48617935180664,0.9496043920516968
38,10,right_wrist,77.75198936462402,89.81807708740234,0.9530852437019348
38,11,left_hip,80.17847061157227,83.00776481628418,0.9997362494468689
38,12,right_hip,71.19126796722412,83.15173149108887,0.9996758699417114
38,13,left_knee,85.06145477294922,102.28317260742188,0.990106999874115
38,14,right_knee,67.14737892150879,102.64678001403809,0.9942280054092407
38,15,left_ankle,87.3122501373291,120.79562187194824,0.9885600209236145
38,16,right_ankle,63.29218864440918,121.13262176513672,0.993776261806488
39,0,nose,73.7838888168335,58.591599464416504,0.9999444484710693
39,1,left_eye,75.41325569152832,56.51679992675781,0.9998409748077393
39,2,right_eye,72.21448421478271,56.49852275848389,0.9998345375061035
39,3,left_ear,77.51828670501709,56.32054328918457,0.9995648264884949
39,4,right_ear,71.19725704193115,56.70682907104492,0.9995498061180115
39,5,left_shoulder,84.22317504882812,63.227901458740234,0.9999556541442871
39,6,right_shoulder,67.787184715271,65.04530906677246,0.9999384880065918
39,7,left_elbow,82.75530815124512,77.5654125213623,0.9696087837219238
39,8,right_elbow,72.48312950134277,78.67910861968994,0.9574557542800903
39,9,left_wrist,81.83119773864746,90.13069152832031,0.9502093195915222
39,10,right_wrist,77.74808406829834,89.81447219848633,0.9534268379211426
39,11,left_hip,80.17752647399902,83.09733390808105,0.9997342228889465
39,12,right_hip,71.18361473083496,83.23736190795898,0.9996771812438965
39,13,left_knee,85.06916999816895,102.29238510131836,0.9900493621826172
39,14,right_knee,67.15756416320801,102.63093948364258,0.9943128228187561
39,15,left_ankle,87.2364616394043,120.76947212219238,0.9884811043739319
39,16,right_ankle,63.29570293426514,121.19592666625977,0.9938826560974121
40,0,nose,73.85144233703613,58.66546630859375,0.9999456405639648
40,1,left_eye,75.50572395324707,56.517977714538574,0.9998442530632019
40,2,right_eye,72.24893093109131,56.51440143585205,0.9998375773429871
40,3,left_ear,77.56510734558105,56.32749080657959,0.9995744228363037
40,4,right_ear,71.19622707366943,56.72438144683838,0.9995572566986084
40,5,left_shoulder,84.22042846679688,63.23026657104492,0.9999569058418274
40,6,right_shoulder,67.78378963470459,65.01321315765381,0.9999396204948425
40,7,left_elbow,82.7231502532959,77.58593559265137,0.9699912667274475
40,8,right_elbow,72.55494594573975,78.68294715881348,0.9575574994087219
40,9,left_wrist,81.87601089477539,90.41422843933105,0.9509128928184509
40,10,right_wrist,77.79644012451172,89.85182762145996,0.9537926316261292
40,11,left_hip,80.17730712890625,83.08340072631836,0.9997376799583435
40,12,right_hip,71.18868350982666,83.21051597595215,0.9996797442436218
40,13,left_knee,85.07891654968262,102.32610702514648,0.9901232123374939
40,14,right_knee,67.15756893157959,102.61575698852539,0.9943326115608215
40,15,left_ankle,87.23623275756836,120.82462310791016,0.9885513782501221
40,16,right_ankle,63.2957649230957,121.16998672485352,0.9939135313034058
41,0,nose,73.82965087890625,58.72452735900879,0.9999455213546753
41,1,left_eye,75.49378871917725,56.57727241516113,0.9998441338539124
41,2,right_eye,72.20065116882324,56.56720161437988,0.9998359084129333
41,3,left_ear,77.56459712982178,56.32812023162842,0.9995747804641724
41,4,right_ear,71.14424228668213,56.735873222351074,0.999552309513092
41,5,left_shoulder,84.22307968139648,63.224806785583496,0.9999575614929199
41,6,right_shoulder,67.75444984436035,65.01467704772949,0.99993896484375
41,7,left_elbow,82.72175788879395,77.59822845458984,0.9700400233268738
41,8,right_elbow,72.55532741546631,78.68273735046387,0.9573467373847961
41,9,left_wrist,81.96535110473633,90.70384979248047,0.9511809945106506
41,10,right_wrist,77.81609535217285,89.96770858764648,0.953772783279419
41,11,left_hip,80.16727447509766,83.01796913146973,0.9997377991676331
41,12,right_hip,71.19089603424072,83.14821243286133,0.9996772408485413
41,13,left_knee,85.06734848022461,102.32912063598633,0.9899055361747742
41,14,right_knee,67.30224609375,102.61656761169434,0.9942819476127625
41,15,left_ankle,87.23630905151367,120.8427619934082,0.9884287118911743
41,16,right_ankle,63.29154014587402,121.15887641906738,0.9938527941703796
42,0,nose,73.8467025756836,58.72537136077881,0.9999463558197021
42,1,left_eye,75.55788993835449,56.5924596786499,0.9998465180397034
42,2,right_eye,72.20067024230957,56.56792640686035,0.9998376965522766
42,3,left_ear,77.63658046722412,56.391005516052246,0.9995811581611633
42,4,right_ear,71.12355709075928,56.73721790313721,0.9995561838150024
42,5,left_shoulder,84.24577713012695,63.227524757385254,0.9999582767486572
42,6,right_shoulder,67.74341583251953,65.01256465911865,0.99993896484375
42,7,left_elbow,82.71321296691895,77.71602630615234,0.9700514078140259
42,8,right_elbow,72.56564140319824,78.67810249328613,0.957630455493927
42,9,left_wrist,81.99795722961426,90.83520889282227,0.9515831470489502
42,10,right_wrist,77.82872676849365,90.05044937133789,0.9542170763015747
42,11,left_hip,80.16118049621582,82.98551559448242,0.999740481376648
42,12,right_hip,71.19129180908203,83.11129570007324,0.9996780753135681
42,13,left_knee,85.0571346282959,102.37323760986328,0.98983234167099
42,14,right_knee,67.31465816497803,102.61785507202148,0.9942750334739685
42,15,left_ankle,87.24325180053711,120.95619201660156,0.9884099364280701
42,16,right_ankle,63.26777935028076,121.14461898803711,0.9938287138938904
43,0,nose,73.82894039154053,58.76448631286621,0.9999462962150574
43,1,left_eye,75.52138328552246,56.613664627075195,0.9998471736907959
43,2,right_eye,72.14816093444824,56.62205219268799,0.9998369812965393
43,3,left_ear,77.62907981872559,56.38660430908203,0.9995846152305603
43,4,right_ear,71.06328010559082,56.77891731262207,0.9995570182800293
43,5,left_shoulder,84.24229621887207,63.218750953674316,0.9999592304229736
43,6,right_shoulder,67.7337646484375,65.05825996398926,0.9999396800994873
43,7,left_elbow,82.63967514038086,77.80989646911621,0.9699382185935974
43,8,right_elbow,72.56587028503418,78.71814727783203,0.9581037759780884
43,9,left_wrist,81.93751335144043,90.8388900756836,0.9516873955726624
43,10,right_wrist,77.83883094787598,90.12638092041016,0.9549490213394165
43,11,left_hip,80.14909744262695,82.97115325927734,0.9997409582138062
43,12,right_hip,71.19103908538818,83.10670852661133,0.9996781945228577
43,13,left_knee,85.04842758178711,102.37704277038574,0.9896876215934753
43,14,right_knee,67.31806755065918,102.6148796081543,0.994263768196106
43,15,left_ankle,87.24334716796875,120.82502365112305,0.9881839156150818
43,16,right_ankle,63.25850963592529,121.02256774902344,0.9937765598297119
44,0,nose,73.76727104187012,58.76323699951172,0.9999473094940186
44,1,left_eye,75.45186519622803,56.61184310913086,0.9998502731323242
44,2,right_eye,72.07376003265381,56.62283420562744,0.9998395442962646
44,3,left_ear,77.62564182281494,56.35900020599365,0.9995920062065125
44,4,right_ear,71.00007057189941,56.778812408447266,0.9995619058609009
44,5,left_shoulder,84.26019668579102,63.21661949157715,0.9999601244926453
44,6,right_shoulder,67.73163795471191,65.06514072418213,0.9999404549598694
44,7,left_elbow,82.5706672668457,77.95763492584229,0.970172643661499
44,8,right_elbow,72.58230686187744,78.74170780181885,0.9583155512809753
44,9,left_wrist,81.9373893737793,90.96090316772461,0.9520031809806824
44,10,right_wrist,77.85967350006104,90.2250862121582,0.9552610516548157
44,11,left_hip,80.14819145202637,83.09080123901367,0.9997442364692688
44,12,right_hip,71.19009971618652,83.12188148498535,0.9996840357780457
44,13,left_knee,85.05064010620117,102.55340576171875,0.98967045545578
44,14,right_knee,67.31488704681396,102.62190818786621,0.9943430423736572
44,15,left_ankle,87.26003646850586,120.85893630981445,0.9881466031074524
44,16,right_ankle,63.29456806182861,121.0760498046875,0.9938807487487793
45,0,nose,73.80765438079834,58.46883773803711,0.9999481439590454
45,1,left_eye,75.48030853271484,56.235971450805664,0.9998528957366943
45,2,right_eye,72.13147640228271,56.37341499328613,0.9998420476913452
45,3,left_ear,77.65748500823975,56.1966609954834,0.9995988011360168
45,4,right_ear,71.00693702697754,56.71228885650635,0.9995691180229187
45,5,left_shoulder,84.2599105834961,63.152456283569336,0.9999607801437378
45,6,right_shoulder,67.72641181945801,65.05499839782715,0.9999409914016724
45,7,left_elbow,82.55217552185059,77.94039249420166,0.9697571396827698
45,8,right_elbow,72.60252475738525,78.76017093658447,0.9582332968711853
45,9,left_wrist,81.93639755249023,90.99039077758789,0.9512739777565002
45,10,right_wrist,77.86552429199219,90.22360801696777,0.9550230503082275
45,11,left_hip,80.15429496765137,83.08951377868652,0.9997458457946777
45,12,right_hip,71.19895935058594,83.12446594238281,0.999687910079956
45,13,left_knee,85.05061149597168,102.5931453704834,0.9896039962768555
45,14,right_knee,67.34949588775635,102.63553619384766,0.9943476915359497
45,15,left_ankle,87.26031303405762,120.7878303527832,0.987997829914093
45,16,right_ankle,63.269453048706055,120.97931861877441,0.9938830137252808
46,0,nose,73.84024143218994,58.45293998718262,0.9999485015869141
46,1,left_eye,75.49702644348145,56.195502281188965,0.999853789806366
46,2,right_eye,72.16921806335449,56.37608051300049,0.9998421669006348
46,3,left_ear,77.66404628753662,56.17709159851074,0.9996019005775452
46,4,right_ear,71.04727268218994,56.72411918640137,0.9995701313018799
46,5,left_shoulder,84.24750328063965,63.13912391662598,0.9999614953994751
46,6,right_shoulder,67.73274421691895,65.04668235778809,0.9999415278434753
46,7,left_elbow,82.54938125610352,77.88491249084473,0.9699239730834961
46,8,right_elbow,72.61763572692871,78.73146057128906,0.9582327008247375
46,9,left_wrist,81.93056106567383,90.82383155822754,0.9514104723930359
46,10,right_wrist,77.86492824554443,90.15470504760742,0.9551666378974915
46,11,left_hip,80.14866828918457,83.08198928833008,0.9997482895851135
46,12,right_hip,71.20039463043213,83.10808181762695,0.9996917247772217
46,13,left_knee,85.03107070922852,102.5437068939209,0.9895337820053101
46,14,right_knee,67.30825901031494,102.63650894165039,0.9943278431892395
46,15,left_ankle,87.27790832519531,120.58152198791504,0.9878808856010437
46,16,right_ankle,63.27442646026611,120.91716766357422,0.9938890337944031
47,0,nose,73.82687568664551,58.31836223602295,0.9999488592147827
47,1,left_eye,75.47661781311035,56.08609199523926,0.9998548626899719
47,2,right_eye,72.16156959533691,56.29185676574707,0.9998424649238586
47,3,left_ear,77.65555381774902,56.14234447479248,0.9996030926704407
47,4,right_ear,71.03902339935303,56.6803503036499,0.9995709657669067
47,5,left_shoulder,84.22672271728516,63.08338642120361,0.9999619722366333
47,6,right_shoulder,67.7206563949585,65.04775047302246,0.9999416470527649
47,7,left_elbow,82.50825881958008,77.81041622161865,0.9699229598045349
47,8,right_elbow,72.59724617004395,78.65504264831543,0.9583340287208557
47,9,left_wrist,81.92961692810059,90.82240104675293,0.9512673020362854
47,10,right_wrist,77.72197723388672,90.07406234741211,0.9551124572753906
47,11,left_hip,80.14541625976562,83.11944961547852,0.9997491240501404
47,12,right_hip,71.19942665100098,83.13002586364746,0.999692976474762
47,13,left_knee,85.01245498657227,102.6359748840332,0.9894930124282837
47,14,right_knee,67.3125696182251,102.67263412475586,0.9943086504936218
47,15,left_ankle,87.27818489074707,120.6113052368164,0.9878947734832764
47,16,right_ankle,63.23107719421387,120.92092514038086,0.993867814540863
48,0,nose,73.82821559906006,58.33517551422119,0.9999463558197021
48,1,left_eye,75.48023223876953,56.13944053649902,0.9998487234115601
48,2,right_eye,72.16618537902832,56.32510185241699,0.9998362064361572
48,3,left_ear,77.65120029449463,56.14415168762207,0.9995838403701782
48,4,right_ear,71.05731010437012,56.68771743774414,0.9995512366294861
48,5,left_shoulder,84.20866966247559,63.075246810913086,0.9999608993530273
48,6,right_shoulder,67.73630619049072,65.00852108001709,0.9999402761459351
48,7,left_elbow,82.50869750976562,77.72015571594238,0.969539225101471
48,8,right_elbow,72.48053073883057,78.49893093109131,0.9568817019462585
48,9,left_wrist,81.5776252746582,90.25516510009766,0.9502740502357483
48,10,right_wrist,77.69293308258057,89.93099212646484,0.9528892040252686
48,11,left_hip,80.14005661010742,83.12127113342285,0.9997403621673584
48,12,right_hip,71.17151737213135,83.1467056274414,0.9996845722198486
48,13,left_knee,85.01391410827637,102.6902961730957,0.9894484281539917
48,14,right_knee,67.23002433776855,102.77718544006348,0.9943100810050964
48,15,left_ankle,87.36771583557129,120.58863639831543,0.9878844618797302
48,16,right_ankle,63.18737983703613,120.92414855957031,0.9938774108886719
49,0,nose,73.82411003112793,58.320326805114746,0.9999448657035828
49,1,left_eye,75.48164367675781,56.14532470703125,0.9998453855514526
49,2,right_eye,72.16540336608887,56.30780220031738,0.9998331069946289
49,3,left_ear,77.63475894927979,56.09323978424072,0.9995707869529724
49,4,right_ear,71.0644006729126,56.60781383514404,0.9995383620262146
49,5,left_shoulder,84.20535087585449,63.05530548095703,0.9999595880508423
49,6,right_shoulder,67.75858879089355,64.97446537017822,0.9999383687973022
49,7,left_elbow,82.51161575317383,77.64593601226807,0.969184160232544
49,8,right_elbow,72.45589256286621,78.47610473632812,0.9552386403083801
49,9,left_wrist,81.50053024291992,89.92528915405273,0.9492968916893005
49,10,right_wrist,77.66464233398438,89.85502243041992,0.9505963325500488
49,11,left_hip,80.13755798339844,83.10629844665527,0.9997372031211853
49,12,right_hip,71.14514350891113,83.14558982849121,0.9996830821037292
49,13,left_knee,85.00669479370117,102.73353576660156,0.9894312024116516
49,14,right_knee,67.14758396148682,102.86386489868164,0.9943301677703857
49,15,left_ankle,87.43876457214355,120.57141304016113,0.9878908395767212
49,16,right_ankle,63.13187122344971,120.92692375183105,0.9938955307006836
50,0,nose,73.79109382629395,58.32719802856445,0.9999436736106873
50,1,left_eye,75.42768001556396,56.157822608947754,0.9998419880867004
50,2,right_eye,72.16511726379395,56.32220268249512,0.9998293519020081
50,3,left_ear,77.55939483642578,56.09684944152832,0.9995599389076233
50,4,right_ear,71.077561378479,56.61741256713867,0.9995283484458923
50,5,left_shoulder,84.18573379516602,63.047003746032715,0.9999594688415527
50,6,right_shoulder,67.76129722595215,64.94585514068604,0.9999383091926575
50,7,left_elbow,82.50792503356934,77.52293586730957,0.9693126082420349
50,8,right_elbow,72.35499382019043,78.2369327545166,0.9549256563186646
50,9,left_wrist,81.47727012634277,89.65564727783203,0.9493163228034973
50,10,right_wrist,77.62223720550537,89.74961280822754,0.9499737024307251
50,11,left_hip,80.12458801269531,83.28976631164551,0.9997351765632629
50,12,right_hip,71.13156318664551,83.20056915283203,0.9996806383132935
50,13,left_knee,85.00679969787598,103.13769340515137,0.9893507361412048
50,14,right_knee,67.17437744140625,102.87263870239258,0.9942578673362732
50,15,left_ankle,87.50722885131836,120.79666137695312,0.9878836274147034
50,16,right_ankle,63.130178451538086,120.92764854431152,0.9938132166862488
51,0,nose,73.79164695739746,58.07701587677002,0.9999428987503052
51,1,left_eye,75.42843818664551,56.050148010253906,0.9998398423194885
51,2,right_eye,72.16898441314697,56.13894462585449,0.9998279809951782
51,3,left_ear,77.55389213562012,56.0947847366333,0.9995535016059875
51,4,right_ear,71.08296871185303,56.57156467437744,0.9995251893997192
51,5,left_shoulder,84.09538269042969,63.00610542297363,0.9999592304229736
51,6,right_shoulder,67.76490211486816,64.94487762451172,0.9999384880065918
51,7,left_elbow,82.49429702758789,77.40745544433594,0.9689436554908752
51,8,right_elbow,72.35127449035645,78.23861598968506,0.9541952013969421
51,9,left_wrist,81.44610404968262,89.09584999084473,0.948349118232727
51,10,right_wrist,77.60674476623535,89.73794937133789,0.9487289190292358
51,11,left_hip,80.11643409729004,83.34243774414062,0.999733567237854
51,12,right_hip,71.13046169281006,83.29558372497559,0.9996796250343323
51,13,left_knee,85.00557899475098,103.15949440002441,0.9893544316291809
51,14,right_knee,67.1819543838501,102.87455558776855,0.9942038059234619
51,15,left_ankle,87.53692626953125,120.95968246459961,0.9878896474838257
51,16,right_ankle,63.15572261810303,120.92844009399414,0.9937407374382019
52,0,nose,73.75964164733887,57.98571586608887,0.9999424815177917
52,1,left_eye,75.39754390716553,55.94735145568848,0.9998393654823303
52,2,right_eye,72.14863777160645,56.01578235626221,0.9998283386230469
52,3,left_ear,77.53674983978271,56.06465816497803,0.9995490312576294
52,4,right_ear,71.05944156646729,56.468143463134766,0.9995231032371521
52,5,left_shoulder,84.04850959777832,62.98834800720215,0.9999585151672363
52,6,right_shoulder,67.75174140930176,64.94266510009766,0.9999380111694336
52,7,left_elbow,82.49418258666992,77.3287296295166,0.9692208766937256
52,8,right_elbow,72.28377342224121,78.23206424713135,0.9534657597541809
52,9,left_wrist,81.19839668273926,88.8591194152832,0.9479609131813049
52,10,right_wrist,77.35613822937012,89.33029174804688,0.9472076892852783
52,11,left_hip,80.11778831481934,83.3732795715332,0.9997317790985107
52,12,right_hip,71.13027095794678,83.3222770690918,0.9996817708015442
52,13,left_knee,84.99883651733398,103.1843376159668,0.9894357919692993
52,14,right_knee,67.18243598937988,102.94466018676758,0.9941925406455994
52,15,left_ankle,87.47532844543457,120.88058471679688,0.9878775477409363
52,16,right_ankle,63.273653984069824,120.92880249023438,0.9937182664871216
53,0,nose,73.76724243164062,58.00022602081299,0.9999420046806335
53,1,left_eye,75.4078197479248,55.95472812652588,0.9998384714126587
53,2,right_eye,72.15059757232666,56.019086837768555,0.9998285174369812
53,3,left_ear,77.5302505493164,56.07722282409668,0.9995463490486145
53,4,right_ear,71.05993747711182,56.52562141418457,0.9995246529579163
53,5,left_shoulder,83.99208068847656,62.93877601623535,0.999957799911499
53,6,right_shoulder,67.75157928466797,64.94997501373291,0.9999378323554993
53,7,left_elbow,82.4793815612793,77.23740577697754,0.969153106212616
53,8,right_elbow,72.24837303161621,78.22237491607666,0.9528217315673828
53,9,left_wrist,81.02079391479492,88.60208511352539,0.9473877549171448
53,10,right_wrist,77.29390144348145,89.3339729309082,0.9460947513580322
53,11,left_hip,80.12203216552734,83.37128639221191,0.9997234344482422
53,12,right_hip,71.13310813903809,83.32480430603027,0.9996733069419861
53,13,left_knee,85.02493858337402,103.39298248291016,0.9896054267883301
53,14,right_knee,67.04983711242676,102.94431686401367,0.9941954612731934
53,15,left_ankle,87.39470481872559,120.87858200073242,0.9879932999610901
53,16,right_ankle,63.276448249816895,120.8918571472168,0.9937019944190979
54,0,nose,73.7570333480835,57.88734436035156,0.99994295835495
54,1,left_eye,75.37351131439209,55.905723571777344,0.9998410940170288
54,2,right_eye,72.15001106262207,55.97379684448242,0.9998315572738647
54,3,left_ear,77.50456809997559,56.07762813568115,0.9995538592338562
54,4,right_ear,71.01990699768066,56.52647018432617,0.9995347857475281
54,5,left_shoulder,83.89911651611328,62.94215679168701,0.9999580979347229
54,6,right_shoulder,67.70947933197021,64.96138095855713,0.9999385476112366
54,7,left_elbow,82.45593070983887,77.24595069885254,0.9693467617034912
54,8,right_elbow,72.24862575531006,78.0732250213623,0.9533504247665405
54,9,left_wrist,80.97487449645996,88.6756706237793,0.9477699398994446
54,10,right_wrist,77.23966121673584,89.33343887329102,0.9467059969902039
54,11,left_hip,80.10729789733887,83.40437889099121,0.999724268913269
54,12,right_hip,71.13083839416504,83.33311080932617,0.9996734857559204
54,13,left_knee,85.0527572631836,103.46674919128418,0.9898067712783813
54,14,right_knee,66.86682224273682,102.93365478515625,0.9942402839660645
54,15,left_ankle,87.38065719604492,120.85309982299805,0.9881930947303772
54,16,right_ankle,63.29946517944336,120.84885597229004,0.9937466382980347
55,0,nose,73.87392520904541,58.172364234924316,0.9999428987503052
55,1,left_eye,75.4465389251709,56.09785079956055,0.9998408555984497
55,2,right_eye,72.16177463531494,56.14422798156738,0.9998318552970886
55,3,left_ear,77.49844551086426,56.160573959350586,0.9995512962341309
55,4,right_ear,71.02335929870605,56.657586097717285,0.9995386600494385
55,5,left_shoulder,83.89633178710938,62.94017791748047,0.9999577403068542
55,6,right_shoulder,67.78032779693604,64.98502254486084,0.9999389052391052
55,7,left_elbow,82.44555473327637,77.21152305603027,0.9688541293144226
55,8,right_elbow,72.22975730895996,78.01963806152344,0.9535941481590271
55,9,left_wrist,80.96367835998535,88.63971710205078,0.9474563598632812
55,10,right_wrist,77.24195003509521,89.37238693237305,0.9468483328819275
55,11,left_hip,80.08484840393066,83.44823837280273,0.9997199773788452
55,12,right_hip,71.12790584564209,83.36150169372559,0.9996659755706787
55,13,left_knee,85.06103515625,103.64670753479004,0.9898520708084106
55,14,right_knee,66.73338890075684,103.0705451965332,0.9942377805709839
55,15,left_ankle,87.36325263977051,120.89468002319336,0.9883388876914978
55,16,right_ankle,63.27441215515137,120.81140518188477,0.9937047958374023
56,0,nose,73.84619235992432,57.92574405670166,0.9999430775642395
56,1,left_eye,75.41738986968994,55.91249465942383,0.999841034412384
56,2,right_eye,72.14491367340088,55.8924674987793,0.999832272529602
56,3,left_ear,77.49032020568848,56.07865810394287,0.9995489120483398
56,4,right_ear,71.01382255554199,56.48949146270752,0.9995365738868713
56,5,left_shoulder,83.87768745422363,62.885494232177734,0.9999579191207886
56,6,right_shoulder,67.78039455413818,64.9642276763916,0.9999387860298157
56,7,left_elbow,82.45646476745605,77.2201156616211,0.9692645072937012
56,8,right_elbow,72.22935676574707,77.92530059814453,0.9534075260162354
56,9,left_wrist,80.9710693359375,88.8981819152832,0.9479163885116577
56,10,right_wrist,77.24534511566162,89.23257827758789,0.9464325308799744
56,11,left_hip,80.10557174682617,83.47439765930176,0.9997239708900452
56,12,right_hip,71.15010738372803,83.38595390319824,0.9996711611747742
56,13,left_knee,85.05753517150879,103.64103317260742,0.9899046421051025
56,14,right_knee,66.7624568939209,103.11243057250977,0.9942460656166077
56,15,left_ankle,87.36139297485352,120.82507133483887,0.9883989691734314
56,16,right_ankle,63.30477237701416,120.79922676086426,0.9937074780464172
57,0,nose,73.8459300994873,57.908315658569336,0.999943733215332
57,1,left_eye,75.4163646697998,55.898637771606445,0.9998424053192139
57,2,right_eye,72.15047359466553,55.877957344055176,0.9998341202735901
57,3,left_ear,77.48942375183105,56.068997383117676,0.9995516538619995
57,4,right_ear,71.03211402893066,56.48634910583496,0.9995412826538086
57,5,left_shoulder,83.8697338104248,62.88388252258301,0.9999580979347229
57,6,right_shoulder,67.78018951416016,64.96441841125488,0.9999395608901978
57,7,left_elbow,82.43989944458008,77.22123622894287,0.9695399403572083
57,8,right_elbow,72.23042488098145,77.85547733306885,0.9533882141113281
57,9,left_wrist,80.97794532775879,88.79011154174805,0.9482477307319641
57,10,right_wrist,77.24278450012207,89.13427352905273,0.9463680982589722
57,11,left_hip,80.11653900146484,83.4974479675293,0.9997249245643616
57,12,right_hip,71.15254402160645,83.40029716491699,0.9996727705001831
57,13,left_knee,85.06650924682617,103.69455337524414,0.9901087284088135
57,14,right_knee,66.7431640625,103.11220169067383,0.9943004250526428
57,15,left_ankle,87.40664482116699,120.82155227661133,0.9886156320571899
57,16,right_ankle,63.300065994262695,120.7890510559082,0.9937659502029419
58,0,nose,73.71640205383301,57.74563789367676,0.9999434947967529
58,1,left_eye,75.30595302581787,55.76850891113281,0.9998416900634766
58,2,right_eye,72.09744453430176,55.76441764831543,0.9998330473899841
58,3,left_ear,77.47101783752441,56.0221004486084,0.999548614025116
58,4,right_ear,71.01254940032959,56.397953033447266,0.9995377063751221
58,5,left_shoulder,83.86650085449219,62.81309127807617,0.999957799911499
58,6,right_shoulder,67.78094291687012,64.82608795166016,0.9999390244483948
58,7,left_elbow,82.4384593963623,77.21635341644287,0.9695615172386169
58,8,right_elbow,72.20866203308105,77.71225929260254,0.9529552459716797
58,9,left_wrist,80.95465660095215,88.73857498168945,0.9483866095542908
58,10,right_wrist,77.24874019622803,89.1346549987793,0.9457526206970215
58,11,left_hip,80.11815071105957,83.55289459228516,0.9997246861457825
58,12,right_hip,71.15303039550781,83.4022045135498,0.99966961145401
58,13,left_knee,85.07745742797852,103.67029190063477,0.990356981754303
58,14,right_knee,66.64232730865479,103.13058853149414,0.9943444132804871
58,15,left_ankle,87.43321418762207,120.86572647094727,0.9889217615127563
58,16,right_ankle,63.30334663391113,120.76892852783203,0.9937810301780701
59,0,nose,73.74217987060547,57.81857490539551,0.9999430179595947
59,1,left_eye,75.343337059021,55.83298683166504,0.9998403191566467
59,2,right_eye,72.09925174713135,55.7762336730957,0.9998309016227722
59,3,left_ear,77.47023582458496,56.022353172302246,0.9995422959327698
59,4,right_ear,71.01298332214355,56.398701667785645,0.9995293617248535
59,5,left_shoulder,83.86529922485352,62.80851364135742,0.9999580383300781
59,6,right_shoulder,67.78203010559082,64.78319644927979,0.9999390244483948
59,7,left_elbow,82.42114067077637,77.2329568862915,0.970050573348999
59,8,right_elbow,72.2115707397461,77.71265983581543,0.95308518409729
59,9,left_wrist,80.9035587310791,88.72934341430664,0.9488542079925537
59,10,right_wrist,77.28421211242676,89.13633346557617,0.9455696940422058
59,11,left_hip,80.12053489685059,83.53897094726562,0.9997280836105347
59,12,right_hip,71.15668296813965,83.3696174621582,0.9996737241744995
59,13,left_knee,85.07070541381836,103.62874984741211,0.9904525876045227
59,14,right_knee,66.7236852645874,103.12718391418457,0.9943550825119019
59,15,left_ankle,87.4868392944336,120.86545944213867,0.9890485405921936
59,16,right_ankle,63.37268829345703,120.76440811157227,0.9937961101531982
60,0,nose,73.75535488128662,57.84253120422363,0.9999434351921082
60,1,left_eye,75.38958072662354,55.86118698120117,0.9998408555984497
60,2,right_eye,72.11881160736084,55.78414440155029,0.9998325109481812
60,3,left_ear,77.48137474060059,56.02709770202637,0.9995442032814026
60,4,right_ear,71.05932712554932,56.3408088684082,0.9995349049568176
60,5,left_shoulder,83.84794235229492,62.815256118774414,0.9999585747718811
60,6,right_shoulder,67.70236015319824,64.71264839172363,0.9999403357505798
60,7,left_elbow,82.4229621887207,77.19776153564453,0.9707851409912109
60,8,right_elbow,72.18812465667725,77.68086910247803,0.9535542726516724
60,9,left_wrist,80.88672637939453,88.83874893188477,0.9498456716537476
60,10,right_wrist,77.23494052886963,89.19440269470215,0.9459412693977356
60,11,left_hip,80.12136459350586,83.53270530700684,0.9997261166572571
60,12,right_hip,71.15389823913574,83.3608627319336,0.999671220779419
60,13,left_knee,85.04667282104492,103.63494873046875,0.9905008673667908
60,14,right_knee,66.67292594909668,103.12516212463379,0.9943135976791382
60,15,left_ankle,87.4882698059082,120.8474063873291,0.9890479445457458
60,16,right_ankle,63.37109565734863,120.79065322875977,0.9937440156936646
61,0,nose,73.74864101409912,57.818002700805664,0.999943733215332
61,1,left_eye,75.38792610168457,55.84095001220703,0.9998418688774109
61,2,right_eye,72.11278438568115,55.73840141296387,0.9998338222503662
61,3,left_ear,77.46750831604004,56.00221633911133,0.9995468258857727
61,4,right_ear,71.05696201324463,56.258912086486816,0.9995394349098206
61,5,left_shoulder,83.84384155273438,62.74068355560303,0.9999586939811707
61,6,right_shoulder,67.69256591796875,64.6839427947998,0.9999402761459351
61,7,left_elbow,82.4296760559082,77.12431907653809,0.9707559943199158
61,8,right_elbow,72.10738182067871,77.68288612365723,0.9535799622535706
61,9,left_wrist,80.88942527770996,88.75520706176758,0.9498734474182129
61,10,right_wrist,77.12028503417969,89.32478904724121,0.9455928802490234
61,11,left_hip,80.12850761413574,83.53876113891602,0.9997274875640869
61,12,right_hip,71.15650177001953,83.37688446044922,0.9996707439422607
61,13,left_knee,85.04696846008301,103.7173843383789,0.9905018210411072
61,14,right_knee,66.70800685882568,103.17558288574219,0.9942821264266968
61,15,left_ankle,87.55879402160645,121.01316452026367,0.9891008138656616
61,16,right_ankle,63.38900566101074,120.81944465637207,0.9936932921409607
62,0,nose,73.74857902526855,57.88020133972168,0.9999443888664246
62,1,left_eye,75.3957748413086,55.95957279205322,0.9998435974121094
62,2,right_eye,72.11195945739746,55.75848579406738,0.9998356103897095
62,3,left_ear,77.46533393859863,56.011109352111816,0.9995487332344055
62,4,right_ear,71.06313228607178,56.257691383361816,0.9995431900024414
62,5,left_shoulder,83.85030746459961,62.70899772644043,0.9999586343765259
62,6,right_shoulder,67.68280982971191,64.6318531036377,0.9999406337738037
62,7,left_elbow,82.43637084960938,76.93414211273193,0.9713821411132812
62,8,right_elbow,71.99862003326416,77.58522987365723,0.9539462924003601
62,9,left_wrist,80.76959609985352,88.51187705993652,0.9508841037750244
62,10,right_wrist,76.99617862701416,89.1822624206543,0.945673406124115
62,11,left_hip,80.14110565185547,83.53842735290527,0.9997245073318481
62,12,right_hip,71.16082191467285,83.3746337890625,0.9996652603149414
62,13,left_knee,85.01626968383789,103.67915153503418,0.990641176700592
62,14,right_knee,66.65537357330322,103.17536354064941,0.9942962527275085
62,15,left_ankle,87.59305953979492,121.09555244445801,0.989357590675354
62,16,right_ankle,63.39919090270996,120.82150459289551,0.9937142133712769
63,0,nose,73.72511386871338,57.85888195037842,0.9999445080757141
63,1,left_eye,75.37400245666504,55.91197967529297,0.9998447299003601
63,2,right_eye,72.08710670471191,55.73237419128418,0.9998374581336975
63,3,left_ear,77.45996952056885,56.00224494934082,0.9995545148849487
63,4,right_ear,71.0232162475586,56.23847961425781,0.9995508193969727
63,5,left_shoulder,83.84556770324707,62.69749641418457,0.999958336353302
63,6,right_shoulder,67.6238489151001,64.62934970855713,0.9999402165412903
63,7,left_elbow,82.40447998046875,76.80234432220459,0.9709002375602722
63,8,right_elbow,71.96954250335693,77.59023189544678,0.9528428316116333
63,9,left_wrist,80.76251029968262,88.14241409301758,0.9496419429779053
63,10,right_wrist,76.89922332763672,89.26180839538574,0.9437007904052734
63,11,left_hip,80.16632080078125,83.53995323181152,0.9997191429138184
63,12,right_hip,71.16297245025635,83.37255477905273,0.9996576905250549
63,13,left_knee,85.0082778930664,103.89219284057617,0.990817129611969
63,14,right_knee,66.64569854736328,103.17582130432129,0.9943088889122009
63,15,left_ankle,87.63102531433105,121.11710548400879,0.9894792437553406
63,16,right_ankle,63.43967914581299,120.87900161743164,0.9937066435813904
64,0,nose,73.72418403625488,57.90602684020996,0.9999450445175171
64,1,left_eye,75.37757873535156,55.95578670501709,0.9998462200164795
64,2,right_eye,72.07690238952637,55.74896812438965,0.9998394250869751
64,3,left_ear,77.45013236999512,56.001930236816406,0.9995568990707397
64,4,right_ear,71.01922512054443,56.2388801574707,0.9995574355125427
64,5,left_shoulder,83.8471794128418,62.68623352050781,0.9999583959579468
64,6,right_shoulder,67.59202480316162,64.60317134857178,0.9999412298202515
64,7,left_elbow,82.40777015686035,76.66059970855713,0.9712756276130676
64,8,right_elbow,71.60287380218506,77.42744445800781,0.9532386064529419
64,9,left_wrist,80.7652759552002,87.9725456237793,0.9502273201942444
64,10,right_wrist,76.7074203491211,89.01890754699707,0.9436758756637573
64,11,left_hip,80.18945693969727,83.70856285095215,0.9997180700302124
64,12,right_hip,71.16605281829834,83.40595245361328,0.9996565580368042
64,13,left_knee,84.97763633728027,103.9535140991211,0.9908693432807922
64,14,right_knee,66.66659355163574,103.18414688110352,0.9942650198936462
64,15,left_ankle,87.66501426696777,121.12310409545898,0.9895917177200317
64,16,right_ankle,63.4092903137207,120.91824531555176,0.9936450123786926
65,0,nose,73.7655258178711,57.91562080383301,0.9999446868896484
65,1,left_eye,75.43044090270996,55.970163345336914,0.9998451471328735
65,2,right_eye,72.08072662353516,55.75098991394043,0.9998383522033691
65,3,left_ear,77.4492883682251,56.01210117340088,0.9995514750480652
65,4,right_ear,71.01969242095947,56.24157905578613,0.999555230140686
65,5,left_shoulder,83.74341011047363,62.66096591949463,0.9999575614929199
65,6,right_shoulder,67.5879430770874,64.6146011352539,0.9999398589134216
65,7,left_elbow,82.41799354553223,76.34946346282959,0.9711430072784424
65,8,right_elbow,71.61521911621094,77.41161346435547,0.9531487822532654
65,9,left_wrist,80.73677062988281,87.9304313659668,0.9499345421791077
65,10,right_wrist,76.68564796447754,88.86488914489746,0.9430721402168274
65,11,left_hip,80.19061088562012,83.72160911560059,0.999717116355896
65,12,right_hip,71.17232322692871,83.43705177307129,0.9996527433395386
65,13,left_knee,84.9531364440918,103.70551109313965,0.9910227060317993
65,14,right_knee,66.67008399963379,103.18257331848145,0.9942764639854431
65,15,left_ankle,87.67535209655762,121.12215995788574,0.9898528456687927
65,16,right_ankle,63.4072208404541,120.91711044311523,0.9936566352844238
66,0,nose,73.78006935119629,57.92464256286621,0.9999439716339111
66,1,left_eye,75.4433536529541,55.96271991729736,0.9998437166213989
66,2,right_eye,72.06778049468994,55.75361728668213,0.9998372793197632
66,3,left_ear,77.43889808654785,55.99539756774902,0.9995472431182861
66,4,right_ear,70.98910331726074,56.23806953430176,0.999553918838501
66,5,left_shoulder,83.69623184204102,62.64346122741699,0.9999567866325378
66,6,right_shoulder,67.54772186279297,64.61493015289307,0.99993896484375
66,7,left_elbow,82.40297317504883,76.37603759765625,0.9707115888595581
66,8,right_elbow,71.62463188171387,77.4240493774414,0.9526426196098328
66,9,left_wrist,80.69062232971191,87.95451164245605,0.9491186738014221
66,10,right_wrist,76.66568756103516,88.87476921081543,0.9419239163398743
66,11,left_hip,80.19275665283203,83.6863899230957,0.9997138977050781
66,12,right_hip,71.17228031158447,83.39805603027344,0.9996466636657715
66,13,left_knee,84.85879898071289,103.60700607299805,0.9910659790039062
66,14,right_knee,66.71324729919434,103.14096450805664,0.9942213296890259
66,15,left_ankle,87.67572402954102,121.12126350402832,0.9899608492851257
66,16,right_ankle,63.40708255767822,120.9123420715332,0.9935837388038635
67,0,nose,74.00694847106934,58.056936264038086,0.9999452233314514
67,1,left_eye,75.67953586578369,56.105356216430664,0.9998466372489929
67,2,right_eye,72.1353006362915,55.90256690979004,0.999840497970581
67,3,left_ear,77.44027137756348,56.05005741119385,0.9995527863502502
67,4,right_ear,71.00386619567871,56.278581619262695,0.9995638728141785
67,5,left_shoulder,83.6898422241211,62.65620708465576,0.9999578595161438
67,6,right_shoulder,67.54773616790771,64.61522579193115,0.9999415874481201
67,7,left_elbow,82.35294342041016,76.46675109863281,0.9715375900268555
67,8,right_elbow,71.58948421478271,77.42939949035645,0.9540281295776367
67,9,left_wrist,80.6783390045166,88.33574295043945,0.9504647254943848
67,10,right_wrist,76.5414047241211,89.01715278625488,0.943555474281311
67,11,left_hip,80.07379531860352,83.7074089050293,0.9997182488441467
67,12,right_hip,71.1306095123291,83.34623336791992,0.9996525049209595
67,13,left_knee,84.7896671295166,103.68833541870117,0.9909592866897583
67,14,right_knee,66.64358615875244,103.14071655273438,0.9941428899765015
67,15,left_ankle,87.82540321350098,121.12288475036621,0.9900012016296387
67,16,right_ankle,63.39555740356445,121.10993385314941,0.9935369491577148
68,0,nose,74.06617641448975,58.10664176940918,0.9999435544013977
68,1,left_eye,75.71103096008301,56.10628604888916,0.9998427629470825
68,2,right_eye,72.14954376220703,55.917344093322754,0.9998372793197632
68,3,left_ear,77.44338035583496,56.04935646057129,0.9995391964912415
68,4,right_ear,71.00356101989746,56.29741668701172,0.9995564818382263
68,5,left_shoulder,83.67006301879883,62.64350891113281,0.9999563694000244
68,6,right_shoulder,67.61839389801025,64.63578224182129,0.9999403357505798
68,7,left_elbow,82.16126441955566,76.48975372314453,0.9696462750434875
68,8,right_elbow,71.6317367553711,77.47633457183838,0.953887403011322
68,9,left_wrist,80.5241584777832,88.3346939086914,0.9482331275939941
68,10,right_wrist,76.513671875,89.47681427001953,0.9429910182952881
68,11,left_hip,80.0190258026123,83.62283706665039,0.9997169375419617
68,12,right_hip,71.12299919128418,83.31148147583008,0.9996511340141296
68,13,left_knee,84.78083610534668,103.73130798339844,0.9907239079475403
68,14,right_knee,66.8366003036499,103.00914764404297,0.994021475315094
68,15,left_ankle,87.82098770141602,121.18650436401367,0.9898486137390137
68,16,right_ankle,63.37106227874756,121.1074161529541,0.9933930039405823
69,0,nose,74.0638256072998,58.11931133270264,0.9999430775642395
69,1,left_eye,75.71061134338379,56.10590934753418,0.9998419284820557
69,2,right_eye,72.14910984039307,55.96331596374512,0.9998369812965393
69,3,left_ear,77.44059085845947,56.03339195251465,0.9995363354682922
69,4,right_ear,70.97781181335449,56.3356876373291,0.9995565414428711
69,5,left_shoulder,83.68663787841797,62.64575481414795,0.9999558329582214
69,6,right_shoulder,67.58929252624512,64.63554382324219,0.9999403357505798
69,7,left_elbow,82.06645011901855,76.55136108398438,0.9687637090682983
69,8,right_elbow,71.62982940673828,77.5124740600586,0.9537963271141052
69,9,left_wrist,80.52648544311523,88.6861515045166,0.9472478628158569
69,10,right_wrist,76.48241519927979,89.58625793457031,0.9427182078361511
69,11,left_hip,80.02052307128906,83.56847763061523,0.9997150897979736
69,12,right_hip,71.12069129943848,83.23143005371094,0.999650239944458
69,13,left_knee,84.82694625854492,103.7929630279541,0.990667998790741
69,14,right_knee,66.8619441986084,103.16961288452148,0.9940098524093628
69,15,left_ankle,87.80899047851562,121.19931221008301,0.989815354347229
69,16,right_ankle,63.41331481933594,121.1497688293457,0.9933728575706482
70,0,nose,74.060959815979,58.09155464172363,0.9999433755874634
70,1,left_eye,75.70932865142822,56.10597610473633,0.9998428225517273
70,2,right_eye,72.15106010437012,55.960731506347656,0.9998382925987244
70,3,left_ear,77.42308139801025,56.00323677062988,0.999538004398346
70,4,right_ear,70.97811698913574,56.306700706481934,0.9995615482330322
70,5,left_shoulder,83.68650436401367,62.644667625427246,0.9999549984931946
70,6,right_shoulder,67.55946159362793,64.60562229156494,0.9999406933784485
70,7,left_elbow,82.05275535583496,76.56130790710449,0.9685862064361572
70,8,right_elbow,71.52364253997803,77.41829872131348,0.9546418190002441
70,9,left_wrist,80.3817081451416,88.3564281463623,0.9472070336341858
70,10,right_wrist,76.47253513336182,89.65287208557129,0.9434558749198914
70,11,left_hip,80.00868797302246,83.44770431518555,0.9997115731239319
70,12,right_hip,71.09404563903809,83.13061714172363,0.9996470808982849
70,13,left_knee,84.88478660583496,103.80284309387207,0.9907228946685791
70,14,right_knee,66.86886787414551,103.19605827331543,0.9940474629402161
70,15,left_ankle,87.84838676452637,121.22744560241699,0.9899182319641113
70,16,right_ankle,63.42036724090576,121.26077651977539,0.993415117263794
71,0,nose,74.054274559021,58.39092254638672,0.9999432563781738
71,1,left_eye,75.70842742919922,56.28990650177002,0.9998422265052795
71,2,right_eye,72.15202331542969,56.11196041107178,0.9998379945755005
71,3,left_ear,77.42278099060059,56.1444616317749,0.9995324611663818
71,4,right_ear,70.98280906677246,56.321587562561035,0.999557375907898
71,5,left_shoulder,83.69636535644531,62.70777702331543,0.9999545812606812
71,6,right_shoulder,67.51753807067871,64.6033763885498,0.9999418258666992
71,7,left_elbow,81.79182052612305,76.88891410827637,0.9690369963645935
71,8,right_elbow,71.0660457611084,77.43104457855225,0.9557960033416748
71,9,left_wrist,80.3335952758789,89.3231201171875,0.9480133056640625
71,10,right_wrist,76.34151458740234,89.79230880737305,0.944645345211029
71,11,left_hip,79.94400978088379,83.59642028808594,0.999711811542511
71,12,right_hip,70.98286628723145,83.28424453735352,0.999651312828064
71,13,left_knee,84.98244285583496,103.97604942321777,0.9905357956886292
71,14,right_knee,66.87800407409668,103.30109596252441,0.9940289258956909
71,15,left_ankle,87.8548526763916,121.24811172485352,0.9897170662879944
71,16,right_ankle,63.42029571533203,121.6898250579834,0.9934254884719849
72,0,nose,73.97662162780762,58.33738327026367,0.9999444484710693
72,1,left_eye,75.67952632904053,56.27687931060791,0.9998440146446228
72,2,right_eye,72.14029788970947,56.10548496246338,0.9998401999473572
72,3,left_ear,77.39450931549072,56.12104415893555,0.9995324611663818
72,4,right_ear,70.97884178161621,56.309075355529785,0.9995577931404114
72,5,left_shoulder,83.61547470092773,62.71349906921387,0.9999561905860901
72,6,right_shoulder,67.44831085205078,64.32176113128662,0.999944806098938
72,7,left_elbow,81.75928115844727,76.94117069244385,0.9702965021133423
72,8,right_elbow,71.0161304473877,77.15627193450928,0.9568761587142944
72,9,left_wrist,79.68155860900879,89.62369918823242,0.9498805999755859
72,10,right_wrist,75.86363315582275,89.57944869995117,0.9458662867546082
72,11,left_hip,79.977126121521,83.60611915588379,0.9997187852859497
72,12,right_hip,70.97609519958496,83.28439712524414,0.999667227268219
72,13,left_knee,84.94867324829102,103.79076957702637,0.9903357625007629
72,14,right_knee,66.91112518310547,103.27939987182617,0.9940381050109863
72,15,left_ankle,87.84546852111816,120.88397026062012,0.9894267320632935
72,16,right_ankle,63.37312698364258,121.83598518371582,0.993533194065094
73,0,nose,73.86409759521484,58.10050010681152,0.9999452233314514
73,1,left_eye,75.57278633117676,56.14463806152344,0.9998453259468079
73,2,right_eye,72.12954521179199,56.03733539581299,0.9998413920402527
73,3,left_ear,77.30238914489746,56.0892391204834,0.9995348453521729
73,4,right_ear,70.98002433776855,56.28448486328125,0.9995583891868591
73,5,left_shoulder,83.45977783203125,62.70973205566406,0.9999570250511169
73,6,right_shoulder,67.43732452392578,64.2768383026123,0.9999460577964783
73,7,left_elbow,81.75204277038574,76.7928409576416,0.9714778661727905
73,8,right_elbow,70.43965339660645,77.1663761138916,0.9564279913902283
73,9,left_wrist,79.65778350830078,89.4922924041748,0.9512887597084045
73,10,right_wrist,75.43458461761475,89.05162811279297,0.945203959941864
73,11,left_hip,79.96952056884766,83.6795711517334,0.9997211694717407
73,12,right_hip,70.98651885986328,83.18937301635742,0.9996699690818787
73,13,left_knee,84.71694946289062,103.65306854248047,0.9901553988456726
73,14,right_knee,66.88043117523193,103.22088241577148,0.9937829971313477
73,15,left_ankle,87.84346580505371,120.71202278137207,0.9892870187759399
73,16,right_ankle,63.40240001678467,121.63684844970703,0.9933422803878784
74,0,nose,73.65400791168213,58.067312240600586,0.9999467134475708
74,1,left_eye,75.33579349517822,56.09997272491455,0.9998483657836914
74,2,right_eye,72.0122766494751,56.03726863861084,0.9998449683189392
74,3,left_ear,77.108154296875,56.054182052612305,0.9995440244674683
74,4,right_ear,70.88281154632568,56.287031173706055,0.9995697140693665
74,5,left_shoulder,83.31583976745605,62.715768814086914,0.9999580979347229
74,6,right_shoulder,67.25341796875,64.27865028381348,0.9999483227729797
74,7,left_elbow,81.45583152770996,76.79457664489746,0.9725711941719055
74,8,right_elbow,70.51896095275879,77.10374355316162,0.9578249454498291
74,9,left_wrist,79.48286533355713,89.45627212524414,0.9532055854797363
74,10,right_wrist,75.39191246032715,89.1212272644043,0.9471125602722168
74,11,left_hip,79.931640625,83.85770797729492,0.999724268913269
74,12,right_hip,70.96940040588379,83.455810546875,0.9996734857559204
74,13,left_knee,84.82139587402344,103.75327110290527,0.9902985095977783
74,14,right_knee,66.78120613098145,103.29894065856934,0.9937751293182373
74,15,left_ankle,87.79818534851074,120.76773643493652,0.9894512295722961
74,16,right_ankle,63.35123538970947,121.34397506713867,0.9933490753173828
75,0,nose,73.6892557144165,58.118133544921875,0.9999473094940186
75,1,left_eye,75.38065910339355,56.17088317871094,0.9998496770858765
75,2,right_eye,72.0249080657959,56.104469299316406,0.9998458027839661
75,3,left_ear,77.09607124328613,56.116342544555664,0.9995471835136414
75,4,right_ear,70.87676048278809,56.3049840927124,0.9995723366737366
75,5,left_shoulder,83.26156616210938,62.78411388397217,0.999959409236908
75,6,right_shoulder,67.139892578125,64.26671028137207,0.9999502301216125
75,7,left_elbow,81.32851600646973,76.88008308410645,0.9733161926269531
75,8,right_elbow,70.54276943206787,76.98583126068115,0.9590864777565002
75,9,left_wrist,79.33682918548584,89.64327812194824,0.9547240734100342
75,10,right_wrist,75.40419101715088,89.13167953491211,0.9488674998283386
75,11,left_hip,79.88361358642578,83.87537002563477,0.9997301697731018
75,12,right_hip,70.91724395751953,83.48724365234375,0.9996812343597412
75,13,left_knee,84.85081672668457,103.65324020385742,0.9903132915496826
75,14,right_knee,66.70039176940918,103.31740379333496,0.993800938129425
75,15,left_ankle,87.83906936645508,120.77016830444336,0.9894665479660034
75,16,right_ankle,63.31735610961914,121.34161949157715,0.9934034943580627
76,0,nose,73.74898433685303,58.06708335876465,0.9999481439590454
76,1,left_eye,75.39966583251953,56.12569332122803,0.9998509883880615
76,2,right_eye,72.05962181091309,56.09288692474365,0.9998471140861511
76,3,left_ear,77.05473899841309,56.11523151397705,0.9995471835136414
76,4,right_ear,70.87943077087402,56.3053035736084,0.9995736479759216
76,5,left_shoulder,83.17222595214844,62.83215045928955,0.9999603629112244
76,6,right_shoulder,67.09325313568115,64.268479347229,0.9999517798423767
76,7,left_elbow,81.2278938293457,77.02340602874756,0.9740736484527588
76,8,right_elbow,70.55441856384277,77.00570106506348,0.9603937268257141
76,9,left_wrist,79.0885066986084,89.8548698425293,0.9562222361564636
76,10,right_wrist,75.35590171813965,89.46065902709961,0.9507994651794434
76,11,left_hip,79.86263275146484,83.8100528717041,0.9997375011444092
76,12,right_hip,70.89341640472412,83.48845481872559,0.9996916651725769
76,13,left_knee,84.85215187072754,103.52418899536133,0.990218460559845
76,14,right_knee,66.82560920715332,103.29565048217773,0.9938064217567444
76,15,left_ankle,87.79294967651367,120.83414077758789,0.989450991153717
76,16,right_ankle,63.27507972717285,121.40852928161621,0.9934448599815369
77,0,nose,73.73926639556885,58.057312965393066,0.9999491572380066
77,1,left_eye,75.4006814956665,56.11637592315674,0.9998529553413391
77,2,right_eye,72.0356273651123,56.08595371246338,0.9998500943183899
77,3,left_ear,77.02196598052979,56.119070053100586,0.9995548129081726
77,4,right_ear,70.81971645355225,56.313743591308594,0.9995830655097961
77,5,left_shoulder,83.07954788208008,62.8704309463501,0.9999610185623169
77,6,right_shoulder,66.9151782989502,64.39492225646973,0.9999531507492065
77,7,left_elbow,81.22869491577148,77.03526973724365,0.9746607542037964
77,8,right_elbow,70.5942153930664,77.20903873443604,0.9614216089248657
77,9,left_wrist,79.05035495758057,90.04877090454102,0.9573883414268494
77,10,right_wrist,75.31389713287354,89.60668563842773,0.9522895812988281
77,11,left_hip,79.82920169830322,83.73579025268555,0.9997429251670837
77,12,right_hip,70.82362174987793,83.48708152770996,0.9996967911720276
77,13,left_knee,84.94802474975586,103.6171817779541,0.9903265833854675
77,14,right_knee,66.82541847229004,103.2808780670166,0.9938294887542725
77,15,left_ankle,87.75712966918945,120.95170974731445,0.9895852208137512
77,16,right_ankle,63.221588134765625,121.28194808959961,0.99348384141922
78,0,nose,73.76640319824219,58.05752754211426,0.9999486207962036
78,1,left_eye,75.45823097229004,56.15345001220703,0.9998507499694824
78,2,right_eye,72.08436489105225,56.08621120452881,0.9998485445976257
78,3,left_ear,77.02269554138184,56.193342208862305,0.999546229839325
78,4,right_ear,70.85680961608887,56.31789207458496,0.9995784163475037
78,5,left_shoulder,83.0726432800293,62.88500785827637,0.9999613761901855
78,6,right_shoulder,66.90663814544678,64.39517021179199,0.9999536275863647
78,7,left_elbow,81.25436782836914,76.8484878540039,0.9752148389816284
78,8,right_elbow,70.51649570465088,77.11236476898193,0.9612377285957336
78,9,left_wrist,78.89117240905762,90.04288673400879,0.9579958319664001
78,10,right_wrist,74.58373069763184,89.7041130065918,0.9515900611877441
78,11,left_hip,79.84105110168457,83.95299911499023,0.9997456073760986
78,12,right_hip,70.82359313964844,83.74848365783691,0.99969881772995
78,13,left_knee,84.92057800292969,103.85286331176758,0.9900166988372803
78,14,right_knee,66.87646389007568,103.29957962036133,0.9934811592102051
78,15,left_ankle,87.7122688293457,120.99453926086426,0.9894310235977173
78,16,right_ankle,63.00149440765381,121.27357482910156,0.993169367313385
79,0,nose,73.74710083007812,58.32061767578125,0.9999491572380066
79,1,left_eye,75.4058313369751,56.37641429901123,0.999851405620575
79,2,right_eye,72.09785461425781,56.33176803588867,0.999849796295166
79,3,left_ear,76.900954246521,56.31763458251953,0.9995450973510742
79,4,right_ear,70.90426445007324,56.469197273254395,0.9995819330215454
79,5,left_shoulder,83.0683708190918,63.045363426208496,0.9999620318412781
79,6,right_shoulder,66.84098720550537,64.44703102111816,0.9999555349349976
79,7,left_elbow,81.16175651550293,76.87847137451172,0.9761196970939636
79,8,right_elbow,70.50707340240479,77.12093353271484,0.9620260000228882
79,9,left_wrist,78.8103723526001,89.22735214233398,0.9595028162002563
79,10,right_wrist,74.53131198883057,89.73051071166992,0.9528464078903198
79,11,left_hip,79.84318733215332,83.95028114318848,0.9997501969337463
79,12,right_hip,70.8237361907959,83.74222755432129,0.9997054934501648
79,13,left_knee,84.86224174499512,103.84543418884277,0.9898542165756226
79,14,right_knee,66.8359899520874,103.29535484313965,0.9932966828346252
79,15,left_ankle,87.71282196044922,120.99679946899414,0.9893320798873901
79,16,right_ankle,62.86604881286621,121.2834358215332,0.9930251240730286
80,0,nose,73.77492427825928,58.39296340942383,0.999947726726532
80,1,left_eye,75.4263973236084,56.41301155090332,0.9998465776443481
80,2,right_eye,72.14074611663818,56.390323638916016,0.9998447299003601
80,3,left_ear,76.90123081207275,56.369943618774414,0.9995266795158386
80,4,right_ear,70.92597961425781,56.51853084564209,0.9995692372322083
80,5,left_shoulder,83.04697036743164,63.047423362731934,0.9999623894691467
80,6,right_shoulder,66.84324741363525,64.56524848937988,0.999955952167511
80,7,left_elbow,81.14978790283203,76.75461769104004,0.9767049551010132
80,8,right_elbow,70.50001621246338,77.09237575531006,0.9625939726829529
80,9,left_wrist,78.62084865570068,89.22747611999512,0.9605204463005066
80,10,right_wrist,74.37989711761475,89.78074073791504,0.9536952972412109
80,11,left_hip,79.86684322357178,84.07026290893555,0.9997528195381165
80,12,right_hip,70.94286918640137,83.80496978759766,0.99970543384552
80,13,left_knee,84.86143112182617,104.00890350341797,0.9896778464317322
80,14,right_knee,66.8148136138916,103.30199241638184,0.9929676651954651
80,15,left_ankle,87.7180290222168,121.0533332824707,0.9892826676368713
80,16,right_ankle,62.87013053894043,120.84432601928711,0.9926380515098572
81,0,nose,73.75321388244629,58.29493045806885,0.9999464154243469
81,1,left_eye,75.41699886322021,56.344237327575684,0.9998414516448975
81,2,right_eye,72.13680267333984,56.293253898620605,0.9998403191566467
81,3,left_ear,76.87119483947754,56.33528709411621,0.999505341053009
81,4,right_ear,70.92881202697754,56.47047519683838,0.9995583891868591
81,5,left_shoulder,82.94711112976074,63.03860664367676,0.9999623894691467
81,6,right_shoulder,66.90371513366699,64.55885410308838,0.9999569058418274
81,7,left_elbow,81.0099983215332,76.6586685180664,0.9771474599838257
81,8,right_elbow,70.47029972076416,76.84994697570801,0.9634549617767334
81,9,left_wrist,78.45078468322754,89.23958778381348,0.9616034626960754
81,10,right_wrist,74.29507255554199,89.68213081359863,0.9547350406646729
81,11,left_hip,79.86402988433838,83.99514198303223,0.9997527003288269
81,12,right_hip,71.03407382965088,83.63550186157227,0.999701738357544
81,13,left_knee,84.83994483947754,103.9836311340332,0.9896206259727478
81,14,right_knee,67.06378936767578,102.89125442504883,0.9928381443023682
81,15,left_ankle,87.67820358276367,121.03185653686523,0.9894533157348633
81,16,right_ankle,62.872276306152344,120.10040283203125,0.9924944639205933
82,0,nose,73.75423431396484,58.6575984954834,0.9999461770057678
82,1,left_eye,75.41770935058594,56.63271427154541,0.9998397827148438
82,2,right_eye,72.13693141937256,56.63189888000488,0.9998389482498169
82,3,left_ear,76.86078071594238,56.45678520202637,0.9994980096817017
82,4,right_ear,70.92442512512207,56.62762641906738,0.9995555877685547
82,5,left_shoulder,82.94984817504883,63.10887336730957,0.9999628663063049
82,6,right_shoulder,66.89012050628662,64.6416711807251,0.9999580979347229
82,7,left_elbow,80.95890998840332,76.66035652160645,0.977770984172821
82,8,right_elbow,70.40071964263916,76.88706874847412,0.9642637968063354
82,9,left_wrist,78.27184200286865,89.2112922668457,0.9629430174827576
82,10,right_wrist,74.06612396240234,89.64507102966309,0.9560516476631165
82,11,left_hip,79.82111930847168,83.91120910644531,0.9997509717941284
82,12,right_hip,71.03234767913818,83.36803436279297,0.999696671962738
82,13,left_knee,84.83732223510742,103.74933242797852,0.9895812273025513
82,14,right_knee,67.00872898101807,102.87895202636719,0.992697536945343
82,15,left_ankle,87.67642974853516,120.83279609680176,0.9895332455635071
82,16,right_ankle,62.87485122680664,119.62617874145508,0.992337167263031
83,0,nose,73.83852481842041,58.651275634765625,0.9999457597732544
83,1,left_eye,75.50519466400146,56.621694564819336,0.9998377561569214
83,2,right_eye,72.17549800872803,56.57879829406738,0.9998383522033691
83,3,left_ear,76.86873435974121,56.45355701446533,0.9994909763336182
83,4,right_ear,70.92175960540771,56.60797595977783,0.9995567202568054
83,5,left_shoulder,82.95162200927734,63.10780048370361,0.9999632835388184
83,6,right_shoulder,66.82419776916504,64.63992118835449,0.9999591708183289
83,7,left_elbow,80.92708587646484,76.642165184021,0.9780979752540588
83,8,right_elbow,70.29593467712402,76.9647216796875,0.9651421308517456
83,9,left_wrist,78.0938720703125,89.38989639282227,0.9637427926063538
83,10,right_wrist,73.89798164367676,89.68381881713867,0.9571906924247742
83,11,left_hip,79.87624168395996,83.87042045593262,0.9997518658638
83,12,right_hip,71.03143215179443,83.36480140686035,0.9996951222419739
83,13,left_knee,84.84416007995605,103.74943733215332,0.9895852208137512
83,14,right_knee,66.9950008392334,102.86108016967773,0.9924630522727966
83,15,left_ankle,87.69526481628418,120.83611488342285,0.9896013736724854
83,16,right_ankle,62.876315116882324,119.46863174438477,0.992036759853363
84,0,nose,73.95509243011475,58.63921642303467,0.999946117401123
84,1,left_eye,75.70403099060059,56.65801525115967,0.9998382925987244
84,2,right_eye,72.18474388122559,56.571173667907715,0.9998417496681213
84,3,left_ear,76.95013523101807,56.490440368652344,0.9994936585426331
84,4,right_ear,70.86775302886963,56.54563903808594,0.9995704293251038
84,5,left_shoulder,82.94788360595703,63.10699939727783,0.9999638795852661
84,6,right_shoulder,66.52257442474365,64.62684631347656,0.9999608397483826
84,7,left_elbow,80.82590103149414,76.7402172088623,0.9784155488014221
84,8,right_elbow,69.76830959320068,77.53796577453613,0.9661482572555542
84,9,left_wrist,77.79253959655762,89.72342491149902,0.9643322825431824
84,10,right_wrist,73.37220668792725,89.76324081420898,0.9580590128898621
84,11,left_hip,80.17448425292969,83.76453399658203,0.9997494220733643
84,12,right_hip,71.06749057769775,83.37117195129395,0.9996910095214844
84,13,left_knee,84.90249633789062,103.74363899230957,0.9896634221076965
84,14,right_knee,66.99320793151855,102.80209541320801,0.9922599196434021
84,15,left_ankle,87.66775131225586,120.85399627685547,0.989711582660675
84,16,right_ankle,62.84641742706299,119.59115028381348,0.9918731451034546
85,0,nose,73.97247314453125,58.617353439331055,0.9999483823776245
85,1,left_eye,75.72634696960449,56.65135860443115,0.9998444318771362
85,2,right_eye,72.17843532562256,56.48548126220703,0.9998486638069153
85,3,left_ear,76.9560718536377,56.48570537567139,0.9995096325874329
85,4,right_ear,70.78365325927734,56.44162178039551,0.9995905756950378
85,5,left_shoulder,82.91277885437012,63.10666561126709,0.999965250492096
85,6,right_shoulder,66.4309549331665,64.60268497467041,0.9999626278877258
85,7,left_elbow,80.7713508605957,76.76424503326416,0.9789319038391113
85,8,right_elbow,69.47612762451172,77.55637168884277,0.9668571352958679
85,9,left_wrist,77.67720699310303,89.78277206420898,0.9651581048965454
85,10,right_wrist,72.47560977935791,90.3704833984375,0.9587529301643372
85,11,left_hip,80.23812294006348,83.70951652526855,0.999751091003418
85,12,right_hip,71.06088161468506,83.32758903503418,0.9996845722198486
85,13,left_knee,84.89908218383789,103.69356155395508,0.9899091124534607
85,14,right_knee,66.8819808959961,102.42995262145996,0.9920812845230103
85,15,left_ankle,87.68815994262695,120.85981369018555,0.9900259971618652
85,16,right_ankle,62.794108390808105,119.45489883422852,0.9916156530380249
86,0,nose,73.97395133972168,58.744845390319824,0.9999483823776245
86,1,left_eye,75.73095798492432,56.76081657409668,0.9998436570167542
86,2,right_eye,72.17397212982178,56.52626991271973,0.9998487234115601
86,3,left_ear,76.96221828460693,56.60737991333008,0.9995036125183105
86,4,right_ear,70.7632064819336,56.46174907684326,0.9995922446250916
86,5,left_shoulder,82.91369438171387,63.137383460998535,0.9999663829803467
86,6,right_shoulder,66.4389705657959,64.50424194335938,0.9999638795852661
86,7,left_elbow,80.76682090759277,76.75684452056885,0.9795800447463989
86,8,right_elbow,69.42095756530762,77.50813484191895,0.9668452143669128
86,9,left_wrist,77.50932216644287,89.75667953491211,0.9661862254142761
86,10,right_wrist,72.43025779724121,90.33971786499023,0.9586606621742249
86,11,left_hip,80.25754928588867,83.68719100952148,0.9997530579566956
86,12,right_hip,71.06011390686035,83.3228588104248,0.9996768832206726
86,13,left_knee,84.89426612854004,103.73194694519043,0.9898701906204224
86,14,right_knee,66.82292938232422,102.44730949401855,0.991592526435852
86,15,left_ankle,87.69547462463379,120.99878311157227,0.9901756048202515
86,16,right_ankle,62.699880599975586,119.49575424194336,0.9910773038864136
87,0,nose,73.91708374023438,58.70387077331543,0.999948263168335
87,1,left_eye,75.71097373962402,56.74517631530762,0.9998432397842407
87,2,right_eye,72.13831424713135,56.440720558166504,0.9998500347137451
87,3,left_ear,76.9537353515625,56.60374164581299,0.9994996786117554
87,4,right_ear,70.71642875671387,56.41623497009277,0.999596893787384
87,5,left_shoulder,82.83273696899414,63.11624526977539,0.999966561794281
87,6,right_shoulder,66.33391380310059,64.41098690032959,0.9999648332595825
87,7,left_elbow,80.69300651550293,76.63098812103271,0.9799591898918152
87,8,right_elbow,69.25826072692871,77.49795436859131,0.9669914245605469
87,9,left_wrist,76.96732997894287,89.74835395812988,0.966733455657959
87,10,right_wrist,72.1951150894165,90.3284740447998,0.958676278591156
87,11,left_hip,80.25522232055664,83.45908164978027,0.9997498393058777
87,12,right_hip,71.03841304779053,83.26574325561523,0.9996723532676697
87,13,left_knee,84.90236282348633,103.73854637145996,0.9898680448532104
87,14,right_knee,66.746506690979,102.60254859924316,0.9914280772209167
87,15,left_ankle,87.69498825073242,121.00021362304688,0.9901838898658752
87,16,right_ankle,62.66002178192139,119.77227210998535,0.9908778667449951
88,0,nose,73.88749122619629,58.672685623168945,0.9999491572380066
88,1,left_eye,75.65376281738281,56.69102668762207,0.9998452067375183
88,2,right_eye,72.11991310119629,56.373701095581055,0.9998531341552734
88,3,left_ear,76.88514709472656,56.58763885498047,0.9995042681694031
88,4,right_ear,70.68524360656738,56.36453628540039,0.9996054768562317
88,5,left_shoulder,82.74438858032227,63.11262607574463,0.9999664425849915
88,6,right_shoulder,66.31513118743896,64.40245628356934,0.9999653697013855
88,7,left_elbow,80.61198234558105,76.6863489151001,0.9802367091178894
88,8,right_elbow,69.29450035095215,77.50882148742676,0.9670882225036621
88,9,left_wrist,76.85624122619629,89.69071388244629,0.967066764831543
88,10,right_wrist,72.12706565856934,90.44264793395996,0.9587364196777344
88,11,left_hip,80.25232315063477,83.27231407165527,0.9997465014457703
88,12,right_hip,71.03758335113525,83.16635131835938,0.999665379524231
88,13,left_knee,84.89625930786133,103.69447708129883,0.9899764657020569
88,14,right_knee,66.70500755310059,102.63524055480957,0.9913398623466492
88,15,left_ankle,87.77539253234863,121.08662605285645,0.9903135299682617
88,16,right_ankle,62.66143798828125,119.84716415405273,0.9907419681549072
89,0,nose,73.88846397399902,58.74887466430664,0.9999486207962036
89,1,left_eye,75.66036224365234,56.7458438873291,0.9998425841331482
89,2,right_eye,72.10408210754395,56.41797065734863,0.9998530149459839
89,3,left_ear,76.88596248626709,56.63155555725098,0.9994946122169495
89,4,right_ear,70.62788486480713,56.38778209686279,0.9996082186698914
89,5,left_shoulder,82.73580551147461,63.11685562133789,0.9999657869338989
89,6,right_shoulder,66.2735652923584,64.39597129821777,0.9999661445617676
89,7,left_elbow,80.37870407104492,76.7266845703125,0.9803674221038818
89,8,right_elbow,69.11116123199463,77.5220775604248,0.9676560163497925
89,9,left_wrist,76.66852474212646,89.7899341583252,0.9673283100128174
89,10,right_wrist,71.55237674713135,90.62976837158203,0.959247350692749
89,11,left_hip,80.28965950012207,83.26552391052246,0.9997353553771973
89,12,right_hip,71.06266021728516,83.16470146179199,0.9996551275253296
89,13,left_knee,84.89618301391602,103.56901168823242,0.990060567855835
89,14,right_knee,66.59132480621338,102.63851165771484,0.9913798570632935
89,15,left_ankle,87.7560806274414,120.72282791137695,0.9903355240821838
89,16,right_ankle,62.56303787231445,120.09387969970703,0.9907830357551575
90,0,nose,73.91617774963379,58.744072914123535,0.9999487996101379
90,1,left_eye,75.6609582901001,56.72623157501221,0.9998418688774109
90,2,right_eye,72.1191930770874,56.40393257141113,0.9998542070388794
90,3,left_ear,76.88585758209229,56.628828048706055,0.9994921088218689
90,4,right_ear,70.61964511871338,56.37017250061035,0.9996134042739868
90,5,left_shoulder,82.70129203796387,63.17491054534912,0.9999651908874512
90,6,right_shoulder,66.20630741119385,64.41573143005371,0.9999668002128601
90,7,left_elbow,80.26795387268066,76.75460815429688,0.9806939959526062
90,8,right_elbow,69.0349292755127,77.61826515197754,0.9680826663970947
90,9,left_wrist,76.57979488372803,89.69648361206055,0.9677373170852661
90,10,right_wrist,71.45848274230957,90.67940711975098,0.959575355052948
90,11,left_hip,80.29465675354004,83.39089393615723,0.9997284412384033
90,12,right_hip,71.06636047363281,83.33271980285645,0.9996493458747864
90,13,left_knee,84.90735054016113,103.36379051208496,0.9902762770652771
90,14,right_knee,66.56950950622559,102.68487930297852,0.9915242791175842
90,15,left_ankle,87.75400161743164,120.28496742248535,0.9904904961585999
90,16,right_ankle,62.54215717315674,120.16810417175293,0.9909223318099976
91,0,nose,73.86793613433838,58.556509017944336,0.9999481439590454
91,1,left_eye,75.6032657623291,56.57576560974121,0.9998383522033691
91,2,right_eye,72.10984706878662,56.28756523132324,0.9998528361320496
91,3,left_ear,76.81776523590088,56.531991958618164,0.9994859099388123
91,4,right_ear,70.61074733734131,56.224660873413086,0.9996116161346436
91,5,left_shoulder,82.51845359802246,63.17432403564453,0.9999647736549377
91,6,right_shoulder,66.148362159729,64.41225528717041,0.9999672174453735
91,7,left_elbow,79.84352111816406,76.75545692443848,0.9809143543243408
91,8,right_elbow,68.64745140075684,77.62351989746094,0.967327892780304
91,9,left_wrist,76.2130880355835,89.68664169311523,0.9677178263664246
91,10,right_wrist,70.59060096740723,90.66848754882812,0.9583888649940491
91,11,left_hip,80.28253555297852,83.62268447875977,0.9997321367263794
91,12,right_hip,71.02946281433105,83.59430313110352,0.999657392501831
91,13,left_knee,84.89604949951172,103.3577823638916,0.9904323816299438
91,14,right_knee,66.55365943908691,103.08366775512695,0.9916252493858337
91,15,left_ankle,87.71917343139648,120.22115707397461,0.9905954003334045
91,16,right_ankle,62.62147903442383,120.23149490356445,0.9910932779312134
92,0,nose,73.8365650177002,58.53536128997803,0.9999480247497559
92,1,left_eye,75.56296348571777,56.573519706726074,0.9998361468315125
92,2,right_eye,72.1090316772461,56.25645637512207,0.9998525381088257
92,3,left_ear,76.77417755126953,56.531476974487305,0.9994767904281616
92,4,right_ear,70.6096363067627,56.180267333984375,0.9996097683906555
92,5,left_shoulder,82.3509407043457,63.17655086517334,0.999964714050293
92,6,right_shoulder,66.15262031555176,64.40904140472412,0.9999679923057556
92,7,left_elbow,79.82894897460938,76.77140235900879,0.9815379977226257
92,8,right_elbow,68.60002040863037,77.53686428070068,0.9671578407287598
92,9,left_wrist,76.16396903991699,89.67782974243164,0.9685788154602051
92,10,right_wrist,70.58001041412354,90.60382843017578,0.9581334590911865
92,11,left_hip,80.29291152954102,83.77761840820312,0.9997343420982361
92,12,right_hip,71.0836935043335,83.75996589660645,0.9996640086174011
92,13,left_knee,84.91238594055176,103.43217849731445,0.9905014038085938
92,14,right_knee,66.53958797454834,103.12705993652344,0.9916146993637085
92,15,left_ankle,87.67084121704102,120.28666496276855,0.9906830787658691
92,16,right_ankle,62.638397216796875,120.37093162536621,0.9911799430847168
93,0,nose,73.84200096130371,58.525004386901855,0.9999470114707947
93,1,left_eye,75.54917812347412,56.56127452850342,0.999829888343811
93,2,right_eye,72.17092037200928,56.25542163848877,0.9998466968536377
93,3,left_ear,76.74508571624756,56.50928020477295,0.9994505643844604
93,4,right_ear,70.64032554626465,56.160287857055664,0.9995870590209961
93,5,left_shoulder,82.35002517700195,63.17553997039795,0.9999633431434631
93,6,right_shoulder,66.20556831359863,64.26656246185303,0.9999672174453735
93,7,left_elbow,79.54068183898926,76.8661642074585,0.9821194410324097
93,8,right_elbow,68.18167686462402,77.16533660888672,0.9653971791267395
93,9,left_wrist,75.92581272125244,89.67369079589844,0.9692150950431824
93,10,right_wrist,70.24242401123047,90.10896682739258,0.9560322761535645
93,11,left_hip,80.53102493286133,84.26141738891602,0.9997396469116211
93,12,right_hip,71.49804592132568,84.38572883605957,0.999671995639801
93,13,left_knee,84.91934776306152,103.43512535095215,0.9908535480499268
93,14,right_knee,66.40123844146729,103.62716674804688,0.9917274117469788
93,15,left_ankle,87.66200065612793,120.29364585876465,0.9910473823547363
93,16,right_ankle,62.642316818237305,120.48922538757324,0.9913395643234253
94,0,nose,73.8349437713623,58.48771095275879,0.9999476671218872
94,1,left_eye,75.51331996917725,56.50745391845703,0.9998300671577454
94,2,right_eye,72.17118740081787,56.21110439300537,0.9998470544815063
94,3,left_ear,76.70712471008301,56.45604610443115,0.9994511008262634
94,4,right_ear,70.63977241516113,56.0832405090332,0.9995846748352051
94,5,left_shoulder,82.30859756469727,63.192667961120605,0.9999624490737915
94,6,right_shoulder,66.22543334960938,64.23104286193848,0.9999668002128601
94,7,left_elbow,79.46403503417969,76.89127445220947,0.9828839302062988
94,8,right_elbow,68.15630435943604,76.94409370422363,0.9635029435157776
94,9,left_wrist,75.84466457366943,89.63296890258789,0.9701247215270996
94,10,right_wrist,70.03373146057129,89.77115631103516,0.9540101289749146
94,11,left_hip,80.60315132141113,84.52325820922852,0.9997450113296509
94,12,right_hip,71.68112277984619,84.55820083618164,0.9996779561042786
94,13,left_knee,84.92652893066406,103.49366188049316,0.9912869930267334
94,14,right_knee,66.25082969665527,103.91575813293457,0.9919139742851257
94,15,left_ankle,87.65482902526855,120.19512176513672,0.9914863109588623
94,16,right_ankle,62.68052101135254,120.48901557922363,0.9915684461593628
95,0,nose,73.83482933044434,58.48565101623535,0.9999488592147827
95,1,left_eye,75.51087856292725,56.50619029998779,0.9998313188552856
95,2,right_eye,72.18132019042969,56.199140548706055,0.9998489022254944
95,3,left_ear,76.69760704040527,56.45739555358887,0.9994568824768066
95,4,right_ear,70.6399393081665,56.05280876159668,0.9995849132537842
95,5,left_shoulder,82.26829528808594,63.33048343658447,0.999961793422699
95,6,right_shoulder,66.220703125,64.16116237640381,0.9999664425849915
95,7,left_elbow,79.21938419342041,76.9240665435791,0.9836660623550415
95,8,right_elbow,68.03961277008057,76.85073852539062,0.9621266722679138
95,9,left_wrist,74.7177267074585,89.69079971313477,0.9712268710136414
95,10,right_wrist,69.29192543029785,89.68758583068848,0.9528663158416748
95,11,left_hip,80.64008712768555,84.55313682556152,0.9997534155845642
95,12,right_hip,71.77069187164307,84.56437110900879,0.999688446521759
95,13,left_knee,84.93777275085449,103.55898857116699,0.9916807413101196
95,14,right_knee,66.01641654968262,103.9539623260498,0.9920929074287415
95,15,left_ankle,87.65548706054688,120.21526336669922,0.9918714165687561
95,16,right_ankle,62.69017219543457,120.66370010375977,0.9918544292449951
96,0,nose,73.76142024993896,58.55416774749756,0.9999477863311768
96,1,left_eye,75.41715145111084,56.57451629638672,0.9998236894607544
96,2,right_eye,72.13635444641113,56.33089065551758,0.9998437166213989
96,3,left_ear,76.60868644714355,56.47410869598389,0.9994298219680786
96,4,right_ear,70.6157922744751,56.15952491760254,0.9995686411857605
96,5,left_shoulder,82.24786758422852,63.421125411987305,0.9999605417251587
96,6,right_shoulder,66.22877597808838,64.16093349456787,0.9999663233757019
96,7,left_elbow,79.01496887207031,76.9809627532959,0.984290599822998
96,8,right_elbow,67.92546272277832,76.84615135192871,0.961829423904419
96,9,left_wrist,74.57669734954834,89.71290588378906,0.9720561504364014
96,10,right_wrist,69.53837394714355,89.61262702941895,0.9523614645004272
96,11,left_hip,80.69028854370117,84.52909469604492,0.9997552037239075
96,12,right_hip,71.9333267211914,84.53044891357422,0.9996917247772217
96,13,left_knee,84.96034622192383,103.56382369995117,0.991916835308075
96,14,right_knee,65.9969711303711,103.92048835754395,0.9921327829360962
96,15,left_ankle,87.65517234802246,120.21930694580078,0.992149293422699
96,16,right_ankle,62.710256576538086,120.68352699279785,0.9919701814651489
97,0,nose,73.76258850097656,58.558006286621094,0.9999491572380066
97,1,left_eye,75.41719913482666,56.59436225891113,0.9998249411582947
97,2,right_eye,72.15018272399902,56.339826583862305,0.9998459219932556
97,3,left_ear,76.5851879119873,56.49702548980713,0.9994328618049622
97,4,right_ear,70.61912536621094,56.160573959350586,0.9995717406272888
97,5,left_shoulder,82.20349311828613,63.43641757965088,0.9999616742134094
97,6,right_shoulder,66.21723175048828,64.16302680969238,0.9999674558639526
97,7,left_elbow,78.82296085357666,77.14388370513916,0.9853321313858032
97,8,right_elbow,67.58553981781006,76.93602561950684,0.96257483959198
97,9,left_wrist,73.73985290527344,90.04030227661133,0.9736214876174927
97,10,right_wrist,69.27501678466797,89.67443466186523,0.9535515308380127
97,11,left_hip,80.71775436401367,84.3412971496582,0.9997636675834656
97,12,right_hip,72.13502407073975,84.52016830444336,0.9997034072875977
97,13,left_knee,84.98349189758301,103.55985641479492,0.9922487735748291
97,14,right_knee,65.97493648529053,103.89659881591797,0.9922335147857666
97,15,left_ankle,87.6548957824707,120.22672653198242,0.9924678206443787
97,16,right_ankle,62.731900215148926,120.73297500610352,0.9921940565109253
98,0,nose,73.75484466552734,58.39055061340332,0.9999498724937439
98,1,left_eye,75.40943145751953,56.530752182006836,0.9998243451118469
98,2,right_eye,72.15004920959473,56.24462127685547,0.9998472929000854
98,3,left_ear,76.58144474029541,56.49455547332764,0.9994293451309204
98,4,right_ear,70.58309078216553,56.13762855529785,0.9995723962783813
98,5,left_shoulder,82.12959289550781,63.50444793701172,0.9999608993530273
98,6,right_shoulder,66.15136623382568,64.1909408569336,0.9999676942825317
98,7,left_elbow,78.7041187286377,77.27940559387207,0.9861744046211243
98,8,right_elbow,67.41808891296387,76.96816921234131,0.9628685116767883
98,9,left_wrist,73.59211921691895,89.94142532348633,0.974842369556427
98,10,right_wrist,68.74350547790527,89.68538284301758,0.9542983770370483
98,11,left_hip,80.8336067199707,84.33823585510254,0.9997662901878357
98,12,right_hip,72.23986625671387,84.58144187927246,0.9997091889381409
98,13,left_knee,84.9874210357666,103.56341361999512,0.9925870299339294
98,14,right_knee,65.97334861755371,103.80763053894043,0.9923672676086426
98,15,left_ankle,87.61890411376953,120.23575782775879,0.992742121219635
98,16,right_ankle,62.83777713775635,120.7347297668457,0.992403507232666
99,0,nose,73.56352806091309,58.5208797454834,0.9999456405639648
99,1,left_eye,75.25408744812012,56.63821220397949,0.999801754951477
99,2,right_eye,72.09368228912354,56.37256145477295,0.9998344779014587
99,3,left_ear,76.4006519317627,56.52691841125488,0.999355673789978
99,4,right_ear,70.48684120178223,56.21081352233887,0.9995415210723877
99,5,left_shoulder,81.96481704711914,63.49008560180664,0.999958336353302
99,6,right_shoulder,66.0097599029541,64.10600185394287,0.9999678730964661
99,7,left_elbow,78.41989994049072,77.27766990661621,0.986772894859314
99,8,right_elbow,67.320237159729,76.99250221252441,0.9639089107513428
99,9,left_wrist,73.36628913879395,89.91888046264648,0.9758270978927612
99,10,right_wrist,68.72614860534668,89.74804878234863,0.9555692672729492
99,11,left_hip,80.83581924438477,83.87237548828125,0.9997542500495911
99,12,right_hip,72.28385925292969,83.84969711303711,0.9996992349624634
99,13,left_knee,84.98811721801758,103.27853202819824,0.9925466179847717
99,14,right_knee,66.0934591293335,103.13871383666992,0.9921048879623413
99,15,left_ankle,87.51626968383789,120.24273872375488,0.9927501082420349
99,16,right_ankle,62.87189960479736,120.70612907409668,0.9923146367073059
100,0,nose,73.57073307037354,58.273820877075195,0.9999408721923828
100,1,left_eye,75.16136169433594,56.49700164794922,0.9997839331626892
100,2,right_eye,72.20846652984619,56.2691593170166,0.9998213052749634
100,3,left_ear,76.27628326416016,56.489505767822266,0.9992990493774414
100,4,right_ear,70.91928958892822,56.20565891265869,0.9994953870773315
100,5,left_shoulder,81.80303573608398,63.48888874053955,0.999957263469696
100,6,right_shoulder,66.05422019958496,64.11030769348145,0.9999669790267944
100,7,left_elbow,77.87631034851074,77.116379737854,0.9872205257415771
100,8,right_elbow,67.37351894378662,77.10484504699707,0.9621973037719727
100,9,left_wrist,72.7248477935791,89.83241081237793,0.9764941334724426
100,10,right_wrist,68.57429504394531,89.77216720581055,0.9548143148422241
100,11,left_hip,80.83254814147949,83.8922119140625,0.9997491240501404
100,12,right_hip,72.5230884552002,83.89950752258301,0.9996868371963501
100,13,left_knee,84.97635841369629,103.28561782836914,0.9924230575561523
100,14,right_knee,66.14093780517578,102.88207054138184,0.9917957186698914
100,15,left_ankle,87.39703178405762,120.35531997680664,0.9926666617393494
100,16,right_ankle,62.91553497314453,120.77836036682129,0.9920685291290283
101,0,nose,73.53941440582275,58.276896476745605,0.9999364614486694
101,1,left_eye,75.15847206115723,56.50162696838379,0.999763011932373
101,2,right_eye,72.19801425933838,56.2772274017334,0.9998078942298889
101,3,left_ear,76.27950191497803,56.50710105895996,0.9992350339889526
101,4,right_ear,70.8725357055664,56.21614456176758,0.9994585514068604
101,5,left_shoulder,81.76307678222656,63.49227428436279,0.9999532103538513
101,6,right_shoulder,66.05715274810791,63.99993419647217,0.9999658465385437
101,7,left_elbow,77.88043975830078,77.1142578125,0.9877226948738098
101,8,right_elbow,67.30123996734619,77.10248470306396,0.9623040556907654
101,9,left_wrist,72.54371643066406,89.82848167419434,0.9771785140037537
101,10,right_wrist,68.27555656433105,89.77400779724121,0.9550098776817322
101,11,left_hip,80.8512020111084,83.9532470703125,0.9997367858886719
101,12,right_hip,72.50241756439209,83.95075798034668,0.999674916267395
101,13,left_knee,84.9687385559082,103.28166007995605,0.9925095438957214
101,14,right_knee,66.14185333251953,102.75009155273438,0.9917064309120178
101,15,left_ankle,87.38140106201172,120.4764461517334,0.9927442073822021
101,16,right_ankle,62.916555404663086,120.79011917114258,0.9920697212219238
102,0,nose,73.35853576660156,58.287367820739746,0.9999342560768127
102,1,left_eye,75.1050853729248,56.502156257629395,0.9997524619102478
102,2,right_eye,71.98214054107666,56.28344535827637,0.999801516532898
102,3,left_ear,76.28813743591309,56.51125431060791,0.9992008209228516
102,4,right_ear,70.61940670013428,56.216206550598145,0.9994398951530457
102,5,left_shoulder,81.76928520202637,63.574347496032715,0.9999504089355469
102,6,right_shoulder,66.06864929199219,63.87718200683594,0.9999653697013855
102,7,left_elbow,77.78467655181885,77.23062992095947,0.9880943894386292
102,8,right_elbow,67.26066589355469,77.05255031585693,0.9622110724449158
102,9,left_wrist,72.23779201507568,89.84325408935547,0.9775779843330383
102,10,right_wrist,68.06514739990234,89.71572875976562,0.9544562101364136
102,11,left_hip,80.85259437561035,83.97825241088867,0.9997301697731018
102,12,right_hip,72.49228477478027,83.94681930541992,0.9996679425239563
102,13,left_knee,84.97432708740234,103.27640533447266,0.9926682114601135
102,14,right_knee,66.0393238067627,102.57447242736816,0.9917638301849365
102,15,left_ankle,87.37006187438965,120.48612594604492,0.9929184913635254
102,16,right_ankle,62.91853427886963,120.70682525634766,0.9921787977218628
103,0,nose,73.31278324127197,58.19906234741211,0.9999346137046814
103,1,left_eye,75.09154319763184,56.378183364868164,0.9997523427009583
103,2,right_eye,71.8917465209961,56.18300914764404,0.9998028874397278
103,3,left_ear,76.30210876464844,56.454997062683105,0.9992050528526306
103,4,right_ear,70.49429416656494,56.13752841949463,0.9994438290596008
103,5,left_shoulder,81.7763614654541,63.59360694885254,0.9999487996101379
103,6,right_shoulder,66.03995323181152,63.80770683288574,0.9999651312828064
103,7,left_elbow,77.84769535064697,77.51190185546875,0.9884361624717712
103,8,right_elbow,67.22708225250244,77.02559471130371,0.9621617794036865
103,9,left_wrist,72.3348331451416,89.7675895690918,0.9778984785079956
103,10,right_wrist,67.98975944519043,89.59929466247559,0.9540490508079529
103,11,left_hip,80.84936141967773,83.98571968078613,0.9997304081916809
103,12,right_hip,72.43042945861816,83.93172264099121,0.9996707439422607
103,13,left_knee,84.97457504272461,103.27220916748047,0.9928637742996216
103,14,right_knee,65.932936668396,102.68769264221191,0.9918674230575562
103,15,left_ankle,87.38167762756348,120.48120498657227,0.9930592179298401
103,16,right_ankle,62.918314933776855,120.70674896240234,0.9923463463783264
104,0,nose,73.29882621765137,58.162946701049805,0.9999333024024963
104,1,left_eye,75.06509304046631,56.347246170043945,0.9997459650039673
104,2,right_eye,71.86765193939209,56.169729232788086,0.9997990727424622
104,3,left_ear,76.30417823791504,56.449527740478516,0.9991893172264099
104,4,right_ear,70.37942409515381,56.13563537597656,0.9994312524795532
104,5,left_shoulder,81.77021980285645,63.61175537109375,0.9999464750289917
104,6,right_shoulder,65.96265316009521,63.80990505218506,0.9999639987945557
104,7,left_elbow,77.8643798828125,77.50956535339355,0.9888532161712646
104,8,right_elbow,67.07902431488037,77.03417301177979,0.961963415145874
104,9,left_wrist,71.90577507019043,89.67972755432129,0.9784307479858398
104,10,right_wrist,67.82975196838379,89.53985214233398,0.9539986848831177
104,11,left_hip,80.79276084899902,84.13866996765137,0.999727725982666
104,12,right_hip,72.32739448547363,84.00238990783691,0.9996679425239563
104,13,left_knee,84.97322082519531,103.3104133605957,0.9931474924087524
104,14,right_knee,65.81060886383057,102.80309677124023,0.9920676946640015
104,15,left_ankle,87.38100051879883,120.48137664794922,0.9932841062545776
104,16,right_ankle,62.918362617492676,120.7002067565918,0.9925677180290222
105,0,nose,73.14428806304932,58.18607807159424,0.9999305605888367
105,1,left_eye,74.94692325592041,56.3405704498291,0.9997326135635376
105,2,right_eye,71.70865535736084,56.17023944854736,0.9997895956039429
105,3,left_ear,76.26870632171631,56.42353057861328,0.9991584420204163
105,4,right_ear,70.21523475646973,56.12778663635254,0.9994065761566162
105,5,left_shoulder,81.72067642211914,63.63729476928711,0.9999438524246216
105,6,right_shoulder,65.89181423187256,63.72490882873535,0.9999629259109497
105,7,left_elbow,77.64868259429932,77.53800392150879,0.9890804290771484
105,8,right_elbow,66.99277400970459,77.03858852386475,0.9615369439125061
105,9,left_wrist,71.680908203125,89.67243194580078,0.9785941243171692
105,10,right_wrist,67.69556522369385,89.54477310180664,0.9532129168510437
105,11,left_hip,80.73037147521973,84.27634239196777,0.9997231960296631
105,12,right_hip,72.26403713226318,84.07626152038574,0.9996656775474548
105,13,left_knee,84.98434066772461,103.32597732543945,0.9933443665504456
105,14,right_knee,65.74136257171631,102.89432525634766,0.9922146201133728
105,15,left_ankle,87.38208770751953,120.37168502807617,0.9934450387954712
105,16,right_ankle,62.8609561920166,120.64918518066406,0.9927786588668823
106,0,nose,73.02337646484375,58.19451332092285,0.9999256730079651
106,1,left_eye,74.86600399017334,56.33877754211426,0.9997110366821289
106,2,right_eye,71.61295890808105,56.170639991760254,0.9997763633728027
106,3,left_ear,76.24874114990234,56.404995918273926,0.9991046190261841
106,4,right_ear,70.11032104492188,56.10836982727051,0.9993746876716614
106,5,left_shoulder,81.66254043579102,63.62739562988281,0.9999397993087769
106,6,right_shoulder,65.84132194519043,63.59067440032959,0.9999616742134094
106,7,left_elbow,77.07308292388916,77.53481388092041,0.9892932772636414
106,8,right_elbow,66.87735080718994,76.97350978851318,0.9610422849655151
106,9,left_wrist,71.02184295654297,89.28555488586426,0.9788323640823364
106,10,right_wrist,67.16054439544678,89.53672409057617,0.9526463747024536
106,11,left_hip,80.64691543579102,84.16824340820312,0.9997156858444214
106,12,right_hip,72.14907169342041,84.02384757995605,0.9996595978736877
106,13,left_knee,84.99129295349121,103.32757949829102,0.9934580326080322
106,14,right_knee,65.76992988586426,102.8239631652832,0.9922708868980408
106,15,left_ankle,87.38299369812012,120.3695011138916,0.9935599565505981
106,16,right_ankle,62.85189151763916,120.62601089477539,0.9929013252258301
107,0,nose,72.87760257720947,58.19618225097656,0.9999255537986755
107,1,left_eye,74.7519302368164,56.34711742401123,0.9997085332870483
107,2,right_eye,71.5093994140625,56.1780309677124,0.9997753500938416
107,3,left_ear,76.2235164642334,56.40782356262207,0.9991021752357483
107,4,right_ear,70.02184391021729,56.11220359802246,0.999370813369751
107,5,left_shoulder,81.66563987731934,63.62927436828613,0.9999384880065918
107,6,right_shoulder,65.8193302154541,63.57945442199707,0.9999609589576721
107,7,left_elbow,77.12338924407959,77.53978729248047,0.9896122813224792
107,8,right_elbow,66.82181358337402,76.97123527526855,0.9608628153800964
107,9,left_wrist,70.85580348968506,89.14785385131836,0.9792839884757996
107,10,right_wrist,66.96576595306396,89.49262619018555,0.9523934125900269
107,11,left_hip,80.5951976776123,84.20721054077148,0.999718427658081
107,12,right_hip,72.0266056060791,84.02955055236816,0.999661922454834
107,13,left_knee,85.02220153808594,103.4239387512207,0.9936898350715637
107,14,right_knee,65.77400207519531,102.88959503173828,0.9924857020378113
107,15,left_ankle,87.38327026367188,120.34124374389648,0.9937941431999207
107,16,right_ankle,62.813639640808105,120.54802894592285,0.9931252598762512
108,0,nose,73.05970191955566,58.197336196899414,0.9999176263809204
108,1,left_eye,74.84156131744385,56.35012149810791,0.9996833801269531
108,2,right_eye,71.62768363952637,56.17370128631592,0.9997556209564209
108,3,left_ear,76.25047206878662,56.40664100646973,0.9990355968475342
108,4,right_ear,70.02340793609619,56.09009265899658,0.9993170499801636
108,5,left_shoulder,81.53032302856445,63.582282066345215,0.999933660030365
108,6,right_shoulder,65.77259063720703,63.5908842086792,0.9999568462371826
108,7,left_elbow,76.9779109954834,77.45152473449707,0.989525318145752
108,8,right_elbow,66.75459861755371,76.94453239440918,0.9597449898719788
108,9,left_wrist,70.4781723022461,88.63004684448242,0.9789415597915649
108,10,right_wrist,66.81273460388184,89.35898780822754,0.9510664939880371
108,11,left_hip,80.59093475341797,84.22910690307617,0.9997054934501648
108,12,right_hip,72.02475547790527,84.0781307220459,0.9996501207351685
108,13,left_knee,85.02372741699219,103.41120719909668,0.9937679171562195
108,14,right_knee,65.7772970199585,102.65594482421875,0.9924970865249634
108,15,left_ankle,87.44279861450195,120.34860610961914,0.9937803745269775
108,16,right_ankle,62.81327247619629,120.56188583374023,0.9931736588478088
109,0,nose,73.06246280670166,58.23969841003418,0.9999063014984131
109,1,left_eye,74.83383178710938,56.370625495910645,0.9996423721313477
109,2,right_eye,71.63870811462402,56.20696544647217,0.9997289180755615
109,3,left_ear,76.24297142028809,56.4169979095459,0.9989193081855774
109,4,right_ear,70.02585411071777,56.09326362609863,0.9992416501045227
109,5,left_shoulder,81.51773452758789,63.57581615447998,0.9999264478683472
109,6,right_shoulder,65.77345848083496,63.59464168548584,0.999953031539917
109,7,left_elbow,76.82872772216797,77.44631290435791,0.9895865321159363
109,8,right_elbow,66.72179222106934,76.84654235839844,0.9583426713943481
109,9,left_wrist,69.82128143310547,88.60636711120605,0.9786745309829712
109,10,right_wrist,66.67883396148682,88.97994995117188,0.9491091966629028
109,11,left_hip,80.67004203796387,84.40235137939453,0.9996915459632874
109,12,right_hip,72.14762687683105,84.27098274230957,0.999638557434082
109,13,left_knee,85.0467586517334,103.39437484741211,0.9938414692878723
109,14,right_knee,65.81544399261475,102.54332542419434,0.9925645589828491
109,15,left_ankle,87.43345260620117,120.2717399597168,0.9937634468078613
109,16,right_ankle,62.82849311828613,120.57772636413574,0.9932525753974915
110,0,nose,72.95773983001709,58.39104175567627,0.9998982548713684
110,1,left_eye,74.78380680084229,56.3784122467041,0.999607264995575
110,2,right_eye,71.54247283935547,56.22833728790283,0.999704122543335
110,3,left_ear,76.23209953308105,56.418209075927734,0.998815655708313
110,4,right_ear,69.90224361419678,56.10435962677002,0.9991682171821594
110,5,left_shoulder,81.43651008605957,63.575143814086914,0.9999202489852905
110,6,right_shoulder,65.6470775604248,63.59795093536377,0.999949038028717
110,7,left_elbow,77.26571559906006,77.90003299713135,0.9896565079689026
110,8,right_elbow,66.69458866119385,76.76439762115479,0.9562302827835083
110,9,left_wrist,69.2479419708252,88.33566665649414,0.97853022813797
110,10,right_wrist,66.1451244354248,88.93918991088867,0.9462652206420898
110,11,left_hip,80.70576667785645,84.39800262451172,0.9996703267097473
110,12,right_hip,72.11357116699219,84.28634643554688,0.9996170401573181
110,13,left_knee,85.08113861083984,103.40534210205078,0.9939432144165039
110,14,right_knee,65.69046974182129,102.32625961303711,0.9925472736358643
110,15,left_ankle,87.39801406860352,120.26555061340332,0.9938129186630249
110,16,right_ankle,62.98092842102051,120.5338191986084,0.9933152794837952
111,0,nose,72.962646484375,58.493733406066895,0.9998940229415894
111,1,left_eye,74.7720193862915,56.40078544616699,0.9995878338813782
111,2,right_eye,71.54646873474121,56.264052391052246,0.9996920228004456
111,3,left_ear,76.19429588317871,56.41672134399414,0.9987701773643494
111,4,right_ear,69.90010738372803,56.11099720001221,0.9991373419761658
111,5,left_shoulder,81.36519432067871,63.49571704864502,0.9999168515205383
111,6,right_shoulder,65.62960624694824,63.5850715637207,0.9999461770057678
111,7,left_elbow,78.41137886047363,77.88061618804932,0.9898965358734131
111,8,right_elbow,66.63192749023438,76.65574550628662,0.9550045728683472
111,9,left_wrist,69.43595886230469,87.85059928894043,0.9786949753761292
111,10,right_wrist,65.85591793060303,88.83390426635742,0.9446724057197571
111,11,left_hip,80.74889183044434,84.45363998413086,0.999666690826416
111,12,right_hip,72.10196495056152,84.4015884399414,0.9996114373207092
111,13,left_knee,85.0977611541748,103.40665817260742,0.9941172003746033
111,14,right_knee,65.61894416809082,102.34943389892578,0.9926366209983826
111,15,left_ankle,87.39314079284668,120.25426864624023,0.9939508438110352
111,16,right_ankle,63.00911903381348,120.5246639251709,0.9934495091438293
112,0,nose,72.99099922180176,58.49354267120361,0.9998860955238342
112,1,left_eye,74.78494167327881,56.38162136077881,0.999557375907898
112,2,right_eye,71.54960632324219,56.254568099975586,0.9996697902679443
112,3,left_ear,76.20667457580566,56.38430595397949,0.9986767172813416
112,4,right_ear,69.89554405212402,56.09426975250244,0.999071478843689
112,5,left_shoulder,81.36716842651367,63.48671913146973,0.99991375207901
112,6,right_shoulder,65.63130855560303,63.56585502624512,0.9999440312385559
112,7,left_elbow,78.41252326965332,77.93150424957275,0.9900674819946289
112,8,right_elbow,66.51622772216797,76.61117553710938,0.9531282186508179
112,9,left_wrist,68.81574153900146,87.8416633605957,0.978678286075592
112,10,right_wrist,65.41797637939453,88.67891311645508,0.942507803440094
112,11,left_hip,80.80084800720215,84.45680618286133,0.9996557831764221
112,12,right_hip,72.10030555725098,84.42360877990723,0.999602735042572
112,13,left_knee,85.12640953063965,103.41488838195801,0.9941882491111755
112,14,right_knee,65.64967155456543,102.35509872436523,0.9926356077194214
112,15,left_ankle,87.38306045532227,120.16593933105469,0.9939650297164917
112,16,right_ankle,63.11027526855469,120.52714347839355,0.993474006652832
113,0,nose,72.984299659729,58.44677925109863,0.9998821020126343
113,1,left_eye,74.789719581604,56.29920482635498,0.9995442032814026
113,2,right_eye,71.52552127838135,56.16636276245117,0.9996610283851624
113,3,left_ear,76.23412132263184,56.32924556732178,0.9986368417739868
113,4,right_ear,69.83586311340332,55.959529876708984,0.9990316033363342
113,5,left_shoulder,81.31040573120117,63.52893352508545,0.9999110698699951
113,6,right_shoulder,65.63249111175537,63.509392738342285,0.9999421238899231
113,7,left_elbow,78.31614017486572,77.96427249908447,0.9903300404548645
113,8,right_elbow,66.44705772399902,76.56461238861084,0.9511120915412903
113,9,left_wrist,67.80276298522949,87.91032791137695,0.9790342450141907
113,10,right_wrist,64.31036472320557,88.65533828735352,0.9409457445144653
113,11,left_hip,80.806884765625,84.43400382995605,0.9996469020843506
113,12,right_hip,72.09902763366699,84.4073486328125,0.9995957016944885
113,13,left_knee,85.16054153442383,103.4299087524414,0.9941482543945312
113,14,right_knee,65.72745323181152,102.49785423278809,0.9924477934837341
113,15,left_ankle,87.38679885864258,120.12182235717773,0.9938088059425354
113,16,right_ankle,63.19171905517578,120.61212539672852,0.9933381080627441
114,0,nose,72.97949314117432,58.447890281677246,0.9998811483383179
114,1,left_eye,74.79031562805176,56.31760597229004,0.9995424151420593
114,2,right_eye,71.52717590332031,56.16757869720459,0.9996625185012817
114,3,left_ear,76.23488426208496,56.34800910949707,0.9986353516578674
114,4,right_ear,69.83863830566406,55.95640182495117,0.9990313649177551
114,5,left_shoulder,81.29018783569336,63.53316783905029,0.9999110698699951
114,6,right_shoulder,65.59858798980713,63.46531867980957,0.9999416470527649
114,7,left_elbow,78.28962802886963,77.92355537414551,0.9906817078590393
114,8,right_elbow,66.33800506591797,76.57449245452881,0.9508554935455322
114,9,left_wrist,67.60551452636719,87.95604705810547,0.9797321557998657
114,10,right_wrist,63.698883056640625,88.67086410522461,0.9411754608154297
114,11,left_hip,80.82674980163574,84.4120979309082,0.9996484518051147
114,12,right_hip,72.05012321472168,84.40569877624512,0.9995953440666199
114,13,left_knee,85.18298149108887,103.46185684204102,0.9940955638885498
114,14,right_knee,65.79808235168457,102.78215408325195,0.9923368096351624
114,15,left_ankle,87.38588333129883,120.16539573669434,0.9936898946762085
114,16,right_ankle,63.210463523864746,120.70643424987793,0.9932878017425537
115,0,nose,72.93675422668457,58.423357009887695,0.9998747706413269
115,1,left_eye,74.75911140441895,56.33755683898926,0.9995244145393372
115,2,right_eye,71.52853488922119,56.165781021118164,0.9996494650840759
115,3,left_ear,76.22085571289062,56.40422821044922,0.9985820651054382
115,4,right_ear,69.87748146057129,55.955190658569336,0.9989746809005737
115,5,left_shoulder,81.22769355773926,63.531742095947266,0.9999091625213623
115,6,right_shoulder,65.61685085296631,63.447327613830566,0.9999393820762634
115,7,left_elbow,77.78091430664062,77.8992748260498,0.9908440709114075
115,8,right_elbow,66.22647285461426,76.57642364501953,0.9477638602256775
115,9,left_wrist,66.89532279968262,87.98295974731445,0.9798870086669922
115,10,right_wrist,63.55484962463379,88.44437599182129,0.9384642243385315
115,11,left_hip,80.84407806396484,84.42262649536133,0.9996492266654968
115,12,right_hip,72.05670356750488,84.5860481262207,0.9995952248573303
115,13,left_knee,85.21522521972656,103.50860595703125,0.9939998984336853
115,14,right_knee,65.83298683166504,103.14013481140137,0.9921773076057434
115,15,left_ankle,87.38639831542969,120.17834663391113,0.9935207366943359
115,16,right_ankle,63.23410987854004,120.80942153930664,0.9931449890136719
116,0,nose,72.93107032775879,58.225393295288086,0.9998721480369568
116,1,left_eye,74.75584983825684,56.20106220245361,0.9995131492614746
116,2,right_eye,71.52987480163574,56.05327129364014,0.9996407628059387
116,3,left_ear,76.21855735778809,56.371421813964844,0.9985527992248535
116,4,right_ear,69.86242771148682,55.87751865386963,0.9989417791366577
116,5,left_shoulder,81.20229721069336,63.53166103363037,0.9999082088470459
116,6,right_shoulder,65.61544895172119,63.44733238220215,0.9999377727508545
116,7,left_elbow,77.4814510345459,78.00738334655762,0.9910481572151184
116,8,right_elbow,66.11769676208496,76.58956050872803,0.9464587569236755
116,9,left_wrist,67.06607818603516,87.99727439880371,0.9801254868507385
116,10,right_wrist,63.41143608093262,88.43067169189453,0.9374207258224487
116,11,left_hip,80.84396362304688,84.40986633300781,0.9996500611305237
116,12,right_hip,72.04916477203369,84.62668418884277,0.9995962381362915
116,13,left_knee,85.22801399230957,103.5126781463623,0.9939114451408386
116,14,right_knee,65.89306831359863,103.20266723632812,0.9920157194137573
116,15,left_ankle,87.38664627075195,120.17827987670898,0.9933713674545288
116,16,right_ankle,63.27589988708496,120.78818321228027,0.9930173754692078
117,0,nose,72.9314136505127,58.27740669250488,0.9998601078987122
117,1,left_eye,74.75715637207031,56.23898983001709,0.999473512172699
117,2,right_eye,71.52829647064209,56.07504367828369,0.9996148943901062
117,3,left_ear,76.22017860412598,56.38199806213379,0.9984419345855713
117,4,right_ear,69.8583459854126,55.88683605194092,0.998862624168396
117,5,left_shoulder,81.20260238647461,63.53428363800049,0.9999052286148071
117,6,right_shoulder,65.61601161956787,63.41750144958496,0.9999353885650635
117,7,left_elbow,77.20933437347412,78.09283256530762,0.9911230206489563
117,8,right_elbow,66.04660034179688,76.6042709350586,0.9448116421699524
117,9,left_wrist,65.85261344909668,88.01347732543945,0.9801574945449829
117,10,right_wrist,62.85243034362793,88.17544937133789,0.9355347752571106
117,11,left_hip,80.83847045898438,84.41568374633789,0.9996411800384521
117,12,right_hip,72.02992916107178,84.63790893554688,0.9995849132537842
117,13,left_knee,85.25136947631836,103.60414505004883,0.9937892556190491
117,14,right_knee,65.97911834716797,103.34623336791992,0.9918611645698547
117,15,left_ankle,87.42620468139648,120.24923324584961,0.9932183027267456
117,16,right_ankle,63.28514575958252,120.81239700317383,0.9928678274154663
118,0,nose,72.91521549224854,58.26364517211914,0.9998534917831421
118,1,left_eye,74.75717067718506,56.23220443725586,0.9994542002677917
118,2,right_eye,71.49819374084473,56.06822490692139,0.9996010661125183
118,3,left_ear,76.22356414794922,56.37659549713135,0.998388946056366
118,4,right_ear,69.82802391052246,55.87876796722412,0.9988143444061279
118,5,left_shoulder,81.19277954101562,63.52579593658447,0.9999024868011475
118,6,right_shoulder,65.61666011810303,63.34378242492676,0.9999326467514038
118,7,left_elbow,77.01091766357422,78.14332008361816,0.9911031126976013
118,8,right_elbow,66.01053714752197,76.61248207092285,0.9437282681465149
118,9,left_wrist,65.49466133117676,88.02301406860352,0.980139970779419
118,10,right_wrist,62.6793098449707,88.0569076538086,0.9343300461769104
118,11,left_hip,80.82028388977051,84.42667007446289,0.9996307492256165
118,12,right_hip,71.99971675872803,84.6601676940918,0.9995750784873962
118,13,left_knee,85.31728744506836,103.83484840393066,0.993671178817749
118,14,right_knee,65.97836971282959,103.6296272277832,0.9918445348739624
118,15,left_ankle,87.45244026184082,120.14928817749023,0.9930422902107239
118,16,right_ankle,63.276634216308594,120.86870193481445,0.9928607940673828
119,0,nose,72.91255950927734,58.273916244506836,0.9998447895050049
119,1,left_eye,74.77073669433594,56.2905216217041,0.99942946434021
119,2,right_eye,71.49893283843994,56.07255458831787,0.999585747718811
119,3,left_ear,76.26020908355713,56.516780853271484,0.9983208775520325
119,4,right_ear,69.82491493225098,55.87822914123535,0.9987562298774719
119,5,left_shoulder,81.18789672851562,63.65101337432861,0.999895453453064
119,6,right_shoulder,65.60175895690918,63.27006816864014,0.9999281764030457
119,7,left_elbow,76.64021968841553,78.48323822021484,0.9910012483596802
119,8,right_elbow,65.93613624572754,76.60974025726318,0.9418856501579285
119,9,left_wrist,65.19834041595459,88.00715446472168,0.9799601435661316
119,10,right_wrist,61.98139667510986,87.77647018432617,0.9324852824211121
119,11,left_hip,80.76655387878418,84.2633056640625,0.9996125102043152
119,12,right_hip,71.90274238586426,84.59345817565918,0.9995571970939636
119,13,left_knee,85.32876968383789,103.83234024047852,0.9935505390167236
119,14,right_knee,66.00276947021484,103.60940933227539,0.9917159676551819
119,15,left_ankle,87.48164176940918,120.04693031311035,0.9928008317947388
119,16,right_ankle,63.273186683654785,120.8768367767334,0.992721676826477
120,0,nose,72.91281223297119,58.27876091003418,0.9998404383659363
120,1,left_eye,74.78802680969238,56.356024742126465,0.9994187355041504
120,2,right_eye,71.50089263916016,56.073365211486816,0.9995790719985962
120,3,left_ear,76.31933689117432,56.60970687866211,0.9982920289039612
120,4,right_ear,69.84993934631348,55.86953639984131,0.9987228512763977
120,5,left_shoulder,81.1789608001709,63.68491172790527,0.9998922348022461
120,6,right_shoulder,65.62222957611084,63.084611892700195,0.9999263286590576
120,7,left_elbow,75.22584438323975,77.74688720703125,0.9912758469581604
120,8,right_elbow,65.85859775543213,76.30445957183838,0.9409914612770081
120,9,left_wrist,64.74671840667725,87.9679012298584,0.9806342124938965
120,10,right_wrist,62.140817642211914,87.32232093811035,0.9315024018287659
120,11,left_hip,80.76074600219727,84.20417785644531,0.9996033310890198
120,12,right_hip,71.88704013824463,84.51397895812988,0.9995494484901428
120,13,left_knee,85.41913032531738,103.82439613342285,0.9935694932937622
120,14,right_knee,66.06591701507568,103.43524932861328,0.9915953874588013
120,15,left_ankle,87.53437042236328,120.27108192443848,0.9927066564559937
120,16,right_ankle,63.2659387588501,120.85094451904297,0.992698073387146
121,0,nose,72.89141654968262,57.91419982910156,0.9998393654823303
121,1,left_eye,74.78302955627441,56.120028495788574,0.9994216561317444
121,2,right_eye,71.50016784667969,55.734028816223145,0.9995785355567932
121,3,left_ear,76.33692741394043,56.5522575378418,0.9982911348342896
121,4,right_ear,69.87472534179688,55.58640480041504,0.9986854195594788
121,5,left_shoulder,81.12997055053711,63.78352642059326,0.9998810291290283
121,6,right_shoulder,65.68984985351562,62.89492130279541,0.9999192357063293
121,7,left_elbow,73.32442283630371,77.69055843353271,0.9912141561508179
121,8,right_elbow,65.85996150970459,76.05452060699463,0.9343233704566956
121,9,left_wrist,63.99388790130615,87.81020164489746,0.9805729389190674
121,10,right_wrist,61.62013053894043,86.74047470092773,0.9257193803787231
121,11,left_hip,80.75724601745605,84.21138763427734,0.9995737075805664
121,12,right_hip,71.87506675720215,84.49499130249023,0.9995207190513611
121,13,left_knee,85.43624877929688,103.82452011108398,0.9935377240180969
121,14,right_knee,66.07972145080566,103.32644462585449,0.991448700428009
121,15,left_ankle,87.54463195800781,120.34217834472656,0.992511510848999
121,16,right_ankle,63.232407569885254,120.85226058959961,0.9925586581230164
122,0,nose,72.91059970855713,57.91823387145996,0.9998281002044678
122,1,left_eye,74.83322143554688,56.148834228515625,0.9993893504142761
122,2,right_eye,71.54337882995605,55.744733810424805,0.9995549917221069
122,3,left_ear,76.3723611831665,56.59493923187256,0.9981898069381714
122,4,right_ear,69.94361877441406,55.586819648742676,0.9985871911048889
122,5,left_shoulder,81.09163284301758,63.79197120666504,0.999872624874115
122,6,right_shoulder,65.70816993713379,62.73146152496338,0.9999134540557861
122,7,left_elbow,73.21198463439941,77.52606391906738,0.9913588166236877
122,8,right_elbow,65.84744930267334,75.96734523773193,0.9311461448669434
122,9,left_wrist,63.82378578186035,87.67309188842773,0.9809409976005554
122,10,right_wrist,61.320815086364746,86.69164657592773,0.9229162931442261
122,11,left_hip,80.75437545776367,84.2100715637207,0.9995505213737488
122,12,right_hip,71.84467315673828,84.48724746704102,0.9994965195655823
122,13,left_knee,85.44958114624023,103.75961303710938,0.9934419393539429
122,14,right_knee,66.12106323242188,103.32488059997559,0.9912322163581848
122,15,left_ankle,87.54890441894531,120.34404754638672,0.9923133850097656
122,16,right_ankle,63.21965217590332,120.88359832763672,0.992379367351532
123,0,nose,72.90072441101074,57.919554710388184,0.9998217225074768
123,1,left_eye,74.83401298522949,56.15417957305908,0.9993744492530823
123,2,right_eye,71.54782772064209,55.74735164642334,0.999546468257904
123,3,left_ear,76.38964653015137,56.6077995300293,0.9981436133384705
123,4,right_ear,70.02440452575684,55.5861759185791,0.9985482692718506
123,5,left_shoulder,81.08757019042969,63.79343032836914,0.9998663067817688
123,6,right_shoulder,65.79243659973145,62.6926851272583,0.9999095797538757
123,7,left_elbow,73.57778072357178,77.02391624450684,0.9915366172790527
123,8,right_elbow,65.85140228271484,75.98530769348145,0.9280227422714233
123,9,left_wrist,63.33931922912598,86.65600776672363,0.9812758564949036
123,10,right_wrist,60.39592266082764,86.6093921661377,0.9209709763526917
123,11,left_hip,80.72490692138672,84.21022415161133,0.9995172619819641
123,12,right_hip,71.77579402923584,84.44884300231934,0.9994608163833618
123,13,left_knee,85.46167373657227,103.69976997375488,0.9933552742004395
123,14,right_knee,66.12020969390869,103.28100204467773,0.9910328388214111
123,15,left_ankle,87.55594253540039,120.3434944152832,0.9921028017997742
123,16,right_ankle,63.20225238800049,120.71081161499023,0.9921495318412781
124,0,nose,72.9080581665039,58.04327964782715,0.9998138546943665
124,1,left_eye,74.83507633209229,56.30366325378418,0.9993512034416199
124,2,right_eye,71.59623146057129,55.89329719543457,0.999530017375946
124,3,left_ear,76.38726234436035,56.705708503723145,0.9980836510658264
124,4,right_ear,70.1120376586914,55.70205211639404,0.9984853863716125
124,5,left_shoulder,81.08445167541504,63.79382610321045,0.9998622536659241
124,6,right_shoulder,65.83817958831787,62.69864559173584,0.9999054074287415
124,7,left_elbow,72.85885810852051,76.91051483154297,0.9917178750038147
124,8,right_elbow,65.85358619689941,75.9976577758789,0.9251044392585754
124,9,left_wrist,62.864441871643066,86.57020568847656,0.9816194176673889
124,10,right_wrist,60.26958465576172,86.6518497467041,0.9188076257705688
124,11,left_hip,80.70457458496094,84.19803619384766,0.9994825720787048
124,12,right_hip,71.70931339263916,84.44814682006836,0.9994227886199951
124,13,left_knee,85.46104431152344,103.66206169128418,0.9932045340538025
124,14,right_knee,66.12168312072754,103.25078964233398,0.99076908826828
124,15,left_ankle,87.5538444519043,120.37520408630371,0.9918730854988098
124,16,right_ankle,63.19169044494629,120.7132625579834,0.9919681549072266
125,0,nose,72.9065990447998,58.69616985321045,0.9998023509979248
125,1,left_eye,74.8465633392334,56.91233158111572,0.999312698841095
125,2,right_eye,71.59890174865723,56.24941825866699,0.9995010495185852
125,3,left_ear,76.4135217666626,57.18562126159668,0.9979637265205383
125,4,right_ear,70.1486873626709,55.88466167449951,0.9983687400817871
125,5,left_shoulder,81.07715606689453,64.06743049621582,0.9998472929000854
125,6,right_shoulder,65.88353633880615,62.58471488952637,0.9999006390571594
125,7,left_elbow,72.40637302398682,76.93412780761719,0.9917320013046265
125,8,right_elbow,65.52900791168213,75.86596488952637,0.9221157431602478
125,9,left_wrist,62.11382865905762,86.55538558959961,0.9817013740539551
125,10,right_wrist,59.76886749267578,85.76108932495117,0.9165746569633484
125,11,left_hip,80.63942909240723,84.17924880981445,0.9994043111801147
125,12,right_hip,71.64766788482666,84.33700561523438,0.99936443567276
125,13,left_knee,85.42976379394531,103.59434127807617,0.9931850433349609
125,14,right_knee,66.12752437591553,103.22357177734375,0.9906920790672302
125,15,left_ankle,87.57657051086426,120.37443161010742,0.9917505383491516
125,16,right_ankle,63.19434642791748,120.72822570800781,0.9919700026512146
126,0,nose,72.86013126373291,58.678131103515625,0.9997907876968384
126,1,left_eye,74.84264373779297,56.89208984375,0.9992817640304565
126,2,right_eye,71.59344673156738,56.24631404876709,0.9994781613349915
126,3,left_ear,76.44505500793457,57.22774028778076,0.9978705644607544
126,4,right_ear,70.16066074371338,55.88568687438965,0.9982680678367615
126,5,left_shoulder,81.01887702941895,64.16259765625,0.999825119972229
126,6,right_shoulder,65.97954750061035,62.466959953308105,0.9998935461044312
126,7,left_elbow,72.06233024597168,76.97113037109375,0.9913157224655151
126,8,right_elbow,65.52855491638184,75.497727394104,0.9150530099868774
126,9,left_wrist,61.47843360900879,85.87385177612305,0.9808735847473145
126,10,right_wrist,59.681105613708496,84.94084358215332,0.9106780290603638
126,11,left_hip,80.57214736938477,84.15277481079102,0.9993191361427307
126,12,right_hip,71.56908512115479,84.22782897949219,0.9992989897727966
126,13,left_knee,85.3737735748291,103.53536605834961,0.993147611618042
126,14,right_knee,66.12123966217041,103.20206642150879,0.9906268119812012
126,15,left_ankle,87.62744903564453,120.4017448425293,0.9915946125984192
126,16,right_ankle,63.20633411407471,120.75021743774414,0.9918995499610901
127,0,nose,72.7503490447998,58.603224754333496,0.9997745752334595
127,1,left_eye,74.81184959411621,56.8831729888916,0.9992419481277466
127,2,right_eye,71.57581329345703,56.1845588684082,0.9994449615478516
127,3,left_ear,76.44649505615234,57.20977783203125,0.9977584481239319
127,4,right_ear,70.20316123962402,55.880727767944336,0.9981188774108887
127,5,left_shoulder,80.93732833862305,64.22318458557129,0.9998024106025696
127,6,right_shoulder,66.32959842681885,62.364630699157715,0.9998841881752014
127,7,left_elbow,71.12393856048584,76.94235801696777,0.9905703067779541
127,8,right_elbow,65.53884029388428,75.3131103515625,0.904288113117218
127,9,left_wrist,61.169748306274414,85.6608772277832,0.9794303178787231
127,10,right_wrist,59.67040538787842,84.65470314025879,0.9016773104667664
127,11,left_hip,80.51546096801758,84.15031433105469,0.9992611408233643
127,12,right_hip,71.52175903320312,84.19346809387207,0.9992516040802002
127,13,left_knee,85.3181266784668,103.50773811340332,0.993023157119751
127,14,right_knee,66.13512516021729,103.19109916687012,0.9904484152793884
127,15,left_ankle,87.70079612731934,120.42834281921387,0.9913920760154724
127,16,right_ankle,63.214497566223145,120.76645851135254,0.9917223453521729
128,0,nose,72.73815155029297,58.59457969665527,0.9997591376304626
128,1,left_eye,74.8147201538086,56.90138816833496,0.9991937279701233
128,2,right_eye,71.60929679870605,56.177988052368164,0.9994164705276489
128,3,left_ear,76.44828796386719,57.30722427368164,0.9976241588592529
128,4,right_ear,70.3704833984375,55.8767032623291,0.9980407953262329
128,5,left_shoulder,80.86678504943848,64.49566841125488,0.9997540712356567
128,6,right_shoulder,66.32055759429932,62.28781700134277,0.9998753070831299
128,7,left_elbow,70.75302124023438,76.95010185241699,0.9902506470680237
128,8,right_elbow,65.24784088134766,75.26143550872803,0.8976940512657166
128,9,left_wrist,60.400967597961426,84.75512504577637,0.978466272354126
128,10,right_wrist,58.84955406188965,84.01474952697754,0.8950451612472534
128,11,left_hip,80.15561103820801,84.12858963012695,0.9991182088851929
128,12,right_hip,71.29773616790771,84.01772499084473,0.9991552233695984
128,13,left_knee,85.18741607666016,103.43866348266602,0.9930292367935181
128,14,right_knee,66.17146968841553,103.26315879821777,0.9902957081794739
128,15,left_ankle,87.70026206970215,120.43096542358398,0.9913796782493591
128,16,right_ankle,63.25977802276611,120.76979637145996,0.9916302561759949
129,0,nose,72.73871421813965,58.190250396728516,0.999739408493042
129,1,left_eye,74.82010841369629,56.63804054260254,0.999151349067688
129,2,right_eye,71.6396713256836,56.002583503723145,0.9993782639503479
129,3,left_ear,76.44996643066406,57.247252464294434,0.9975220561027527
129,4,right_ear,70.40115356445312,55.72925090789795,0.9979050159454346
129,5,left_shoulder,80.7828140258789,64.47869777679443,0.9997265934944153
129,6,right_shoulder,66.31256103515625,62.22952365875244,0.9998579025268555
129,7,left_elbow,70.30667781829834,76.93746089935303,0.9894756078720093
129,8,right_elbow,65.25853157043457,75.1075267791748,0.8859109878540039
129,9,left_wrist,59.853811264038086,84.23690795898438,0.9772555232048035
129,10,right_wrist,58.39851379394531,83.80605697631836,0.8835999369621277
129,11,left_hip,80.15856742858887,84.1313362121582,0.9989829659461975
129,12,right_hip,71.24308109283447,84.0200424194336,0.9990342259407043
129,13,left_knee,85.18189430236816,103.40850830078125,0.9930887818336487
129,14,right_knee,66.17164611816406,103.26026916503906,0.9903193712234497
129,15,left_ankle,87.69975662231445,120.43128967285156,0.9913396835327148
129,16,right_ankle,63.273324966430664,120.68772315979004,0.9916526675224304
130,0,nose,72.73602962493896,57.87125587463379,0.9997281432151794
130,1,left_eye,74.82466697692871,56.50597095489502,0.99913090467453
130,2,right_eye,71.66647911071777,55.88618278503418,0.9993717670440674
130,3,left_ear,76.45392417907715,57.24130153656006,0.9974707961082458
130,4,right_ear,70.45922756195068,55.72462558746338,0.9979034662246704
130,5,left_shoulder,80.72305679321289,64.46414947509766,0.9996972680091858
130,6,right_shoulder,66.30648136138916,62.235703468322754,0.9998559951782227
130,7,left_elbow,70.52075386047363,76.485595703125,0.9888733625411987
130,8,right_elbow,64.8532247543335,75.07382392883301,0.8806419968605042
130,9,left_wrist,59.75949764251709,83.02655220031738,0.9763487577438354
130,10,right_wrist,58.568925857543945,81.19322776794434,0.8794518113136292
130,11,left_hip,80.10174751281738,84.12811279296875,0.9989152550697327
130,12,right_hip,71.13654136657715,83.97820472717285,0.9989920258522034
130,13,left_knee,85.13139724731445,103.39224815368652,0.9930899739265442
130,14,right_knee,66.16928100585938,103.32712173461914,0.9901126027107239
130,15,left_ankle,87.79311180114746,120.43272018432617,0.9912580251693726
130,16,right_ankle,63.27322959899902,120.68964004516602,0.9915168285369873
131,0,nose,72.80169486999512,57.8790807723999,0.9997097849845886
131,1,left_eye,74.87683296203613,56.500487327575684,0.9990904331207275
131,2,right_eye,71.72467708587646,55.878047943115234,0.9993523955345154
131,3,left_ear,76.49449825286865,57.23169803619385,0.9973634481430054
131,4,right_ear,70.50671577453613,55.73896408081055,0.9978650212287903
131,5,left_shoulder,80.71661949157715,64.45260524749756,0.9996651411056519
131,6,right_shoulder,66.30384922027588,62.28055000305176,0.999853253364563
131,7,left_elbow,70.50041198730469,76.20376586914062,0.9878793954849243
131,8,right_elbow,64.62655544281006,75.04731178283691,0.8750881552696228
131,9,left_wrist,60.17855644226074,82.37093925476074,0.9751654863357544
131,10,right_wrist,58.68706703186035,80.54620742797852,0.8758609890937805
131,11,left_hip,80.0897216796875,84.13125038146973,0.9988433718681335
131,12,right_hip,71.06522560119629,84.02026176452637,0.9989563226699829
131,13,left_knee,85.12514114379883,103.34648132324219,0.9928380846977234
131,14,right_knee,66.16925716400146,103.399658203125,0.9897144436836243
131,15,left_ankle,87.93025970458984,120.40119171142578,0.9909008145332336
131,16,right_ankle,63.27390193939209,120.69127082824707,0.9912537932395935
132,0,nose,72.80110836029053,57.99726963043213,0.9997045397758484
132,1,left_eye,74.89733219146729,56.602158546447754,0.9990711808204651
132,2,right_eye,71.75500392913818,55.8878231048584,0.9993438720703125
132,3,left_ear,76.49392127990723,57.312302589416504,0.9973183870315552
132,4,right_ear,70.53427696228027,55.7628870010376,0.9978718757629395
132,5,left_shoulder,80.63337326049805,64.60749626159668,0.9996291399002075
132,6,right_shoulder,66.23717308044434,62.28139400482178,0.9998477101325989
132,7,left_elbow,70.67839622497559,79.28252220153809,0.9880468845367432
132,8,right_elbow,61.33425712585449,75.05302429199219,0.8747365474700928
132,9,left_wrist,57.994446754455566,82.52767562866211,0.9750526547431946
132,10,right_wrist,56.186819076538086,81.38444900512695,0.8746808767318726
132,11,left_hip,80.0151252746582,84.12790298461914,0.998747706413269
132,12,right_hip,70.85124015808105,84.0060806274414,0.9989166855812073
132,13,left_knee,85.12567520141602,103.2649040222168,0.9930141568183899
132,14,right_knee,66.12628936767578,103.41104507446289,0.9897192716598511
132,15,left_ankle,87.95555114746094,120.30920028686523,0.9909504652023315
132,16,right_ankle,63.27975273132324,120.69424629211426,0.9913173317909241
133,0,nose,72.68414497375488,58.55555534362793,0.9996597766876221
133,1,left_eye,74.87355709075928,56.98848247528076,0.9989626407623291
133,2,right_eye,71.73258304595947,56.31992816925049,0.9992701411247253
133,3,left_ear,76.48520469665527,57.49068260192871,0.9970280528068542
133,4,right_ear,70.53879737854004,55.95080852508545,0.9976809620857239
133,5,left_shoulder,80.61351776123047,64.75497245788574,0.9995852112770081
133,6,right_shoulder,66.18186950683594,62.27604866027832,0.9998363852500916
133,7,left_elbow,70.2542781829834,78.99899959564209,0.9878186583518982
133,8,right_elbow,62.2758150100708,75.04287719726562,0.8685574531555176
133,9,left_wrist,58.47041606903076,82.19649314880371,0.9746914505958557
133,10,right_wrist,56.145992279052734,81.66507720947266,0.8685987591743469
133,11,left_hip,79.99922752380371,84.10327911376953,0.9985453486442566
133,12,right_hip,70.74717044830322,83.97329330444336,0.9987675547599792
133,13,left_knee,85.13241767883301,103.20924758911133,0.9930227398872375
133,14,right_knee,66.12311363220215,103.42718124389648,0.9896785616874695
133,15,left_ankle,88.01166534423828,120.1673698425293,0.9908407330513
133,16,right_ankle,63.282341957092285,120.71256637573242,0.9912256598472595
134,0,nose,72.6846694946289,58.397178649902344,0.9996563792228699
134,1,left_eye,74.87288475036621,56.942315101623535,0.9989553093910217
134,2,right_eye,71.73239231109619,56.23085975646973,0.9992679357528687
134,3,left_ear,76.47259712219238,57.4810266494751,0.9970024824142456
134,4,right_ear,70.53820610046387,55.94562530517578,0.9976987242698669
134,5,left_shoulder,80.49589157104492,64.68994140625,0.9995558261871338
134,6,right_shoulder,66.18409156799316,62.540316581726074,0.9998272657394409
134,7,left_elbow,70.1522445678711,77.33905792236328,0.9877330660820007
134,8,right_elbow,62.319703102111816,75.6332778930664,0.8644357919692993
134,9,left_wrist,58.552231788635254,81.0008430480957,0.9741338491439819
134,10,right_wrist,55.231356620788574,81.74603462219238,0.8658271431922913
134,11,left_hip,79.98059749603271,84.09614562988281,0.998388409614563
134,12,right_hip,70.67606925964355,83.98196220397949,0.9986692667007446
134,13,left_knee,85.13363838195801,103.22669982910156,0.993116021156311
134,14,right_knee,66.13221168518066,103.41802597045898,0.9896594285964966
134,15,left_ankle,88.01093101501465,120.16195297241211,0.990892231464386
134,16,right_ankle,63.2822322845459,120.60790061950684,0.9912009835243225
135,0,nose,72.80713081359863,58.39430809020996,0.9996559619903564
135,1,left_eye,74.92549896240234,56.93953514099121,0.9989514350891113
135,2,right_eye,71.75920963287354,56.20265483856201,0.9992672801017761
135,3,left_ear,76.47254943847656,57.44159698486328,0.9969791769981384
135,4,right_ear,70.51808834075928,55.93356132507324,0.9977337121963501
135,5,left_shoulder,80.41693687438965,64.64478492736816,0.999535858631134
135,6,right_shoulder,66.14742279052734,62.688941955566406,0.999819815158844
135,7,left_elbow,70.02808570861816,76.8341588973999,0.987812340259552
135,8,right_elbow,60.925326347351074,75.95602512359619,0.8625377416610718
135,9,left_wrist,58.542723655700684,80.81138610839844,0.9738502502441406
135,10,right_wrist,54.92901802062988,81.83202743530273,0.8637025952339172
135,11,left_hip,79.97164249420166,84.09198760986328,0.9982572793960571
135,12,right_hip,70.59523105621338,84.01924133300781,0.9985888600349426
135,13,left_knee,85.1341724395752,103.23382377624512,0.9931429028511047
135,14,right_knee,66.1310863494873,103.43264579772949,0.9895152449607849
135,15,left_ankle,88.02304267883301,120.14328956604004,0.9909483194351196
135,16,right_ankle,63.28265190124512,120.60917854309082,0.9911736249923706
136,0,nose,72.81969547271729,58.3702278137207,0.9996428489685059
136,1,left_eye,74.96123313903809,56.911935806274414,0.9989162087440491
136,2,right_eye,71.77274227142334,56.13959312438965,0.9992369413375854
136,3,left_ear,76.474928855896,57.42266654968262,0.9968745708465576
136,4,right_ear,70.51751136779785,55.88168144226074,0.9976766109466553
136,5,left_shoulder,80.27853012084961,64.53365325927734,0.9995012283325195
136,6,right_shoulder,66.1138391494751,62.66793727874756,0.999800980091095
136,7,left_elbow,69.7817611694336,76.5160083770752,0.9876839518547058
136,8,right_elbow,61.55308246612549,75.94908714294434,0.8575543165206909
136,9,left_wrist,57.07974433898926,80.33465385437012,0.9732035994529724
136,10,right_wrist,53.88355731964111,80.96047401428223,0.859484851360321
136,11,left_hip,79.97302055358887,84.11504745483398,0.9980056285858154
136,12,right_hip,70.56149959564209,84.08063888549805,0.9984204173088074
136,13,left_knee,85.14272689819336,103.33478927612305,0.9931639432907104
136,14,right_knee,66.12989902496338,103.44640731811523,0.9896249771118164
136,15,left_ankle,88.06533813476562,120.14412879943848,0.9909821152687073
136,16,right_ankle,63.28264236450195,120.61519622802734,0.9912528991699219
137,0,nose,72.73003578186035,58.138837814331055,0.9996259212493896
137,1,left_eye,74.92203712463379,56.72840595245361,0.9988830089569092
137,2,right_eye,71.71740531921387,55.98869323730469,0.9992058277130127
137,3,left_ear,76.45308494567871,57.333173751831055,0.9967590570449829
137,4,right_ear,70.5173397064209,55.799808502197266,0.9976015090942383
137,5,left_shoulder,80.18919944763184,64.32887077331543,0.999460756778717
137,6,right_shoulder,66.21926784515381,62.613277435302734,0.9997854828834534
137,7,left_elbow,69.6372127532959,75.667724609375,0.9870004057884216
137,8,right_elbow,61.615891456604004,75.67123413085938,0.8512570261955261
137,9,left_wrist,56.59598350524902,80.31264305114746,0.971585750579834
137,10,right_wrist,54.21433448791504,80.66648483276367,0.8543807864189148
137,11,left_hip,79.94307041168213,84.1845703125,0.9977550506591797
137,12,right_hip,70.53274631500244,84.14392471313477,0.9982489347457886
137,13,left_knee,85.14063835144043,103.32335472106934,0.9930948615074158
137,14,right_knee,66.13487243652344,103.48269462585449,0.9897141456604004
137,15,left_ankle,88.09263229370117,120.16225814819336,0.9909492135047913
137,16,right_ankle,63.28186511993408,120.66118240356445,0.9912325143814087
138,0,nose,72.75527954101562,57.890214920043945,0.9996166825294495
138,1,left_eye,74.92857456207275,56.5500545501709,0.9988645911216736
138,2,right_eye,71.7544937133789,55.84298133850098,0.9992045164108276
138,3,left_ear,76.45416259765625,57.21378803253174,0.99671870470047
138,4,right_ear,70.51779747009277,55.68666458129883,0.9976250529289246
138,5,left_shoulder,80.08115768432617,64.15040016174316,0.9994391798973083
138,6,right_shoulder,66.18667602539062,62.49770164489746,0.9997896552085876
138,7,left_elbow,69.6859359741211,75.24704933166504,0.9860625863075256
138,8,right_elbow,61.866865158081055,74.79044914245605,0.851442813873291
138,9,left_wrist,56.85073375701904,79.69302177429199,0.9702299237251282
138,10,right_wrist,54.44736957550049,80.09958267211914,0.8562799096107483
138,11,left_hip,79.90370273590088,84.2796516418457,0.9977550506591797
138,12,right_hip,70.48741817474365,84.2288875579834,0.9982848763465881
138,13,left_knee,85.14764785766602,103.32354545593262,0.992986261844635
138,14,right_knee,66.20191097259521,103.4752368927002,0.9895579814910889
138,15,left_ankle,88.09206008911133,120.2277660369873,0.9906650185585022
138,16,right_ankle,63.27282905578613,120.66288948059082,0.9911283254623413
139,0,nose,72.75569915771484,58.03203582763672,0.9995932579040527
139,1,left_eye,74.92600917816162,56.612372398376465,0.9988096356391907
139,2,right_eye,71.74960136413574,55.942697525024414,0.9991746544837952
139,3,left_ear,76.44363403320312,57.20717430114746,0.9965819120407104
139,4,right_ear,70.52187919616699,55.76287269592285,0.9976122379302979
139,5,left_shoulder,80.08386611938477,63.82256507873535,0.9994189739227295
139,6,right_shoulder,66.19325160980225,62.46560573577881,0.9997944831848145
139,7,left_elbow,71.51598930358887,75.16812801361084,0.9836452007293701
139,8,right_elbow,61.94533824920654,74.49999809265137,0.8463974595069885
139,9,left_wrist,57.16896057128906,78.22958946228027,0.9657940864562988
139,10,right_wrist,55.330166816711426,78.89164924621582,0.8504172563552856
139,11,left_hip,79.9033260345459,84.37129020690918,0.9977077841758728
139,12,right_hip,70.4836368560791,84.32523727416992,0.9982662200927734
139,13,left_knee,85.15766143798828,103.39940071105957,0.9925915002822876
139,14,right_knee,66.18589878082275,103.56461524963379,0.9891653060913086
139,15,left_ankle,88.09358596801758,120.22819519042969,0.9904139637947083
139,16,right_ankle,63.27090263366699,120.71800231933594,0.9909303784370422
140,0,nose,72.900390625,57.99245357513428,0.9995474219322205
140,1,left_eye,74.9668025970459,56.539459228515625,0.9987337589263916
140,2,right_eye,71.81069374084473,55.93697547912598,0.9991059899330139
140,3,left_ear,76.44930839538574,57.013792991638184,0.9964035749435425
140,4,right_ear,70.52101135253906,55.75745105743408,0.997486412525177
140,5,left_shoulder,80.19704818725586,63.288302421569824,0.9994145035743713
140,6,right_shoulder,66.24681949615479,62.42614269256592,0.999786913394928
140,7,left_elbow,71.00346565246582,74.0732192993164,0.9824410676956177
140,8,right_elbow,62.18735694885254,74.31041717529297,0.8389915823936462
140,9,left_wrist,57.33941078186035,77.71848201751709,0.9635381698608398
140,10,right_wrist,56.661343574523926,78.07939052581787,0.8363350629806519
140,11,left_hip,79.9079418182373,84.44257736206055,0.9976915121078491
140,12,right_hip,70.48745632171631,84.38312530517578,0.9982370138168335
140,13,left_knee,85.21622657775879,103.40646743774414,0.9919666647911072
140,14,right_knee,66.26769065856934,103.5319709777832,0.9884768128395081
140,15,left_ankle,88.00800323486328,120.23744583129883,0.9899592995643616
140,16,right_ankle,63.270792961120605,120.69507598876953,0.9905508160591125
141,0,nose,73.01193237304688,57.978553771972656,0.9995478391647339
141,1,left_eye,75.0199031829834,56.538472175598145,0.9987366199493408
141,2,right_eye,71.92644596099854,55.93632221221924,0.9991130232810974
141,3,left_ear,76.45499229431152,57.02847480773926,0.9964068531990051
141,4,right_ear,70.57289123535156,55.77054023742676,0.9975268840789795
141,5,left_shoulder,80.08176803588867,63.32507610321045,0.9993717074394226
141,6,right_shoulder,66.37815952301025,62.389421463012695,0.9997817873954773
141,7,left_elbow,69.11519527435303,73.71630191802979,0.9810556769371033
141,8,right_elbow,62.01436519622803,73.52323055267334,0.8391960859298706
141,9,left_wrist,56.87191963195801,76.77114009857178,0.9604714512825012
141,10,right_wrist,54.6644926071167,77.02983856201172,0.8366038799285889
141,11,left_hip,79.90938663482666,84.48738098144531,0.997702419757843
141,12,right_hip,70.49643516540527,84.47800636291504,0.9982775449752808
141,13,left_knee,85.23483276367188,103.40498924255371,0.9917899370193481
141,14,right_knee,66.27166748046875,103.52792739868164,0.9885234236717224
141,15,left_ankle,87.98892021179199,120.24232864379883,0.9897335767745972
141,16,right_ankle,63.27199459075928,120.66949844360352,0.9905838966369629
142,0,nose,73.118896484375,57.94390678405762,0.9995334148406982
142,1,left_eye,75.07182121276855,56.49902820587158,0.998721182346344
142,2,right_eye,72.06459045410156,55.93121528625488,0.9990864396095276
142,3,left_ear,76.44888401031494,56.947360038757324,0.9963996410369873
142,4,right_ear,70.6915283203125,55.77051639556885,0.9974903464317322
142,5,left_shoulder,79.94607448577881,63.36034297943115,0.9993663430213928
142,6,right_shoulder,66.41367435455322,62.38961219787598,0.9997660517692566
142,7,left_elbow,69.28956031799316,73.38497161865234,0.9807219505310059
142,8,right_elbow,62.051663398742676,73.38668823242188,0.8305814862251282
142,9,left_wrist,57.23116397857666,75.9084415435791,0.9598135948181152
142,10,right_wrist,54.856934547424316,76.66948795318604,0.8268232941627502
142,11,left_hip,79.86661434173584,84.53047752380371,0.9976456165313721
142,12,right_hip,70.49494743347168,84.63088035583496,0.9982076287269592
142,13,left_knee,85.23380279541016,103.40482711791992,0.9915539622306824
142,14,right_knee,66.2348461151123,103.54340553283691,0.9882838129997253
142,15,left_ankle,87.98986434936523,120.2430248260498,0.9894698858261108
142,16,right_ankle,63.27397346496582,120.67453384399414,0.9903589487075806
143,0,nose,73.11897277832031,58.34683418273926,0.9994843006134033
143,1,left_eye,75.07866859436035,56.85803413391113,0.9986180067062378
143,2,right_eye,72.06831932067871,56.218719482421875,0.999005138874054
143,3,left_ear,76.43600463867188,57.094316482543945,0.9961416125297546
143,4,right_ear,70.69327354431152,56.034626960754395,0.9973873496055603
143,5,left_shoulder,79.79372978210449,63.3683967590332,0.9993553161621094
143,6,right_shoulder,66.41252040863037,62.382750511169434,0.9997698068618774
143,7,left_elbow,69.40644264221191,73.10004234313965,0.9782193899154663
143,8,right_elbow,61.88060760498047,73.04757595062256,0.8270971179008484
143,9,left_wrist,57.24715232849121,74.5341968536377,0.9561542868614197
143,10,right_wrist,58.51175308227539,74.81685638427734,0.8209436535835266
143,11,left_hip,79.88409519195557,84.68645095825195,0.9976375699043274
143,12,right_hip,70.51832675933838,84.90059852600098,0.9982200860977173
143,13,left_knee,85.26093482971191,103.57105255126953,0.9910008311271667
143,14,right_knee,66.23687744140625,103.62055778503418,0.9872613549232483
143,15,left_ankle,88.00371170043945,120.33021926879883,0.9889984726905823
143,16,right_ankle,63.273868560791016,120.66116333007812,0.9899336099624634
144,0,nose,72.95240879058838,58.13354015350342,0.9994739294052124
144,1,left_eye,74.92205619812012,56.65478706359863,0.9985945820808411
144,2,right_eye,71.89059257507324,56.168389320373535,0.998970091342926
144,3,left_ear,76.29537105560303,56.87057018280029,0.9960799813270569
144,4,right_ear,70.67091464996338,56.03001594543457,0.9973454475402832
144,5,left_shoulder,79.79915618896484,63.23575496673584,0.9993572235107422
144,6,right_shoulder,66.45594120025635,62.393798828125,0.9997707009315491
144,7,left_elbow,71.45230770111084,73.3556604385376,0.9780898690223694
144,8,right_elbow,61.66745662689209,73.12142372131348,0.8265039324760437
144,9,left_wrist,58.271164894104004,74.67881679534912,0.9561740159988403
144,10,right_wrist,58.344244956970215,75.14512062072754,0.8198820352554321
144,11,left_hip,79.8612117767334,84.69529151916504,0.9976262450218201
144,12,right_hip,70.51447868347168,85.05196571350098,0.9982072114944458
144,13,left_knee,85.17951965332031,103.5831356048584,0.9907412528991699
144,14,right_knee,66.19265079498291,103.63889694213867,0.9870107173919678
144,15,left_ankle,88.00620079040527,120.32915115356445,0.9888623952865601
144,16,right_ankle,63.26608180999756,120.67358016967773,0.9897941946983337
145,0,nose,72.87555694580078,57.75314807891846,0.9994925856590271
145,1,left_eye,74.8714542388916,56.37057304382324,0.9986504912376404
145,2,right_eye,71.87269687652588,55.95049858093262,0.9989795088768005
145,3,left_ear,76.24027252197266,56.79107189178467,0.9962214231491089
145,4,right_ear,70.67246913909912,55.93954086303711,0.9973018169403076
145,5,left_shoulder,79.64692115783691,63.34909915924072,0.9993117451667786
145,6,right_shoulder,66.77906036376953,62.36337661743164,0.9997153878211975
145,7,left_elbow,67.84815788269043,73.24807167053223,0.9783778786659241
145,8,right_elbow,61.74128532409668,72.40522861480713,0.8197908401489258
145,9,left_wrist,54.738779067993164,74.7159481048584,0.9560703039169312
145,10,right_wrist,54.300761222839355,73.74932765960693,0.8148199319839478
145,11,left_hip,79.90176200866699,84.7871208190918,0.997504711151123
145,12,right_hip,70.60050010681152,85.11046409606934,0.9981590509414673
145,13,left_knee,85.19002914428711,103.5832691192627,0.9906431436538696
145,14,right_knee,66.2008810043335,103.68337631225586,0.9874995350837708
145,15,left_ankle,87.99153327941895,120.22597312927246,0.9886506199836731
145,16,right_ankle,63.26241493225098,120.65888404846191,0.9901102781295776
146,0,nose,72.83550262451172,57.61569023132324,0.9995060563087463
146,1,left_eye,74.85481262207031,56.262216567993164,0.9986833333969116
146,2,right_eye,71.88255310058594,55.90522289276123,0.9989805221557617
146,3,left_ear,76.23223781585693,56.79676055908203,0.9963287115097046
146,4,right_ear,70.72635650634766,55.9376335144043,0.9972813129425049
146,5,left_shoulder,79.58423614501953,63.511176109313965,0.9992358684539795
146,6,right_shoulder,66.86576843261719,62.08325386047363,0.9996584057807922
146,7,left_elbow,67.03310489654541,73.33946228027344,0.9788830280303955
146,8,right_elbow,61.78945064544678,72.23869323730469,0.8138457536697388
146,9,left_wrist,53.27778339385986,75.09066104888916,0.9566833972930908
146,10,right_wrist,52.489261627197266,73.99029731750488,0.8105405569076538
146,11,left_hip,79.85581398010254,84.7178840637207,0.9971522688865662
146,12,right_hip,70.59916496276855,85.0857162475586,0.9979040622711182
146,13,left_knee,85.09011268615723,103.57958793640137,0.9907774925231934
146,14,right_knee,66.19161128997803,103.69272232055664,0.9879675507545471
146,15,left_ankle,87.97289848327637,120.2264404296875,0.9888166785240173
146,16,right_ankle,63.26638221740723,120.68273544311523,0.9904258251190186
147,0,nose,72.79515743255615,57.48582363128662,0.9995314478874207
147,1,left_eye,74.83290672302246,56.16200923919678,0.9987471699714661
147,2,right_eye,71.85984134674072,55.73357105255127,0.9990155696868896
147,3,left_ear,76.19988918304443,56.75189971923828,0.9964985251426697
147,4,right_ear,70.72393894195557,55.76303482055664,0.9973350763320923
147,5,left_shoulder,79.29507255554199,63.7348747253418,0.9991790056228638
147,6,right_shoulder,67.13187217712402,62.04105854034424,0.9996217489242554
147,7,left_elbow,66.79679870605469,73.08945655822754,0.9794239401817322
147,8,right_elbow,61.75802707672119,71.74151420593262,0.8066441416740417
147,9,left_wrist,52.50014305114746,74.12699699401855,0.9576330184936523
147,10,right_wrist,53.1359338760376,72.32300758361816,0.805688738822937
147,11,left_hip,79.86252784729004,84.73928451538086,0.9970840811729431
147,12,right_hip,70.63822746276855,85.07668495178223,0.9978987574577332
147,13,left_knee,85.10660171508789,103.50445747375488,0.9908269643783569
147,14,right_knee,66.20431423187256,103.69231224060059,0.9884504079818726
147,15,left_ankle,87.97516822814941,120.13705253601074,0.9889084100723267
147,16,right_ankle,63.276944160461426,120.58657646179199,0.9908310174942017
148,0,nose,72.691650390625,57.60113716125488,0.9995324015617371
148,1,left_eye,74.80576515197754,56.2489128112793,0.9987380504608154
148,2,right_eye,71.80073738098145,55.78493118286133,0.9990040063858032
148,3,left_ear,76.18171691894531,56.799564361572266,0.9964655637741089
148,4,right_ear,70.70171356201172,55.78658103942871,0.9973040223121643
148,5,left_shoulder,79.24578189849854,63.76877784729004,0.999126136302948
148,6,right_shoulder,67.10845947265625,61.84957027435303,0.9996122717857361
148,7,left_elbow,66.68759822845459,73.16741943359375,0.9799246191978455
148,8,right_elbow,61.77884101867676,71.77342414855957,0.801950216293335
148,9,left_wrist,52.431325912475586,73.9935827255249,0.9582003951072693
148,10,right_wrist,52.59997367858887,73.02919864654541,0.8023589253425598
148,11,left_hip,79.83813285827637,84.64873313903809,0.9967541098594666
148,12,right_hip,70.63234806060791,84.8390007019043,0.9977224469184875
148,13,left_knee,85.08279800415039,103.44255447387695,0.9908541440963745
148,14,right_knee,66.20165348052979,103.68103981018066,0.9886610507965088
148,15,left_ankle,87.96366691589355,120.13032913208008,0.9890033602714539
148,16,right_ankle,63.29093933105469,120.59442520141602,0.991057813167572
149,0,nose,72.47822761535645,57.60994911193848,0.9995484352111816
149,1,left_eye,74.74141597747803,56.36795997619629,0.9987725615501404
149,2,right_eye,71.7220687866211,55.80709457397461,0.9990352988243103
149,3,left_ear,76.16574287414551,57.10176944732666,0.9965395927429199
149,4,right_ear,70.69531440734863,55.852766036987305,0.9973808526992798
149,5,left_shoulder,78.91030311584473,63.97841930389404,0.9990084767341614
149,6,right_shoulder,67.12499141693115,61.8635892868042,0.9996073842048645
149,7,left_elbow,65.46667575836182,72.52120971679688,0.9790601134300232
149,8,right_elbow,60.853819847106934,71.45915985107422,0.8001827597618103
149,9,left_wrist,52.93776035308838,72.77997016906738,0.9556663632392883
149,10,right_wrist,51.500654220581055,71.78104400634766,0.8053404688835144
149,11,left_hip,79.83374118804932,84.63350296020508,0.9966621994972229
149,12,right_hip,70.67196846008301,84.80798721313477,0.9977455139160156
149,13,left_knee,84.98437881469727,103.36689949035645,0.9905611872673035
149,14,right_knee,66.20171546936035,103.66384506225586,0.9883856177330017
149,15,left_ankle,87.96426773071289,120.1296615600586,0.9886090159416199
149,16,right_ankle,63.287954330444336,120.57580947875977,0.990864634513855
150,0,nose,72.18232154846191,57.70733833312988,0.999567449092865
150,1,left_eye,74.4661808013916,56.49117469787598,0.9988072514533997
150,2,right_eye,71.54731750488281,55.96110820770264,0.9990673065185547
150,3,left_ear,75.93675136566162,57.121381759643555,0.9966282844543457
150,4,right_ear,70.6943416595459,55.8925199508667,0.9974701404571533
150,5,left_shoulder,78.6890172958374,64.03885841369629,0.9989616870880127
150,6,right_shoulder,67.12754249572754,62.03361511230469,0.9996137022972107
150,7,left_elbow,65.5970287322998,72.2649621963501,0.979365885257721
150,8,right_elbow,60.50895690917969,71.48154258728027,0.7995651960372925
150,9,left_wrist,52.9897403717041,72.50840663909912,0.9550871849060059
150,10,right_wrist,51.33160591125488,71.91256523132324,0.8089279532432556
150,11,left_hip,79.808349609375,84.63594436645508,0.996638298034668
150,12,right_hip,70.67456722259521,84.81982231140137,0.9977790117263794
150,13,left_knee,84.88420486450195,103.35917472839355,0.9906517267227173
150,14,right_knee,66.15342617034912,103.66335868835449,0.9886822700500488
150,15,left_ankle,87.99023628234863,119.91731643676758,0.9887824654579163
150,16,right_ankle,63.290300369262695,120.56846618652344,0.9911463260650635
151,0,nose,72.13394165039062,57.68822193145752,0.9995690584182739
151,1,left_eye,74.44560050964355,56.47322654724121,0.9987925291061401
151,2,right_eye,71.51528358459473,55.86544990539551,0.9990477561950684
151,3,left_ear,75.9052562713623,57.11031913757324,0.9966008067131042
151,4,right_ear,70.70363521575928,55.836782455444336,0.9974221587181091
151,5,left_shoulder,78.65519523620605,63.91979217529297,0.9988968968391418
151,6,right_shoulder,67.13665962219238,61.960082054138184,0.9995981454849243
151,7,left_elbow,66.52623176574707,72.0411205291748,0.9792921543121338
151,8,right_elbow,59.915456771850586,70.62543392181396,0.7980928421020508
151,9,left_wrist,53.812808990478516,71.68316841125488,0.9540209770202637
151,10,right_wrist,50.15183448791504,70.25163173675537,0.8091062307357788
151,11,left_hip,79.74530696868896,84.63104248046875,0.9965941309928894
151,12,right_hip,70.67544460296631,84.79532241821289,0.9977600574493408
151,13,left_knee,84.87895011901855,103.29606056213379,0.9906160235404968
151,14,right_knee,66.15202903747559,103.65487098693848,0.988768994808197
151,15,left_ankle,87.99959182739258,119.90991592407227,0.9889360070228577
151,16,right_ankle,63.296051025390625,120.57314872741699,0.9912520051002502
152,0,nose,72.14849948883057,57.76312828063965,0.999567985534668
152,1,left_eye,74.44682121276855,56.483917236328125,0.9987784624099731
152,2,right_eye,71.4956521987915,55.983896255493164,0.9990351796150208
152,3,left_ear,75.87744235992432,57.155165672302246,0.9965496063232422
152,4,right_ear,70.69517612457275,55.858421325683594,0.9974003434181213
152,5,left_shoulder,78.60957145690918,63.899006843566895,0.9988526701927185
152,6,right_shoulder,67.0576000213623,62.12759494781494,0.9995813965797424
152,7,left_elbow,66.67952537536621,71.06961727142334,0.9796811938285828
152,8,right_elbow,59.54641342163086,70.30815124511719,0.7940797805786133
152,9,left_wrist,53.66429328918457,70.85347652435303,0.9543982148170471
152,10,right_wrist,50.47717094421387,69.75845336914062,0.8065518140792847
152,11,left_hip,79.70098972320557,84.63278770446777,0.9966572523117065
152,12,right_hip,70.65240383148193,84.81731414794922,0.9978130459785461
152,13,left_knee,84.88912582397461,103.46122741699219,0.9906273484230042
152,14,right_knee,66.1518383026123,103.65126609802246,0.988645613193512
152,15,left_ankle,87.99893379211426,119.9547004699707,0.9891033172607422
152,16,right_ankle,63.29530715942383,120.5677604675293,0.9913391470909119
153,0,nose,72.15257167816162,58.42673301696777,0.9995454549789429
153,1,left_eye,74.3959903717041,56.95065498352051,0.9986613392829895
153,2,right_eye,71.36553287506104,56.44087791442871,0.9989582300186157
153,3,left_ear,75.78028202056885,57.29376792907715,0.9962320923805237
153,4,right_ear,70.53116798400879,56.230483055114746,0.9972504377365112
153,5,left_shoulder,78.53246212005615,63.58400821685791,0.9987308979034424
153,6,right_shoulder,66.81083679199219,62.1784782409668,0.9995553493499756
153,7,left_elbow,66.74976348876953,70.91270446777344,0.978705108165741
153,8,right_elbow,58.874454498291016,70.27394771575928,0.7900850176811218
153,9,left_wrist,55.256948471069336,70.45928955078125,0.951924204826355
153,10,right_wrist,51.012558937072754,69.32482719421387,0.8066805601119995
153,11,left_hip,79.65910911560059,84.65185165405273,0.9965023994445801
153,12,right_hip,70.63082695007324,84.88128662109375,0.9976982474327087
153,13,left_knee,84.89118576049805,103.4926986694336,0.9907754063606262
153,14,right_knee,66.07128143310547,103.66750717163086,0.98872309923172
153,15,left_ankle,87.99772262573242,120.11899948120117,0.9895229339599609
153,16,right_ankle,63.29678535461426,120.58032035827637,0.9914085865020752
154,0,nose,71.77206993103027,58.40038299560547,0.9995129108428955
154,1,left_eye,73.98664951324463,56.89030170440674,0.998577356338501
154,2,right_eye,71.03282928466797,56.49608135223389,0.998866856098175
154,3,left_ear,75.57630062103271,57.289772033691406,0.9960306882858276
154,4,right_ear,70.43538570404053,56.22558116912842,0.997021496295929
154,5,left_shoulder,78.33840847015381,63.624820709228516,0.9985902309417725
154,6,right_shoulder,66.5499496459961,62.27556228637695,0.9995068311691284
154,7,left_elbow,67.18338966369629,70.75143337249756,0.9774793386459351
154,8,right_elbow,57.95243740081787,69.27410125732422,0.7802828550338745
154,9,left_wrist,56.731553077697754,68.50462913513184,0.9500331878662109
154,10,right_wrist,51.2837553024292,67.96038150787354,0.8019609451293945
154,11,left_hip,79.6390151977539,84.69209671020508,0.9965416193008423
154,12,right_hip,70.6284236907959,85.0328254699707,0.997715413570404
154,13,left_knee,84.86879348754883,103.49164009094238,0.990601122379303
154,14,right_knee,65.9578800201416,103.75973701477051,0.9884285926818848
154,15,left_ankle,87.99842834472656,120.14712333679199,0.9895160794258118
154,16,right_ankle,63.295016288757324,120.65479278564453,0.9911548495292664
155,0,nose,71.74308776855469,58.18437576293945,0.9994717240333557
155,1,left_eye,73.72512817382812,56.61886215209961,0.9984718561172485
155,2,right_eye,70.9033727645874,56.22703552246094,0.9987581968307495
155,3,left_ear,75.3208065032959,57.03659534454346,0.9957902431488037
155,4,right_ear,70.42724609375,56.21506690979004,0.9967525005340576
155,5,left_shoulder,78.2474422454834,63.50905418395996,0.9984912872314453
155,6,right_shoulder,66.52384281158447,62.312045097351074,0.999471127986908
155,7,left_elbow,69.00381565093994,70.95755100250244,0.9760118722915649
155,8,right_elbow,58.401803970336914,69.0234375,0.7705326676368713
155,9,left_wrist,57.49283313751221,67.96732425689697,0.9476714134216309
155,10,right_wrist,51.095027923583984,67.72523403167725,0.7982193231582642
155,11,left_hip,79.61392402648926,84.70085144042969,0.9966546297073364
155,12,right_hip,70.61736106872559,85.07232666015625,0.9977856874465942
155,13,left_knee,84.83881950378418,103.48020553588867,0.9904060363769531
155,14,right_knee,65.9066104888916,103.8206672668457,0.9882526993751526
155,15,left_ankle,87.97555923461914,120.1463794708252,0.9894601702690125
155,16,right_ankle,63.29180717468262,120.67991256713867,0.990983784198761
156,0,nose,71.04184627532959,58.23007106781006,0.9994847774505615
156,1,left_eye,73.14244747161865,56.62360191345215,0.9984856247901917
156,2,right_eye,70.70620536804199,56.35761260986328,0.9987656474113464
156,3,left_ear,75.03945827484131,57.05212593078613,0.9958928823471069
156,4,right_ear,70.36160469055176,56.44152641296387,0.9967676401138306
156,5,left_shoulder,78.10507297515869,63.40911865234375,0.998445451259613
156,6,right_shoulder,66.61930084228516,62.61117935180664,0.9994552731513977
156,7,left_elbow,68.80685329437256,69.93134498596191,0.9768768548965454
156,8,right_elbow,57.70998954772949,68.38330745697021,0.7736003994941711
156,9,left_wrist,57.369728088378906,67.39298820495605,0.950313925743103
156,10,right_wrist,50.93602180480957,64.45416450500488,0.8091541528701782
156,11,left_hip,79.58264827728271,84.73154067993164,0.9967247247695923
156,12,right_hip,70.6000280380249,85.13422012329102,0.9978287816047668
156,13,left_knee,84.84521865844727,103.49761009216309,0.9903174638748169
156,14,right_knee,65.90054988861084,103.82040977478027,0.9881242513656616
156,15,left_ankle,87.96854019165039,120.13525009155273,0.9893442392349243
156,16,right_ankle,63.26101779937744,120.68050384521484,0.9907039999961853
157,0,nose,71.07590675354004,58.7163782119751,0.999502420425415
157,1,left_eye,73.2412052154541,56.952176094055176,0.9985302090644836
157,2,right_eye,70.71820259094238,56.64926052093506,0.9988006353378296
157,3,left_ear,75.06691932678223,57.14256286621094,0.9960362315177917
157,4,right_ear,70.24275779724121,56.64682865142822,0.9968510270118713
157,5,left_shoulder,78.12728881835938,63.41574192047119,0.9984100461006165
157,6,right_shoulder,66.57999992370605,62.75527477264404,0.9994277954101562
157,7,left_elbow,67.83929347991943,69.9825668334961,0.9772829413414001
157,8,right_elbow,58.31737518310547,68.5042667388916,0.7744508981704712
157,9,left_wrist,56.021623611450195,67.39824771881104,0.9519193768501282
157,10,right_wrist,51.25601768493652,63.331990242004395,0.8165175914764404
157,11,left_hip,79.58112239837646,84.75000381469727,0.9966980218887329
157,12,right_hip,70.57634830474854,85.13631820678711,0.9978120923042297
157,13,left_knee,84.92018699645996,103.6631965637207,0.9902414679527283
157,14,right_knee,65.91927528381348,103.70050430297852,0.9880117774009705
157,15,left_ankle,87.98330307006836,120.1490306854248,0.9892216920852661
157,16,right_ankle,63.1929874420166,120.67520141601562,0.9904729723930359
158,0,nose,71.14598751068115,59.02101993560791,0.9995094537734985
158,1,left_eye,73.25379848480225,57.31813907623291,0.9985162019729614
158,2,right_eye,70.70649147033691,56.93547248840332,0.9987937808036804
158,3,left_ear,75.07452964782715,57.356343269348145,0.9960101842880249
158,4,right_ear,69.94462013244629,56.88284873962402,0.9968571662902832
158,5,left_shoulder,78.06530952453613,63.431572914123535,0.9982303380966187
158,6,right_shoulder,65.50838470458984,62.89888858795166,0.999409019947052
158,7,left_elbow,67.85627841949463,69.51155185699463,0.9766150116920471
158,8,right_elbow,56.637821197509766,68.60152244567871,0.780173122882843
158,9,left_wrist,56.058311462402344,66.62999153137207,0.9513136148452759
158,10,right_wrist,51.208720207214355,62.493863105773926,0.8254173994064331
158,11,left_hip,79.58579063415527,84.89962577819824,0.996536374092102
158,12,right_hip,70.57466983795166,85.21661758422852,0.9977462291717529
158,13,left_knee,84.93669509887695,103.82320404052734,0.9903188943862915
158,14,right_knee,65.91900825500488,103.71889114379883,0.9880828261375427
158,15,left_ankle,87.9725456237793,120.13674736022949,0.9893065094947815
158,16,right_ankle,63.182148933410645,120.68455696105957,0.9903569221496582
159,0,nose,71.16175174713135,59.95307922363281,0.9995251297950745
159,1,left_eye,73.2711935043335,58.05476665496826,0.998521089553833
159,2,right_eye,70.66206932067871,58.06353569030762,0.9988164901733398
159,3,left_ear,75.08881568908691,57.71095275878906,0.9960172176361084
159,4,right_ear,69.67382907867432,57.35117435455322,0.9969542622566223
159,5,left_shoulder,78.05815696716309,63.43693256378174,0.9981887340545654
159,6,right_shoulder,64.76145267486572,63.10914993286133,0.9994301795959473
159,7,left_elbow,68.45598697662354,69.40086364746094,0.9771733283996582
159,8,right_elbow,54.48345184326172,68.01012992858887,0.7945862412452698
159,9,left_wrist,56.72982692718506,66.76580905914307,0.9532350897789001
159,10,right_wrist,50.94517707824707,62.95325756072998,0.8392103910446167
159,11,left_hip,79.62408542633057,85.01738548278809,0.9964333772659302
159,12,right_hip,70.56937217712402,85.3546142578125,0.9976906776428223
159,13,left_knee,84.92691993713379,103.88720512390137,0.990561306476593
159,14,right_knee,65.91996192932129,103.72183799743652,0.9883304238319397
159,15,left_ankle,87.9304027557373,120.22005081176758,0.9896193742752075
159,16,right_ankle,63.1809663772583,120.7935905456543,0.9903284311294556
160,0,nose,71.29647254943848,59.83192443847656,0.999546229839325
160,1,left_eye,73.57058525085449,58.08128833770752,0.9985650777816772
160,2,right_eye,70.84601402282715,57.93142795562744,0.9988594055175781
160,3,left_ear,75.09958744049072,57.7202844619751,0.9961104393005371
160,4,right_ear,69.39427375793457,57.48939514160156,0.9971116185188293
160,5,left_shoulder,78.0294418334961,63.332390785217285,0.9981689453125
160,6,right_shoulder,64.4491195678711,63.205933570861816,0.9994566440582275
160,7,left_elbow,69.6527099609375,69.37141418457031,0.9772883057594299
160,8,right_elbow,52.53117561340332,66.96295738220215,0.8088106513023376
160,9,left_wrist,57.73463726043701,66.33256435394287,0.9538108110427856
160,10,right_wrist,51.07222557067871,62.87461280822754,0.8508123755455017
160,11,left_hip,79.72731590270996,85.0479793548584,0.9963949918746948
160,12,right_hip,70.56946754455566,85.47845840454102,0.997698962688446
160,13,left_knee,84.90403175354004,104.05914306640625,0.9908551573753357
160,14,right_knee,65.92087745666504,103.67799758911133,0.9886071085929871
160,15,left_ankle,87.77496337890625,120.14657020568848,0.9898980259895325
160,16,right_ankle,63.17281723022461,120.77247619628906,0.9904477596282959
161,0,nose,70.73430061340332,60.02446174621582,0.9995495080947876
161,1,left_eye,72.77731895446777,58.106727600097656,0.9985249042510986
161,2,right_eye,69.82107639312744,57.83447265625,0.9988330006599426
161,3,left_ear,74.88280296325684,57.701826095581055,0.9959984421730042
161,4,right_ear,68.40487480163574,57.421135902404785,0.9971697330474854
161,5,left_shoulder,77.71403312683105,62.66197681427002,0.9981682896614075
161,6,right_shoulder,62.69210338592529,62.981510162353516,0.999488353729248
161,7,left_elbow,69.99679565429688,69.32421207427979,0.9774467349052429
161,8,right_elbow,50.638723373413086,65.6051254272461,0.8234012722969055
161,9,left_wrist,59.03593063354492,66.1060619354248,0.9538082480430603
161,10,right_wrist,51.09386920928955,62.01668739318848,0.8610217571258545
161,11,left_hip,79.76619720458984,85.03037452697754,0.9963946342468262
161,12,right_hip,70.55782318115234,85.47003746032715,0.9977241158485413
161,13,left_knee,84.90076065063477,104.25333023071289,0.991290807723999
161,14,right_knee,65.918288230896,103.67919921875,0.9889768362045288
161,15,left_ankle,87.68869400024414,120.14730453491211,0.9903302192687988
161,16,right_ankle,63.16605567932129,120.70962905883789,0.9906708002090454
162,0,nose,69.93353366851807,59.9354362487793,0.9995296001434326
162,1,left_eye,72.06122398376465,57.948713302612305,0.9984445571899414
162,2,right_eye,68.91858100891113,57.75440216064453,0.9987514615058899
162,3,left_ear,74.33477878570557,57.33119010925293,0.995734691619873
162,4,right_ear,67.84285545349121,57.337775230407715,0.9970685839653015
162,5,left_shoulder,77.36658573150635,62.0070743560791,0.9979813098907471
162,6,right_shoulder,63.009324073791504,62.9780912399292,0.9994714856147766
162,7,left_elbow,69.8067855834961,68.30143928527832,0.977017343044281
162,8,right_elbow,51.79227352142334,65.17950534820557,0.8304135203361511
162,9,left_wrist,58.619160652160645,65.05072116851807,0.9533457159996033
162,10,right_wrist,51.40212059020996,62.236433029174805,0.8673216104507446
162,11,left_hip,79.78662014007568,84.88870620727539,0.9963433742523193
162,12,right_hip,70.55476188659668,85.46415328979492,0.9976862072944641
162,13,left_knee,84.89802360534668,104.27325248718262,0.9913786053657532
162,14,right_knee,65.91920375823975,103.67639541625977,0.9889588356018066
162,15,left_ankle,87.67888069152832,120.21074295043945,0.9904902577400208
162,16,right_ankle,63.15999507904053,120.70951461791992,0.9905337691307068
163,0,nose,70.12251377105713,59.8697566986084,0.9995378255844116
163,1,left_eye,72.12904930114746,57.74176597595215,0.9984536170959473
163,2,right_eye,69.16558265686035,57.68500328063965,0.9987605810165405
163,3,left_ear,74.38399314880371,57.20379829406738,0.9957324862480164
163,4,right_ear,68.04823875427246,57.28749752044678,0.9971277117729187
163,5,left_shoulder,77.41519927978516,62.10505485534668,0.9979103207588196
163,6,right_shoulder,63.30485820770264,62.97554969787598,0.9994807243347168
163,7,left_elbow,69.79239463806152,68.4991455078125,0.9770938754081726
163,8,right_elbow,52.331318855285645,65.0295877456665,0.8402157425880432
163,9,left_wrist,58.26241493225098,65.03103733062744,0.9539684057235718
163,10,right_wrist,51.448302268981934,62.07085609436035,0.8760412931442261
163,11,left_hip,79.80602264404297,84.80572700500488,0.9963786005973816
163,12,right_hip,70.55424690246582,85.46160697937012,0.9977073669433594
163,13,left_knee,84.88528251647949,104.26054000854492,0.9916849732398987
163,14,right_knee,65.91298580169678,103.6765193939209,0.9892370700836182
163,15,left_ankle,87.60557174682617,120.23673057556152,0.9908361434936523
163,16,right_ankle,63.154540061950684,120.69426536560059,0.9906514883041382
164,0,nose,71.89696311950684,58.52461814880371,0.999557614326477
164,1,left_eye,73.4459400177002,57.039432525634766,0.9985041618347168
164,2,right_eye,70.58505058288574,56.862993240356445,0.9988049864768982
164,3,left_ear,74.71283912658691,56.915268898010254,0.9958711862564087
164,4,right_ear,69.01732444763184,56.505069732666016,0.9972584247589111
164,5,left_shoulder,77.47540473937988,62.10742473602295,0.9978444576263428
164,6,right_shoulder,63.52547645568848,62.25998401641846,0.9994856715202332
164,7,left_elbow,69.87645149230957,68.42225074768066,0.976823091506958
164,8,right_elbow,52.77050495147705,63.54564189910889,0.8496410846710205
164,9,left_wrist,58.96719455718994,64.9444580078125,0.9540792107582092
164,10,right_wrist,51.93776607513428,61.12521171569824,0.8832741975784302
164,11,left_hip,79.8173999786377,84.72650527954102,0.9964990019798279
164,12,right_hip,70.56189060211182,85.45650482177734,0.9977723360061646
164,13,left_knee,84.88192558288574,104.26668167114258,0.9918554425239563
164,14,right_knee,65.90251922607422,103.68288040161133,0.9893958568572998
164,15,left_ankle,87.6005744934082,120.2421760559082,0.9909971952438354
164,16,right_ankle,63.15338611602783,120.68939208984375,0.9906235933303833
165,0,nose,73.42718601226807,57.39564895629883,0.9995757341384888
165,1,left_eye,74.53258514404297,55.874576568603516,0.9985557794570923
165,2,right_eye,71.75695896148682,55.96207141876221,0.9988511800765991
165,3,left_ear,75.20462036132812,56.27921104431152,0.9960300922393799
165,4,right_ear,69.35995578765869,56.04411602020264,0.9974158406257629
165,5,left_shoulder,77.66953468322754,61.90079689025879,0.9978179931640625
165,6,right_shoulder,63.99311065673828,62.321600914001465,0.9994995594024658
165,7,left_elbow,69.9172592163086,67.45264530181885,0.9753543734550476
165,8,right_elbow,52.615766525268555,62.67714500427246,0.8598320484161377
165,9,left_wrist,58.67879867553711,63.605732917785645,0.95135897397995
165,10,right_wrist,52.63427734375,59.5076847076416,0.8880743980407715
165,11,left_hip,79.8445987701416,84.68347549438477,0.996621310710907
165,12,right_hip,70.6706714630127,85.45073509216309,0.9978594183921814
165,13,left_knee,84.82625007629395,104.25138473510742,0.9917775988578796
165,14,right_knee,65.9064245223999,103.66971969604492,0.9893639087677002
165,15,left_ankle,87.60111808776855,120.1773738861084,0.9909019470214844
165,16,right_ankle,63.14681053161621,120.6879711151123,0.990636944770813
166,0,nose,73.22023868560791,57.34878063201904,0.9995874166488647
166,1,left_eye,74.55300331115723,55.594520568847656,0.9985837936401367
166,2,right_eye,71.87402248382568,55.741920471191406,0.998871386051178
166,3,left_ear,75.28347969055176,56.20151996612549,0.9961286783218384
166,4,right_ear,69.47042942047119,55.84225654602051,0.9974870085716248
166,5,left_shoulder,77.92780876159668,61.91913604736328,0.9976542592048645
166,6,right_shoulder,64.50844764709473,62.31549263000488,0.9994795918464661
166,7,left_elbow,70.06406307220459,67.20755100250244,0.9744958877563477
166,8,right_elbow,52.86398887634277,62.57149696350098,0.8654820919036865
166,9,left_wrist,59.65529441833496,63.62264156341553,0.9506517052650452
166,10,right_wrist,52.91793346405029,59.00568962097168,0.891573965549469
166,11,left_hip,79.83462333679199,84.66755867004395,0.996715784072876
166,12,right_hip,70.68313598632812,85.44588088989258,0.9979255795478821
166,13,left_knee,84.77310180664062,104.19898986816406,0.9917111396789551
166,14,right_knee,65.90783596038818,103.66880416870117,0.9893151521682739
166,15,left_ankle,87.60194778442383,120.07587432861328,0.990940272808075
166,16,right_ankle,63.14640522003174,120.6873607635498,0.9906138777732849
167,0,nose,73.02865505218506,57.39973068237305,0.999601423740387
167,1,left_eye,74.5504903793335,55.58192253112793,0.9986110925674438
167,2,right_eye,71.78897857666016,55.772695541381836,0.9988967180252075
167,3,left_ear,75.3012752532959,56.13903045654297,0.9962373375892639
167,4,right_ear,69.51210021972656,55.775065422058105,0.9975988864898682
167,5,left_shoulder,78.12634944915771,61.708083152770996,0.9975296258926392
167,6,right_shoulder,64.71945762634277,62.327494621276855,0.9994725584983826
167,7,left_elbow,71.21525764465332,67.48828887939453,0.9733344912528992
167,8,right_elbow,53.082475662231445,61.12537860870361,0.8738988041877747
167,9,left_wrist,60.38851737976074,63.49837779998779,0.9489047527313232
167,10,right_wrist,53.78033638000488,57.93393611907959,0.8951454758644104
167,11,left_hip,79.87488746643066,84.66794967651367,0.9967645406723022
167,12,right_hip,70.70153713226318,85.44340133666992,0.9979545474052429
167,13,left_knee,84.67831611633301,104.1722297668457,0.9918556213378906
167,14,right_knee,65.90769290924072,103.76522064208984,0.9894478917121887
167,15,left_ankle,87.65218734741211,120.09424209594727,0.9910877346992493
167,16,right_ankle,63.144636154174805,120.70816040039062,0.9906896948814392
168,0,nose,72.49981880187988,57.357096672058105,0.9996196627616882
168,1,left_eye,74.33942317962646,55.5163049697876,0.9986661672592163
168,2,right_eye,71.41222476959229,55.77505111694336,0.9989341497421265
168,3,left_ear,75.08988857269287,55.94683647155762,0.9963980913162231
168,4,right_ear,69.51041221618652,55.705060958862305,0.9976724982261658
168,5,left_shoulder,78.15645694732666,61.75839900970459,0.9973968863487244
168,6,right_shoulder,65.0518798828125,62.316083908081055,0.9994354844093323
168,7,left_elbow,70.99791526794434,67.33528137207031,0.9736750721931458
168,8,right_elbow,54.71835136413574,61.877851486206055,0.8787572979927063
168,9,left_wrist,60.59802055358887,63.78720760345459,0.9505826234817505
168,10,right_wrist,53.66553783416748,58.34280967712402,0.901226282119751
168,11,left_hip,79.8808765411377,84.74096298217773,0.9969507455825806
168,12,right_hip,70.72125434875488,85.45616149902344,0.9980698227882385
168,13,left_knee,84.62538719177246,104.20912742614746,0.9919989109039307
168,14,right_knee,65.88030815124512,103.756103515625,0.9896965622901917
168,15,left_ankle,87.6246166229248,120.09313583374023,0.9912698864936829
168,16,right_ankle,63.130860328674316,120.71039199829102,0.9909030795097351
169,0,nose,72.46790409088135,57.35610008239746,0.9996328353881836
169,1,left_eye,74.3191909790039,55.59873580932617,0.9987123608589172
169,2,right_eye,71.40541076660156,55.80894470214844,0.9989547729492188
169,3,left_ear,75.0649642944336,55.97825050354004,0.9965447783470154
169,4,right_ear,69.60648536682129,55.72950839996338,0.9977598190307617
169,5,left_shoulder,78.21921348571777,61.70422077178955,0.9968917369842529
169,6,right_shoulder,65.2173900604248,62.31728553771973,0.9993270039558411
169,7,left_elbow,70.99678993225098,66.02822780609131,0.9707234501838684
169,8,right_elbow,55.191078186035156,60.89125633239746,0.8847070932388306
169,9,left_wrist,62.10712432861328,60.52281856536865,0.9490938186645508
169,10,right_wrist,54.10707473754883,55.488295555114746,0.9071303009986877
169,11,left_hip,79.87739562988281,84.85127449035645,0.9971065521240234
169,12,right_hip,70.72063446044922,85.52290916442871,0.9981648921966553
169,13,left_knee,84.47626113891602,104.19264793395996,0.99223393201828
169,14,right_knee,65.86012840270996,103.76433372497559,0.9900308847427368
169,15,left_ankle,87.62503623962402,120.09343147277832,0.9914819598197937
169,16,right_ankle,63.12539100646973,120.77655792236328,0.9911196827888489
170,0,nose,72.03094482421875,57.28808403015137,0.9996330738067627
170,1,left_eye,73.81440162658691,55.62945365905762,0.9987084865570068
170,2,right_eye,71.08017921447754,55.78455924987793,0.9989322423934937
170,3,left_ear,75.02710819244385,55.97399711608887,0.9965699315071106
170,4,right_ear,69.605712890625,55.752601623535156,0.9977279305458069
170,5,left_shoulder,78.19891929626465,61.6451358795166,0.9965034127235413
170,6,right_shoulder,65.26469230651855,62.278761863708496,0.9992293119430542
170,7,left_elbow,70.94099998474121,66.28471374511719,0.969462513923645
170,8,right_elbow,55.488362312316895,61.14020347595215,0.886921226978302
170,9,left_wrist,61.75527095794678,60.77231407165527,0.9485558271408081
170,10,right_wrist,54.03467655181885,55.92488765716553,0.9107332825660706
170,11,left_hip,79.8609447479248,84.86284255981445,0.9972467422485352
170,12,right_hip,70.74978828430176,85.52263259887695,0.9982513189315796
170,13,left_knee,84.31812286376953,104.12496566772461,0.9924107789993286
170,14,right_knee,65.85157871246338,103.76585006713867,0.9902637004852295
170,15,left_ankle,87.62521743774414,120.09600639343262,0.9916713237762451
170,16,right_ankle,63.13143730163574,120.80419540405273,0.9912826418876648
171,0,nose,70.50522804260254,57.82147407531738,0.9996275305747986
171,1,left_eye,72.15020656585693,55.93218803405762,0.9986821413040161
171,2,right_eye,68.87106418609619,56.69058799743652,0.9988839626312256
171,3,left_ear,74.00933742523193,55.99601745605469,0.9965763092041016
171,4,right_ear,68.1006383895874,55.93156337738037,0.997697114944458
171,5,left_shoulder,78.16851615905762,60.98259925842285,0.9963311553001404
171,6,right_shoulder,65.00010013580322,62.218265533447266,0.9991835355758667
171,7,left_elbow,71.0261058807373,65.88912010192871,0.9683848023414612
171,8,right_elbow,55.43863296508789,60.028181076049805,0.8917036652565002
171,9,left_wrist,62.042412757873535,60.62817573547363,0.9487602114677429
171,10,right_wrist,55.504770278930664,54.663357734680176,0.9152078032493591
171,11,left_hip,79.8764419555664,84.88191604614258,0.9973413944244385
171,12,right_hip,70.74892997741699,85.52098274230957,0.9983009696006775
171,13,left_knee,84.27303314208984,104.1181755065918,0.9926413893699646
171,14,right_knee,65.85012912750244,103.78533363342285,0.9906156063079834
171,15,left_ankle,87.62639045715332,119.99831199645996,0.9919258952140808
171,16,right_ankle,63.14309597015381,120.8010196685791,0.9915118217468262
172,0,nose,70.65284729003906,57.553510665893555,0.9996422529220581
172,1,left_eye,72.38011360168457,55.76016426086426,0.9987300038337708
172,2,right_eye,69.15645599365234,55.8976411819458,0.9989197254180908
172,3,left_ear,74.09820556640625,55.824551582336426,0.9967333078384399
172,4,right_ear,68.24723243713379,55.92837333679199,0.9978012442588806
172,5,left_shoulder,78.20386409759521,61.05127811431885,0.9962735772132874
172,6,right_shoulder,64.91930484771729,62.18338966369629,0.9991812109947205
172,7,left_elbow,71.18569850921631,66.1453628540039,0.9668154716491699
172,8,right_elbow,55.43604373931885,59.724721908569336,0.8976190090179443
172,9,left_wrist,62.45230674743652,60.673723220825195,0.9479808211326599
172,10,right_wrist,55.7358980178833,54.51122283935547,0.9187192916870117
172,11,left_hip,79.8764181137085,84.92245674133301,0.9974924921989441
172,12,right_hip,70.74820041656494,85.5317497253418,0.9983910918235779
172,13,left_knee,84.25724029541016,104.11543846130371,0.992785632610321
172,14,right_knee,65.81443786621094,103.85063171386719,0.9909157156944275
172,15,left_ankle,87.5741958618164,119.9782657623291,0.9920583367347717
172,16,right_ankle,63.13913822174072,120.80218315124512,0.9917122721672058
173,0,nose,69.99551296234131,57.42945671081543,0.9996587038040161
173,1,left_eye,71.66674613952637,55.57651996612549,0.9987895488739014
173,2,right_eye,68.38968753814697,55.80519199371338,0.9989621043205261
173,3,left_ear,73.22919368743896,55.37999153137207,0.9969169497489929
173,4,right_ear,67.94106960296631,55.92400550842285,0.9979183673858643
173,5,left_shoulder,78.18953514099121,60.65018653869629,0.9963014721870422
173,6,right_shoulder,64.88022804260254,62.186007499694824,0.9991648197174072
173,7,left_elbow,71.31903648376465,65.50987243652344,0.9659411311149597
173,8,right_elbow,55.682926177978516,59.331321716308594,0.9032406806945801
173,9,left_wrist,62.26000785827637,60.31651496887207,0.9474585652351379
173,10,right_wrist,56.15092754364014,54.199767112731934,0.9216793179512024
173,11,left_hip,79.86800193786621,84.97714042663574,0.9976550340652466
173,12,right_hip,70.72125434875488,85.54024696350098,0.9984793663024902
173,13,left_knee,84.21672821044922,104.11592483520508,0.9929232001304626
173,14,right_knee,65.81407070159912,103.95336151123047,0.9912286996841431
173,15,left_ankle,87.55094528198242,119.97903823852539,0.9922335147857666
173,16,right_ankle,63.14562797546387,120.90847969055176,0.9918338656425476
174,0,nose,70.09351253509521,57.31233596801758,0.9996741414070129
174,1,left_eye,71.7868423461914,55.4588508605957,0.9988455772399902
174,2,right_eye,68.68882179260254,55.57555675506592,0.9990074038505554
174,3,left_ear,73.03102016448975,55.251946449279785,0.9970887303352356
174,4,right_ear,67.89722442626953,55.922231674194336,0.9980407357215881
174,5,left_shoulder,78.13458442687988,60.573744773864746,0.9963656067848206
174,6,right_shoulder,64.87192630767822,62.20423221588135,0.9991667866706848
174,7,left_elbow,71.26885414123535,65.25219917297363,0.9645959734916687
174,8,right_elbow,55.77653408050537,59.202585220336914,0.9087726473808289
174,9,left_wrist,62.04655647277832,60.210394859313965,0.9459407925605774
174,10,right_wrist,56.31105899810791,54.5827579498291,0.9240267276763916
174,11,left_hip,79.86451625823975,84.9818229675293,0.9978000521659851
174,12,right_hip,70.69239139556885,85.54068565368652,0.9985555410385132
174,13,left_knee,84.1903018951416,104.11844253540039,0.99306321144104
174,14,right_knee,65.82357883453369,104.04199600219727,0.9914707541465759
174,15,left_ankle,87.5511360168457,120.0051498413086,0.992379367351532
174,16,right_ankle,63.14547061920166,120.94711303710938,0.9918774366378784
175,0,nose,70.911865234375,57.12502479553223,0.9996861815452576
175,1,left_eye,72.30599403381348,54.885005950927734,0.9988948106765747
175,2,right_eye,69.60164546966553,55.060362815856934,0.9990490078926086
175,3,left_ear,73.95318508148193,55.28055667877197,0.9972492456436157
175,4,right_ear,68.40650081634521,55.67030429840088,0.9981644153594971
175,5,left_shoulder,78.12528133392334,60.65255165100098,0.9964535236358643
175,6,right_shoulder,64.86895084381104,62.08828926086426,0.9991915225982666
175,7,left_elbow,71.11127376556396,65.41996002197266,0.959149181842804
175,8,right_elbow,55.83967208862305,57.96133995056152,0.9133176207542419
175,9,left_wrist,61.90642833709717,59.94760036468506,0.9396539330482483
175,10,right_wrist,56.96112632751465,53.03307056427002,0.9232543110847473
175,11,left_hip,79.83107089996338,84.97507095336914,0.9979236125946045
175,12,right_hip,70.66786289215088,85.54011344909668,0.9986251592636108
175,13,left_knee,84.1425895690918,104.13533210754395,0.9929072260856628
175,14,right_knee,65.83852291107178,104.04092788696289,0.9913874268531799
175,15,left_ankle,87.57791519165039,120.02705574035645,0.9923148155212402
175,16,right_ankle,63.15577507019043,120.92801094055176,0.9916238784790039
176,0,nose,72.12933540344238,56.94765567779541,0.9997026324272156
176,1,left_eye,73.84306907653809,54.79296684265137,0.9989539384841919
176,2,right_eye,70.8608341217041,54.63890552520752,0.9991006255149841
176,3,left_ear,74.35975074768066,55.095787048339844,0.9974187016487122
176,4,right_ear,69.19302940368652,55.37018299102783,0.9982979893684387
176,5,left_shoulder,78.37446689605713,60.6861686706543,0.9965463280677795
176,6,right_shoulder,64.96243476867676,62.091121673583984,0.999223530292511
176,7,left_elbow,71.08553409576416,65.37444114685059,0.954186737537384
176,8,right_elbow,55.86378574371338,57.33950614929199,0.919369637966156
176,9,left_wrist,62.13590621948242,59.649672508239746,0.9346771240234375
176,10,right_wrist,57.509140968322754,53.06845664978027,0.925072193145752
176,11,left_hip,79.8165512084961,85.00143051147461,0.9980494379997253
176,12,right_hip,70.65264701843262,85.54804801940918,0.9986957311630249
176,13,left_knee,84.10735130310059,104.1752815246582,0.9928613901138306
176,14,right_knee,65.8226490020752,104.10608291625977,0.9914241433143616
176,15,left_ankle,87.64105796813965,120.17621994018555,0.992347776889801
176,16,right_ankle,63.156752586364746,120.9794807434082,0.9914888739585876
177,0,nose,72.19507694244385,56.80216312408447,0.999714195728302
177,1,left_eye,74.00765895843506,54.508771896362305,0.9989938139915466
177,2,right_eye,70.81631660461426,54.612274169921875,0.9991360902786255
177,3,left_ear,74.53300476074219,55.012874603271484,0.9975447058677673
177,4,right_ear,69.14183616638184,55.36100387573242,0.9984096884727478
177,5,left_shoulder,78.50201606750488,60.48046112060547,0.9966491460800171
177,6,right_shoulder,64.99409675598145,61.7982816696167,0.9992572665214539
177,7,left_elbow,71.99324607849121,64.80561256408691,0.9472640752792358
177,8,right_elbow,55.92967510223389,56.42038345336914,0.925058126449585
177,9,left_wrist,65.19980430603027,58.76328945159912,0.9281744956970215
177,10,right_wrist,58.26590061187744,52.26112365722656,0.9267833828926086
177,11,left_hip,79.79883670806885,84.98420715332031,0.9981562495231628
177,12,right_hip,70.63856601715088,85.48562049865723,0.998759925365448
177,13,left_knee,84.03943061828613,104.23287391662598,0.9925797581672668
177,14,right_knee,65.8239221572876,103.99079322814941,0.991317629814148
177,15,left_ankle,87.66267776489258,120.39633750915527,0.9921932816505432
177,16,right_ankle,63.15528869628906,120.97850799560547,0.9911971092224121
178,0,nose,72.1337890625,56.36305809020996,0.9997346997261047
178,1,left_eye,73.97461891174316,54.30454730987549,0.9990675449371338
178,2,right_eye,70.81750392913818,54.425997734069824,0.9991966485977173
178,3,left_ear,74.65035438537598,54.99556541442871,0.9977284669876099
178,4,right_ear,69.65099334716797,55.129475593566895,0.9985288977622986
178,5,left_shoulder,78.48687171936035,60.55889129638672,0.9966045022010803
178,6,right_shoulder,65.47743320465088,61.79405689239502,0.9992210268974304
178,7,left_elbow,72.20111846923828,64.94772434234619,0.9452381134033203
178,8,right_elbow,57.11609363555908,56.329407691955566,0.9287630915641785
178,9,left_wrist,64.51638698577881,57.83514976501465,0.9269870519638062
178,10,right_wrist,58.62137794494629,52.35861778259277,0.9280644059181213
178,11,left_hip,79.76610660552979,85.0096607208252,0.9982925653457642
178,12,right_hip,70.61975002288818,85.49212455749512,0.9988401532173157
178,13,left_knee,83.98760795593262,104.25350189208984,0.9927346706390381
178,14,right_knee,65.8088207244873,103.98736000061035,0.9915470480918884
178,15,left_ankle,87.67072677612305,120.47849655151367,0.9923897385597229
178,16,right_ankle,63.170127868652344,120.9776496887207,0.9912928342819214
179,0,nose,70.96050262451172,56.32728576660156,0.9997488260269165
179,1,left_eye,72.66825675964355,54.26461219787598,0.9991212487220764
179,2,right_eye,69.76319313049316,54.49216365814209,0.9992320537567139
179,3,left_ear,73.86277198791504,54.766106605529785,0.9978655576705933
179,4,right_ear,69.27155494689941,55.13428211212158,0.9986007213592529
179,5,left_shoulder,78.37447166442871,60.51555156707764,0.9964683651924133
179,6,right_shoulder,65.46287536621094,61.441264152526855,0.9991416335105896
179,7,left_elbow,71.92846775054932,63.666062355041504,0.9448128938674927
179,8,right_elbow,57.551727294921875,56.54489517211914,0.9292863607406616
179,9,left_wrist,63.54170322418213,55.71510314941406,0.9265075922012329
179,10,right_wrist,58.56302261352539,51.533212661743164,0.9282856583595276
179,11,left_hip,79.71444129943848,85.00722885131836,0.9984082579612732
179,12,right_hip,70.60369968414307,85.47956466674805,0.9989113807678223
179,13,left_knee,83.86326789855957,104.33794021606445,0.9928727746009827
179,14,right_knee,65.77211856842041,103.98290634155273,0.9917053580284119
179,15,left_ankle,87.67126083374023,120.50232887268066,0.9925686120986938
179,16,right_ankle,63.18390369415283,120.98138809204102,0.9913727641105652
180,0,nose,71.99979305267334,56.11027240753174,0.9997642040252686
180,1,left_eye,73.71218204498291,54.15072441101074,0.999180257320404
180,2,right_eye,71.39274597167969,54.288673400878906,0.9992794394493103
180,3,left_ear,74.5615005493164,54.72426414489746,0.9980188012123108
180,4,right_ear,69.88211154937744,54.97551441192627,0.998702883720398
180,5,left_shoulder,78.58248233795166,60.526251792907715,0.9966462850570679
180,6,right_shoulder,65.74460506439209,61.45254135131836,0.9991807341575623
180,7,left_elbow,72.9746150970459,64.7739028930664,0.9402901530265808
180,8,right_elbow,59.34529781341553,56.8346643447876,0.9332864880561829
180,9,left_wrist,65.78182220458984,56.41301155090332,0.9244241118431091
180,10,right_wrist,58.62820625305176,51.82347297668457,0.9314627051353455
180,11,left_hip,79.56887245178223,85.00755310058594,0.9985224604606628
180,12,right_hip,70.59248447418213,85.48274040222168,0.9989809989929199
180,13,left_knee,83.78244400024414,104.32732582092285,0.9929386377334595
180,14,right_knee,65.75836181640625,104.00017738342285,0.9919155240058899
180,15,left_ankle,87.6646614074707,120.50071716308594,0.9926386475563049
180,16,right_ankle,63.174824714660645,120.98060607910156,0.9914430975914001
181,0,nose,72.62376308441162,56.161017417907715,0.9997769594192505
181,1,left_eye,74.06606197357178,54.247002601623535,0.99922776222229
181,2,right_eye,71.50914192199707,54.305171966552734,0.9993147253990173
181,3,left_ear,74.68762874603271,54.73410606384277,0.9981563687324524
181,4,right_ear,69.87875938415527,54.988789558410645,0.9987921118736267
181,5,left_shoulder,78.7630844116211,60.79885959625244,0.9969078898429871
181,6,right_shoulder,66.00854396820068,61.43692493438721,0.9992325305938721
181,7,left_elbow,78.28521728515625,67.33498573303223,0.9374681115150452
181,8,right_elbow,59.42596435546875,56.46509647369385,0.9376662373542786
181,9,left_wrist,75.46931266784668,65.20855903625488,0.9215151071548462
181,10,right_wrist,59.248456954956055,51.95384979248047,0.9334724545478821
181,11,left_hip,79.4982385635376,84.92792129516602,0.9986371994018555
181,12,right_hip,70.5975341796875,85.4537296295166,0.9990566372871399
181,13,left_knee,83.63492965698242,104.26948547363281,0.992689847946167
181,14,right_knee,65.90065956115723,103.99873733520508,0.9917817711830139
181,15,left_ankle,87.66447067260742,120.49870491027832,0.9924159646034241
181,16,right_ankle,63.17477226257324,120.96479415893555,0.991314172744751
182,0,nose,73.19387912750244,55.65962791442871,0.9997918605804443
182,1,left_eye,74.54865455627441,53.87603282928467,0.9992824792861938
182,2,right_eye,72.26514339447021,53.94791603088379,0.9993578195571899
182,3,left_ear,74.9982213973999,54.6503210067749,0.9983034133911133
182,4,right_ear,70.61788082122803,54.7471284866333,0.9988870620727539
182,5,left_shoulder,79.10547733306885,60.92503547668457,0.9971728324890137
182,6,right_shoulder,66.17542266845703,61.43640995025635,0.999286949634552
182,7,left_elbow,79.71351623535156,68.2182788848877,0.932546079158783
182,8,right_elbow,59.456543922424316,54.95737552642822,0.9420181512832642
182,9,left_wrist,77.7723217010498,67.75084018707275,0.9168188571929932
182,10,right_wrist,60.13554573059082,50.9178352355957,0.9345418214797974
182,11,left_hip,79.4952392578125,84.9370002746582,0.9987561702728271
182,12,right_hip,70.60288429260254,85.46757698059082,0.99913489818573
182,13,left_knee,83.63715171813965,104.31234359741211,0.9924416542053223
182,14,right_knee,65.91496467590332,103.99930000305176,0.991701066493988
182,15,left_ankle,87.67436027526855,120.5329704284668,0.992202639579773
182,16,right_ankle,63.16063404083252,120.9654426574707,0.9912338852882385
183,0,nose,73.2016658782959,55.861220359802246,0.9997979402542114
183,1,left_eye,74.65508937835693,54.00246620178223,0.9993135333061218
183,2,right_eye,72.14356422424316,54.144859313964844,0.9993746876716614
183,3,left_ear,75.46200752258301,54.862446784973145,0.9983937740325928
183,4,right_ear,70.49493312835693,54.84481334686279,0.9989413022994995
183,5,left_shoulder,79.16969299316406,61.2005090713501,0.9973257780075073
183,6,right_shoulder,66.26118659973145,61.40437126159668,0.9992992877960205
183,7,left_elbow,78.85200500488281,68.13274383544922,0.9289746284484863
183,8,right_elbow,60.038228034973145,55.45542240142822,0.9436196684837341
183,9,left_wrist,75.1012134552002,65.32465934753418,0.9128502607345581
183,10,right_wrist,60.21061420440674,51.07836723327637,0.9327179789543152
183,11,left_hip,79.46333408355713,84.88119125366211,0.9988275766372681
183,12,right_hip,70.61730861663818,85.40353775024414,0.9991787672042847
183,13,left_knee,83.53507995605469,104.27688598632812,0.9921596646308899
183,14,right_knee,65.93314170837402,103.9816951751709,0.9914975762367249
183,15,left_ankle,87.6737117767334,120.57273864746094,0.9919659495353699
183,16,right_ankle,63.16011428833008,120.9650993347168,0.9910134077072144
184,0,nose,72.60722160339355,55.90558052062988,0.9998054504394531
184,1,left_eye,74.1940975189209,54.04731750488281,0.9993480443954468
184,2,right_eye,71.8011474609375,54.19442176818848,0.9994014501571655
184,3,left_ear,75.05124092102051,54.86407279968262,0.9984850287437439
184,4,right_ear,70.13277530670166,54.85482692718506,0.9990030527114868
184,5,left_shoulder,79.08944606781006,61.25433921813965,0.9972342252731323
184,6,right_shoulder,66.35533809661865,61.28477096557617,0.9992595911026001
184,7,left_elbow,75.16507148742676,65.14912605285645,0.923236608505249
184,8,right_elbow,59.89804267883301,54.252309799194336,0.9437062740325928
184,9,left_wrist,69.60124969482422,56.449689865112305,0.9060702919960022
184,10,right_wrist,62.1779727935791,48.74617576599121,0.9275234341621399
184,11,left_hip,79.45776462554932,84.86842155456543,0.998878538608551
184,12,right_hip,70.62996864318848,85.40382385253906,0.9992104768753052
184,13,left_knee,83.53790283203125,104.36488151550293,0.9918792247772217
184,14,right_knee,65.93111515045166,104.00449752807617,0.9914222955703735
184,15,left_ankle,87.67450332641602,120.56892395019531,0.9916597604751587
184,16,right_ankle,63.15986633300781,120.96524238586426,0.9907058477401733
185,0,nose,72.24070072174072,55.87517738342285,0.9998164772987366
185,1,left_eye,73.90432834625244,54.0864896774292,0.999388575553894
185,2,right_eye,71.5731430053711,54.172635078430176,0.9994370937347412
185,3,left_ear,74.81890201568604,54.83964443206787,0.9985812902450562
185,4,right_ear,69.99112606048584,54.78109836578369,0.9990682005882263
185,5,left_shoulder,79.03974056243896,61.295223236083984,0.9970565438270569
185,6,right_shoulder,66.45115852355957,61.211862564086914,0.9991891980171204
185,7,left_elbow,73.3263111114502,64.20226097106934,0.9184007048606873
185,8,right_elbow,60.73608875274658,54.81467247009277,0.943997859954834
185,9,left_wrist,66.64480686187744,55.042123794555664,0.9006717801094055
185,10,right_wrist,62.76944637298584,48.46088886260986,0.9243481755256653
185,11,left_hip,79.45775508880615,84.86784934997559,0.9989399909973145
185,12,right_hip,70.64055442810059,85.40447235107422,0.9992471933364868
185,13,left_knee,83.54269027709961,104.4416618347168,0.9919105768203735
185,14,right_knee,65.91816902160645,104.00890350341797,0.9915688633918762
185,15,left_ankle,87.68994331359863,120.65923690795898,0.9916592836380005
185,16,right_ankle,63.15474033355713,120.95541954040527,0.9906094670295715
186,0,nose,71.8177318572998,55.737853050231934,0.9998170733451843
186,1,left_eye,73.44645500183105,53.91804218292236,0.9994028210639954
186,2,right_eye,70.72247982025146,54.04816150665283,0.999436616897583
186,3,left_ear,74.47063446044922,54.61446762084961,0.9986326694488525
186,4,right_ear,69.84238624572754,54.66550350189209,0.9990901350975037
186,5,left_shoulder,78.98397922515869,61.29699230194092,0.9970423579216003
186,6,right_shoulder,66.43901824951172,61.09076976776123,0.9991356134414673
186,7,left_elbow,74.59954261779785,64.55366611480713,0.9098544120788574
186,8,right_elbow,60.52689552307129,53.633360862731934,0.9408303499221802
186,9,left_wrist,70.55859565734863,56.185340881347656,0.8889166116714478
186,10,right_wrist,62.54268169403076,48.40425491333008,0.9084272384643555
186,11,left_hip,79.46797847747803,84.79925155639648,0.9989810585975647
186,12,right_hip,70.66786766052246,85.3944206237793,0.9992719888687134
186,13,left_knee,83.54177474975586,104.45528030395508,0.9915800094604492
186,14,right_knee,65.91097831726074,104.03606414794922,0.9913983345031738
186,15,left_ankle,87.70225524902344,120.64519882202148,0.9914432168006897
186,16,right_ankle,63.15958499908447,120.96574783325195,0.9904491305351257
187,0,nose,71.82242393493652,55.91779708862305,0.9998220205307007
187,1,left_eye,73.4135913848877,54.24056053161621,0.9994218945503235
187,2,right_eye,70.71049690246582,54.06674385070801,0.9994447231292725
187,3,left_ear,74.45049285888672,54.64789867401123,0.9986941814422607
187,4,right_ear,69.73617553710938,54.68539237976074,0.9991269111633301
187,5,left_shoulder,78.99862766265869,61.285057067871094,0.9972264766693115
187,6,right_shoulder,66.41414642333984,60.6404972076416,0.9991816282272339
187,7,left_elbow,77.27038383483887,66.54439449310303,0.9088652729988098
187,8,right_elbow,60.46590328216553,53.37879657745361,0.9425734281539917
187,9,left_wrist,74.32612419128418,62.896080017089844,0.8860374689102173
187,10,right_wrist,62.124009132385254,48.9788818359375,0.9042907357215881
187,11,left_hip,79.4433069229126,84.68721389770508,0.9990327954292297
187,12,right_hip,70.62542915344238,85.28596878051758,0.9993026256561279
187,13,left_knee,83.46061706542969,104.34759140014648,0.9912062883377075
187,14,right_knee,65.89631080627441,104.01320457458496,0.9911190271377563
187,15,left_ankle,87.67389297485352,120.63642501831055,0.9913314580917358
187,16,right_ankle,63.21136474609375,120.88476181030273,0.9903045296669006
188,0,nose,71.85385704040527,55.50978183746338,0.999829888343811
188,1,left_eye,73.3957290649414,53.90734672546387,0.999447762966156
188,2,right_eye,70.72588920593262,53.85725975036621,0.9994648694992065
188,3,left_ear,74.45337772369385,54.60108280181885,0.9987749457359314
188,4,right_ear,69.77714538574219,54.44162368774414,0.9991700053215027
188,5,left_shoulder,79.09483432769775,61.472368240356445,0.9974100589752197
188,6,right_shoulder,66.69802188873291,60.58732032775879,0.9992222785949707
188,7,left_elbow,78.70890140533447,68.69176387786865,0.9073107838630676
188,8,right_elbow,61.19767665863037,53.43585014343262,0.943641722202301
188,9,left_wrist,75.65508365631104,66.70585632324219,0.8823642730712891
188,10,right_wrist,62.42215156555176,48.982229232788086,0.9007561206817627
188,11,left_hip,79.44596290588379,84.62411880493164,0.9990983009338379
188,12,right_hip,70.64764976501465,85.19623756408691,0.9993460774421692
188,13,left_knee,83.43374252319336,104.35014724731445,0.9911353588104248
188,14,right_knee,65.93771457672119,103.98072242736816,0.9911945462226868
188,15,left_ankle,87.72309303283691,120.66458702087402,0.9912996888160706
188,16,right_ankle,63.2110595703125,120.8755111694336,0.9904071092605591
189,0,nose,72.00987339019775,55.269999504089355,0.9998385310173035
189,1,left_eye,73.40044498443604,53.7015438079834,0.9994769096374512
189,2,right_eye,70.83022117614746,53.68618965148926,0.999487578868866
189,3,left_ear,74.57753658294678,54.56284999847412,0.9988558888435364
189,4,right_ear,69.90684509277344,54.22533988952637,0.9992156028747559
189,5,left_shoulder,79.18474674224854,61.462955474853516,0.9976190328598022
189,6,right_shoulder,66.8640661239624,60.373778343200684,0.9992695450782776
189,7,left_elbow,79.11105155944824,69.01183128356934,0.9072312116622925
189,8,right_elbow,61.90669059753418,53.50955009460449,0.9450433254241943
189,9,left_wrist,76.24894142150879,68.02841186523438,0.8813273310661316
189,10,right_wrist,63.417043685913086,48.40672016143799,0.8989254236221313
189,11,left_hip,79.45055484771729,84.45524215698242,0.9991666674613953
189,12,right_hip,70.6560230255127,85.00945091247559,0.9993919134140015
189,13,left_knee,83.42641830444336,104.3436050415039,0.9910861253738403
189,14,right_knee,65.982666015625,103.88131141662598,0.9912530183792114
189,15,left_ankle,87.73484230041504,120.72550773620605,0.9913146495819092
189,16,right_ankle,63.21037769317627,120.77156066894531,0.9905118346214294
190,0,nose,72.46597290039062,55.161051750183105,0.999842643737793
190,1,left_eye,73.62139225006104,53.57382774353027,0.9995007514953613
190,2,right_eye,71.38796806335449,53.549299240112305,0.9995021224021912
190,3,left_ear,74.69977378845215,54.56279277801514,0.998920202255249
190,4,right_ear,70.29260158538818,54.126811027526855,0.9992510080337524
190,5,left_shoulder,79.21190738677979,61.479201316833496,0.9977474212646484
190,6,right_shoulder,67.13887691497803,60.33566474914551,0.9992879629135132
190,7,left_elbow,76.89062595367432,66.5262222290039,0.8977391123771667
190,8,right_elbow,61.79448127746582,51.41191005706787,0.9455277323722839
190,9,left_wrist,73.69319915771484,60.830888748168945,0.8660454750061035
190,10,right_wrist,65.50131797790527,48.25718402862549,0.8872822523117065
190,11,left_hip,79.48458671569824,84.45718765258789,0.9992021322250366
190,12,right_hip,70.72372436523438,85.01371383666992,0.9994160532951355
190,13,left_knee,83.42597961425781,104.42091941833496,0.9906583428382874
190,14,right_knee,66.03333950042725,103.79883766174316,0.9912627935409546
190,15,left_ankle,87.77080535888672,120.72734832763672,0.99107825756073
190,16,right_ankle,63.21043014526367,120.64836502075195,0.9904201030731201
191,0,nose,72.25751399993896,55.90378761291504,0.9998189210891724
191,1,left_eye,73.59867095947266,54.41726207733154,0.9994656443595886
191,2,right_eye,71.10010623931885,53.85261058807373,0.9994287490844727
191,3,left_ear,75.00876426696777,54.96184825897217,0.9988735914230347
191,4,right_ear,70.28825283050537,54.24823760986328,0.999140202999115
191,5,left_shoulder,79.12964820861816,61.49158954620361,0.997728705406189
191,6,right_shoulder,67.4068832397461,60.293354988098145,0.9991984367370605
191,7,left_elbow,73.65233421325684,64.03097629547119,0.893629789352417
191,8,right_elbow,61.97922706604004,51.18888854980469,0.9278839230537415
191,9,left_wrist,68.2405948638916,55.398807525634766,0.856619656085968
191,10,right_wrist,65.24068355560303,47.6857852935791,0.8526254892349243
191,11,left_hip,79.48471069335938,84.46060180664062,0.9991820454597473
191,12,right_hip,70.81611633300781,85.03003120422363,0.9993947744369507
191,13,left_knee,83.42693328857422,104.52225685119629,0.9895287752151489
191,14,right_knee,66.03279113769531,103.78458023071289,0.9905110001564026
191,15,left_ankle,87.77603149414062,120.8010482788086,0.9905033111572266
191,16,right_ankle,63.20834159851074,120.69103240966797,0.9897599220275879
192,0,nose,72.49186038970947,55.37006378173828,0.9998277425765991
192,1,left_eye,73.63489627838135,53.97021770477295,0.9994940757751465
192,2,right_eye,71.27632141113281,53.55371952056885,0.9994465112686157
192,3,left_ear,75.07430076599121,54.96051788330078,0.9989534020423889
192,4,right_ear,70.52313327789307,54.07614707946777,0.9991719722747803
192,5,left_shoulder,79.25151824951172,61.7332649230957,0.9979364275932312
192,6,right_shoulder,67.81008720397949,60.31405448913574,0.9992546439170837
192,7,left_elbow,78.32448482513428,69.52920436859131,0.8943464756011963
192,8,right_elbow,62.93117046356201,50.98036766052246,0.9287866950035095
192,9,left_wrist,79.1926097869873,73.34807395935059,0.8504201173782349
192,10,right_wrist,66.0814905166626,47.71815776824951,0.8395133018493652
192,11,left_hip,79.56342220306396,84.48014259338379,0.9992407560348511
192,12,right_hip,70.92150688171387,85.17011642456055,0.9994344115257263
192,13,left_knee,83.39375495910645,104.5216178894043,0.9896026253700256
192,14,right_knee,66.03206634521484,103.97306442260742,0.9907512068748474
192,15,left_ankle,88.20584297180176,120.7554817199707,0.990578293800354
192,16,right_ankle,63.214898109436035,120.73569297790527,0.9900356531143188
193,0,nose,73.16335201263428,54.952802658081055,0.9998408555984497
193,1,left_eye,74.27271366119385,53.58937740325928,0.9995341300964355
193,2,right_eye,71.99297904968262,53.3259916305542,0.999484121799469
193,3,left_ear,75.49642086029053,54.52618598937988,0.9990445375442505
193,4,right_ear,71.03221893310547,53.86727333068848,0.9992332458496094
193,5,left_shoulder,79.67421054840088,61.776700019836426,0.9981313943862915
193,6,right_shoulder,67.7342700958252,60.21456718444824,0.9993117451667786
193,7,left_elbow,78.90408515930176,70.84660530090332,0.8894501328468323
193,8,right_elbow,63.048768043518066,49.81616020202637,0.9319076538085938
193,9,left_wrist,79.61051940917969,76.35917663574219,0.8331966400146484
193,10,right_wrist,67.75875091552734,47.100419998168945,0.8224890828132629
193,11,left_hip,79.57498073577881,84.4822883605957,0.9992983937263489
193,12,right_hip,70.92298030853271,85.20162582397461,0.9994736909866333
193,13,left_knee,83.29225540161133,104.47356224060059,0.9896916151046753
193,14,right_knee,66.03965759277344,104.1031551361084,0.9910938739776611
193,15,left_ankle,88.24760437011719,120.73846817016602,0.9907218217849731
193,16,right_ankle,63.21211338043213,120.80755233764648,0.9903767704963684
194,0,nose,73.28086853027344,54.696621894836426,0.9998547434806824
194,1,left_eye,74.45682525634766,53.37474346160889,0.9995760917663574
194,2,right_eye,72.14862823486328,53.153414726257324,0.999527633190155
194,3,left_ear,75.7052993774414,54.486989974975586,0.9991341829299927
194,4,right_ear,71.14855289459229,53.73945713043213,0.9993019104003906
194,5,left_shoulder,79.81941223144531,61.77381992340088,0.9983014464378357
194,6,right_shoulder,67.76580810546875,60.163888931274414,0.9993596076965332
194,7,left_elbow,78.95787715911865,70.38918972015381,0.8886347413063049
194,8,right_elbow,63.28394889831543,49.53996181488037,0.934832751750946
194,9,left_wrist,78.88288021087646,73.51611137390137,0.8242061734199524
194,10,right_wrist,67.89315223693848,46.07701301574707,0.812066912651062
194,11,left_hip,79.63849544525146,84.52730178833008,0.9993509650230408
194,12,right_hip,70.92958927154541,85.28325080871582,0.9995086789131165
194,13,left_knee,83.23469161987305,104.47943687438965,0.990182638168335
194,14,right_knee,66.0208511352539,104.14605140686035,0.9916406273841858
194,15,left_ankle,88.28882217407227,120.74018478393555,0.9911754131317139
194,16,right_ankle,63.22406768798828,120.80833435058594,0.9909362196922302
195,0,nose,73.43247413635254,54.222049713134766,0.9998640418052673
195,1,left_eye,74.78023529052734,53.20478916168213,0.9996020793914795
195,2,right_eye,72.45800018310547,52.869181632995605,0.9995530247688293
195,3,left_ear,75.88113307952881,54.352216720581055,0.9992033839225769
195,4,right_ear,71.66586399078369,53.57128620147705,0.9993413090705872
195,5,left_shoulder,79.82195377349854,61.82758331298828,0.99846351146698
195,6,right_shoulder,67.99275875091553,60.03140449523926,0.9994126558303833
195,7,left_elbow,80.22804260253906,72.3270320892334,0.8844976425170898
195,8,right_elbow,63.74242305755615,48.85140419006348,0.9357534646987915
195,9,left_wrist,80.39813041687012,78.44040870666504,0.8056524991989136
195,10,right_wrist,71.03619575500488,46.53182029724121,0.781672477722168
195,11,left_hip,79.64235782623291,84.51200485229492,0.9993988871574402
195,12,right_hip,70.97787380218506,85.26519775390625,0.9995417594909668
195,13,left_knee,83.0636215209961,104.38009262084961,0.9899690747261047
195,14,right_knee,66.0184383392334,104.16869163513184,0.9917661547660828
195,15,left_ankle,88.28222274780273,120.74031829833984,0.9910014867782593
195,16,right_ankle,63.223514556884766,120.90410232543945,0.9910874962806702
196,0,nose,73.51385593414307,53.92845153808594,0.9998731017112732
196,1,left_eye,74.84015464782715,53.0232572555542,0.9996306300163269
196,2,right_eye,72.5743579864502,52.74396896362305,0.9995808005332947
196,3,left_ear,75.92941284179688,54.28980827331543,0.9992697238922119
196,4,right_ear,71.67562007904053,53.47362041473389,0.9993857145309448
196,5,left_shoulder,79.84640598297119,61.89772605895996,0.9986066818237305
196,6,right_shoulder,68.01684379577637,60.04734516143799,0.9994561076164246
196,7,left_elbow,80.04684448242188,71.8768310546875,0.8779511451721191
196,8,right_elbow,63.80806922912598,49.03120994567871,0.93641197681427
196,9,left_wrist,80.10589599609375,76.32523536682129,0.7902036309242249
196,10,right_wrist,69.41049098968506,46.78274154663086,0.7609673142433167
196,11,left_hip,79.64773654937744,84.58913803100586,0.999444842338562
196,12,right_hip,70.9961462020874,85.30391693115234,0.9995737671852112
196,13,left_knee,83.04977416992188,104.38655853271484,0.9898548722267151
196,14,right_knee,66.01485252380371,104.17508125305176,0.9919267892837524
196,15,left_ankle,88.30348014831543,120.69698333740234,0.9909530878067017
196,16,right_ankle,63.223724365234375,120.88972091674805,0.9912406802177429
197,0,nose,73.6506175994873,53.923187255859375,0.9998816251754761
197,1,left_eye,75.0661563873291,53.00171375274658,0.9996559023857117
197,2,right_eye,72.70251274108887,52.69370079040527,0.9996072053909302
197,3,left_ear,76.02195739746094,54.2869234085083,0.9993290305137634
197,4,right_ear,72.00799465179443,53.428945541381836,0.999427318572998
197,5,left_shoulder,79.88564491271973,62.01021194458008,0.9987392425537109
197,6,right_shoulder,68.06629180908203,60.056772232055664,0.9995014667510986
197,7,left_elbow,80.69252014160156,72.59793758392334,0.8733088970184326
197,8,right_elbow,64.37840461730957,48.83122444152832,0.9388102889060974
197,9,left_wrist,81.10113143920898,77.01757907867432,0.7780817747116089
197,10,right_wrist,70.13070106506348,46.65690898895264,0.7483623623847961
197,11,left_hip,79.65456962585449,84.60169792175293,0.9994882345199585
197,12,right_hip,71.01226806640625,85.29664993286133,0.9996049404144287
197,13,left_knee,83.03241729736328,104.39870834350586,0.9898375272750854
197,14,right_knee,65.98723411560059,104.20320510864258,0.9920905232429504
197,15,left_ankle,88.46466064453125,120.69684982299805,0.9909491539001465
197,16,right_ankle,63.19680213928223,120.8937931060791,0.9914100766181946
198,0,nose,73.60515594482422,53.846750259399414,0.9998883605003357
198,1,left_eye,75.01965522766113,52.906951904296875,0.999674916267395
198,2,right_eye,72.66975402832031,52.617831230163574,0.9996248483657837
198,3,left_ear,75.9946346282959,54.212965965270996,0.9993761777877808
198,4,right_ear,71.95209503173828,53.306941986083984,0.999452531337738
198,5,left_shoulder,79.88053321838379,62.012033462524414,0.9988567233085632
198,6,right_shoulder,68.14642906188965,60.04162788391113,0.9995391964912415
198,7,left_elbow,80.96822738647461,72.72391319274902,0.8719857335090637
198,8,right_elbow,64.48834419250488,49.012203216552734,0.9414147734642029
198,9,left_wrist,81.32526397705078,78.00341606140137,0.7716459631919861
198,10,right_wrist,70.41377067565918,46.56172275543213,0.7449818849563599
198,11,left_hip,79.67428684234619,84.6025276184082,0.9995244145393372
198,12,right_hip,71.05085849761963,85.30905723571777,0.9996308088302612
198,13,left_knee,82.95636177062988,104.32304382324219,0.9899592399597168
198,14,right_knee,65.98687648773193,104.20289993286133,0.992235004901886
198,15,left_ankle,88.4450626373291,120.68574905395508,0.9910225868225098
198,16,right_ankle,63.18389415740967,120.91555595397949,0.9915755391120911
199,0,nose,73.14605712890625,53.588552474975586,0.9998806118965149
199,1,left_eye,74.75223541259766,52.79499530792236,0.9996402263641357
199,2,right_eye,72.63791561126709,52.541303634643555,0.9995793104171753
199,3,left_ear,75.83357810974121,53.980889320373535,0.9993612170219421
199,4,right_ear,72.03071594238281,53.242669105529785,0.9993817210197449
199,5,left_shoulder,79.87393379211426,61.99965476989746,0.9989593625068665
199,6,right_shoulder,68.29469203948975,59.86726760864258,0.9995701909065247
199,7,left_elbow,80.56161880493164,72.21455574035645,0.8678865432739258
199,8,right_elbow,64.83203887939453,48.68708610534668,0.9396015405654907
199,9,left_wrist,81.72636032104492,78.62772464752197,0.7550627589225769
199,10,right_wrist,72.24705696105957,46.63571834564209,0.7175735235214233
199,11,left_hip,79.74404811859131,84.60338592529297,0.9995488524436951
199,12,right_hip,71.19256019592285,85.33332824707031,0.999647319316864
199,13,left_knee,82.87808418273926,104.31780815124512,0.9897555112838745
199,14,right_knee,65.98165035247803,104.19559478759766,0.9921566247940063
199,15,left_ankle,88.43631744384766,120.66427230834961,0.9908163547515869
199,16,right_ankle,63.18013668060303,120.91607093811035,0.9915231466293335
200,0,nose,73.14350128173828,53.66958141326904,0.9998799562454224
200,1,left_eye,74.73809242248535,52.81247615814209,0.9996365904808044
200,2,right_eye,72.61659145355225,52.56667613983154,0.9995681047439575
200,3,left_ear,75.82385063171387,53.984947204589844,0.9993762969970703
200,4,right_ear,72.012939453125,53.25709342956543,0.9993600845336914
200,5,left_shoulder,79.872145652771,62.013092041015625,0.9990516901016235
200,6,right_shoulder,68.41761112213135,59.870548248291016,0.9995977282524109
200,7,left_elbow,80.37665367126465,72.49529361724854,0.8626010417938232
200,8,right_elbow,64.83226776123047,48.8637638092041,0.9391677379608154
200,9,left_wrist,81.96990966796875,78.9157772064209,0.7414780259132385
200,10,right_wrist,71.89291954040527,46.714162826538086,0.7041824460029602
200,11,left_hip,79.754319190979,84.60399627685547,0.999575138092041
200,12,right_hip,71.2395715713501,85.33363342285156,0.9996671676635742
200,13,left_knee,82.82109260559082,104.3024730682373,0.9895545244216919
200,14,right_knee,65.98128318786621,104.19279098510742,0.9920482635498047
200,15,left_ankle,88.40466499328613,120.64613342285156,0.9905698299407959
200,16,right_ankle,63.177242279052734,120.91618537902832,0.9914577007293701
201,0,nose,73.60366821289062,53.72056484222412,0.9998822212219238
201,1,left_eye,75.08196830749512,52.82794952392578,0.9996427893638611
201,2,right_eye,72.82492160797119,52.580766677856445,0.9995735287666321
201,3,left_ear,75.95445156097412,53.99569511413574,0.9994032979011536
201,4,right_ear,72.26765632629395,53.2486629486084,0.9993754625320435
201,5,left_shoulder,80.04273414611816,61.93647384643555,0.9991393685340881
201,6,right_shoulder,68.45591068267822,59.85224723815918,0.9996283650398254
201,7,left_elbow,80.23170471191406,72.26922035217285,0.8489893674850464
201,8,right_elbow,65.06361961364746,48.67961406707764,0.9409958720207214
201,9,left_wrist,81.27016067504883,79.23715114593506,0.7168160676956177
201,10,right_wrist,72.14587211608887,46.75658702850342,0.689255952835083
201,11,left_hip,79.77726936340332,84.61702346801758,0.999599277973175
201,12,right_hip,71.23822689056396,85.32278060913086,0.9996839761734009
201,13,left_knee,82.82854080200195,104.3014907836914,0.9890999794006348
201,14,right_knee,65.98078727722168,104.18496131896973,0.9919138550758362
201,15,left_ankle,88.43206405639648,120.65247535705566,0.9902713298797607
201,16,right_ankle,63.17690372467041,120.91630935668945,0.9912710785865784
202,0,nose,73.72664451599121,53.725547790527344,0.9998791217803955
202,1,left_eye,75.17387390136719,52.8092098236084,0.9996314644813538
202,2,right_eye,72.83780097961426,52.548112869262695,0.9995607733726501
202,3,left_ear,76.00703239440918,54.006080627441406,0.9994070529937744
202,4,right_ear,72.22203254699707,53.23010444641113,0.999366819858551
202,5,left_shoulder,80.08333206176758,61.91871166229248,0.99921715259552
202,6,right_shoulder,68.4918212890625,59.858388900756836,0.9996552467346191
202,7,left_elbow,80.13893127441406,72.07687377929688,0.8306525349617004
202,8,right_elbow,65.17877101898193,48.43532085418701,0.9420180916786194
202,9,left_wrist,81.11349105834961,79.21104431152344,0.6878464818000793
202,10,right_wrist,73.02187919616699,46.79300308227539,0.670055627822876
202,11,left_hip,79.81000423431396,84.63323593139648,0.9996210932731628
202,12,right_hip,71.23982906341553,85.30709266662598,0.9996998310089111
202,13,left_knee,82.83367156982422,104.30172920227051,0.9885956645011902
202,14,right_knee,65.98214626312256,104.17874336242676,0.9917473196983337
202,15,left_ankle,88.47633361816406,120.64760208129883,0.9898877143859863
202,16,right_ankle,63.17273139953613,120.89010238647461,0.9910616278648376
203,0,nose,73.73966217041016,53.73671531677246,0.9998782277107239
203,1,left_eye,75.1587438583374,52.763357162475586,0.9996317028999329
203,2,right_eye,72.81418800354004,52.504634857177734,0.9995623826980591
203,3,left_ear,75.99874973297119,53.99407386779785,0.9994199872016907
203,4,right_ear,72.19096183776855,53.203392028808594,0.999374508857727
203,5,left_shoulder,80.1296615600586,61.71079635620117,0.9992803335189819
203,6,right_shoulder,68.48320007324219,59.83001708984375,0.9996727705001831
203,7,left_elbow,79.09319400787354,70.75994968414307,0.8141725063323975
203,8,right_elbow,65.53819179534912,48.57130527496338,0.9422523379325867
203,9,left_wrist,79.63507652282715,76.72100067138672,0.6627563238143921
203,10,right_wrist,72.32241153717041,46.816630363464355,0.6564825177192688
203,11,left_hip,79.90601539611816,84.63603973388672,0.999640703201294
203,12,right_hip,71.26896858215332,85.30359268188477,0.9997143745422363
203,13,left_knee,82.79110908508301,104.28606033325195,0.9885689616203308
203,14,right_knee,66.02217197418213,104.17963027954102,0.9918261766433716
203,15,left_ankle,88.3978271484375,120.63467025756836,0.9898995757102966
203,16,right_ankle,63.17215919494629,120.86698532104492,0.9911242127418518
204,0,nose,73.80288124084473,53.815460205078125,0.9998769760131836
204,1,left_eye,75.18367767333984,52.77067184448242,0.999631941318512
204,2,right_eye,72.83944129943848,52.51248359680176,0.9995670318603516
204,3,left_ear,75.99764823913574,54.002580642700195,0.9994271993637085
204,4,right_ear,72.16970920562744,53.199501037597656,0.9993873238563538
204,5,left_shoulder,79.98489379882812,61.4463472366333,0.9993115663528442
204,6,right_shoulder,68.47344398498535,59.53843593597412,0.9996756315231323
204,7,left_elbow,77.49517917633057,68.22946071624756,0.7945169806480408
204,8,right_elbow,65.66332340240479,48.44980239868164,0.9412325620651245
204,9,left_wrist,77.32144832611084,69.41308498382568,0.6372596025466919
204,10,right_wrist,71.93738460540771,46.80503845214844,0.6428759694099426
204,11,left_hip,79.90143775939941,84.62971687316895,0.9996469616889954
204,12,right_hip,71.24392509460449,85.24374961853027,0.9997187256813049
204,13,left_knee,82.74674415588379,104.21270370483398,0.9885565638542175
204,14,right_knee,66.04001522064209,104.11075592041016,0.9918103814125061
204,15,left_ankle,88.39448928833008,120.63103675842285,0.9900764226913452
204,16,right_ankle,63.17216396331787,120.85452079772949,0.9911525845527649
205,0,nose,73.81701469421387,54.23887252807617,0.9998664259910583
205,1,left_eye,75.18757820129395,53.17974090576172,0.9996095299720764
205,2,right_eye,72.79604434967041,52.5179386138916,0.999542236328125
205,3,left_ear,75.9103012084961,54.054555892944336,0.9994071125984192
205,4,right_ear,72.22298622131348,53.34932804107666,0.9993568658828735
205,5,left_shoulder,79.89706516265869,61.47928237915039,0.9993295669555664
205,6,right_shoulder,68.93342018127441,59.68002796173096,0.9996712803840637
205,7,left_elbow,77.12861061096191,68.25093746185303,0.7819803357124329
205,8,right_elbow,66.0073471069336,48.49062442779541,0.9344233870506287
205,9,left_wrist,77.44000434875488,67.96943664550781,0.6223410367965698
205,10,right_wrist,71.71342372894287,46.82058811187744,0.6267114877700806
205,11,left_hip,79.98252868652344,84.63553428649902,0.9996550679206848
205,12,right_hip,71.32540702819824,85.2784538269043,0.9997259378433228
205,13,left_knee,82.86733627319336,104.21616554260254,0.9881678223609924
205,14,right_knee,66.08208656311035,104.13815498352051,0.9915396571159363
205,15,left_ankle,88.40616226196289,120.6441879272461,0.9898212552070618
205,16,right_ankle,63.16922187805176,120.85469245910645,0.9909468293190002
206,0,nose,73.80677700042725,55.711669921875,0.9998675584793091
206,1,left_eye,75.2272891998291,54.56575393676758,0.9996201395988464
206,2,right_eye,72.84802913665771,53.49308967590332,0.9995554685592651
206,3,left_ear,76.4932107925415,55.29857635498047,0.9994004368782043
206,4,right_ear,72.24047660827637,54.51082706451416,0.9993681907653809
206,5,left_shoulder,79.84603881835938,61.58353328704834,0.9991880059242249
206,6,right_shoulder,69.07091617584229,60.34958362579346,0.9995890259742737
206,7,left_elbow,75.27584075927734,62.495880126953125,0.7884501814842224
206,8,right_elbow,65.87294101715088,53.34826469421387,0.9329519271850586
206,9,left_wrist,71.7238998413086,53.13077926635742,0.6423076391220093
206,10,right_wrist,68.2724380493164,46.7499303817749,0.6500939130783081
206,11,left_hip,79.98693943023682,84.63544845581055,0.9996638298034668
206,12,right_hip,71.32538795471191,85.26336669921875,0.9997344017028809
206,13,left_knee,82.8628158569336,104.20378684997559,0.9879657626152039
206,14,right_knee,66.1315393447876,103.98125648498535,0.9913604259490967
206,15,left_ankle,88.40024948120117,120.66375732421875,0.9896132349967957
206,16,right_ankle,63.1742000579834,120.85466384887695,0.9906504154205322
207,0,nose,73.99922370910645,55.55411338806152,0.9998465776443481
207,1,left_eye,75.3066635131836,54.34959888458252,0.9995892643928528
207,2,right_eye,73.04213523864746,53.445096015930176,0.9995248317718506
207,3,left_ear,76.45300388336182,55.23303508758545,0.9993295669555664
207,4,right_ear,72.5399923324585,54.48282718658447,0.9993265867233276
207,5,left_shoulder,79.84518527984619,61.58590316772461,0.9991037249565125
207,6,right_shoulder,69.13002967834473,60.337090492248535,0.9995481967926025
207,7,left_elbow,73.87016296386719,62.11418628692627,0.7651420831680298
207,8,right_elbow,66.16769313812256,52.459702491760254,0.9196903109550476
207,9,left_wrist,70.86792945861816,52.46729850769043,0.6275479197502136
207,10,right_wrist,68.56448173522949,47.10125923156738,0.6338715553283691
207,11,left_hip,79.98921871185303,84.62810516357422,0.9996621012687683
207,12,right_hip,71.32699012756348,85.22436141967773,0.999735414981842
207,13,left_knee,82.96402931213379,104.2475414276123,0.9863982200622559
207,14,right_knee,66.15828037261963,103.93939018249512,0.9907251000404358
207,15,left_ankle,88.43093872070312,120.57012557983398,0.9887190461158752
207,16,right_ankle,63.146376609802246,120.78466415405273,0.9898826479911804
208,0,nose,73.65015983581543,55.4396915435791,0.999829888343811
208,1,left_eye,74.25479888916016,53.94534111022949,0.9995551705360413
208,2,right_eye,72.25283145904541,53.02016258239746,0.9994869232177734
208,3,left_ear,75.76432704925537,54.93898868560791,0.9992796778678894
208,4,right_ear,72.26875305175781,54.420175552368164,0.9992637634277344
208,5,left_shoulder,79.58613395690918,61.591668128967285,0.9991247653961182
208,6,right_shoulder,69.13393497467041,60.25790214538574,0.999541699886322
208,7,left_elbow,74.84149932861328,63.928561210632324,0.7437595725059509
208,8,right_elbow,66.32948398590088,51.94137096405029,0.9131230711936951
208,9,left_wrist,72.39578247070312,60.090293884277344,0.6085323691368103
208,10,right_wrist,68.75665187835693,47.15231418609619,0.628083348274231
208,11,left_hip,80.10774612426758,84.57217216491699,0.9996764063835144
208,12,right_hip,71.3575267791748,85.16279220581055,0.9997482895851135
208,13,left_knee,83.03278923034668,104.28743362426758,0.9864970445632935
208,14,right_knee,66.189866065979,103.9558219909668,0.990807056427002
208,15,left_ankle,88.51884841918945,120.55277824401855,0.9888481497764587
208,16,right_ankle,63.13773155212402,120.74305534362793,0.9900766611099243
209,0,nose,73.61123085021973,55.59578895568848,0.999803364276886
209,1,left_eye,74.28450107574463,53.830156326293945,0.9995109438896179
209,2,right_eye,72.26274013519287,53.05229187011719,0.9994343519210815
209,3,left_ear,76.17384433746338,55.138511657714844,0.9991834759712219
209,4,right_ear,72.08855628967285,54.365572929382324,0.9991723299026489
209,5,left_shoulder,79.57117557525635,61.6157865524292,0.9991146326065063
209,6,right_shoulder,69.08282279968262,60.16528129577637,0.9995301365852356
209,7,left_elbow,74.7839879989624,64.04824733734131,0.7258503437042236
209,8,right_elbow,66.60407066345215,52.00558662414551,0.8966302275657654
209,9,left_wrist,72.87781715393066,57.66111373901367,0.598683774471283
209,10,right_wrist,68.9846134185791,46.862053871154785,0.6145281791687012
209,11,left_hip,80.11445999145508,84.55836296081543,0.9996895790100098
209,12,right_hip,71.35152339935303,85.08070945739746,0.9997597932815552
209,13,left_knee,83.02671432495117,104.34385299682617,0.9848268628120422
209,14,right_knee,66.19265556335449,104.07763481140137,0.9894176721572876
209,15,left_ankle,88.51197242736816,120.55150032043457,0.9879902601242065
209,16,right_ankle,63.09541702270508,120.8620548248291,0.9890574216842651
210,0,nose,73.65002632141113,55.579819679260254,0.9998082518577576
210,1,left_eye,74.4531774520874,53.82301330566406,0.9995273351669312
210,2,right_eye,72.4350643157959,53.0116081237793,0.9994513392448425
210,3,left_ear,76.17258548736572,55.05599021911621,0.9992027282714844
210,4,right_ear,72.1035385131836,54.3082332611084,0.9991974234580994
210,5,left_shoulder,79.45652961730957,61.55404567718506,0.9990799427032471
210,6,right_shoulder,69.14661407470703,60.19509315490723,0.9994980692863464
210,7,left_elbow,72.29193210601807,62.35793590545654,0.7160688638687134
210,8,right_elbow,66.70557498931885,51.83703422546387,0.8916802406311035
210,9,left_wrist,69.72326755523682,53.98536205291748,0.592974841594696
210,10,right_wrist,70.31822204589844,46.872620582580566,0.6117808818817139
210,11,left_hip,80.21812438964844,84.55831527709961,0.9996967315673828
210,12,right_hip,71.44448280334473,85.0779914855957,0.9997656345367432
210,13,left_knee,83.07201385498047,104.37848091125488,0.9845654964447021
210,14,right_knee,66.19192600250244,104.08506393432617,0.9893446564674377
210,15,left_ankle,88.59015464782715,120.5478572845459,0.987969160079956
210,16,right_ankle,63.10383319854736,120.78829765319824,0.9889259934425354
211,0,nose,73.60330104827881,55.83191394805908,0.9997941851615906
211,1,left_eye,74.49395179748535,54.3617582321167,0.9994999766349792
211,2,right_eye,72.43968963623047,53.26767921447754,0.9994218349456787
211,3,left_ear,76.31033420562744,55.18475532531738,0.9991428256034851
211,4,right_ear,72.01857566833496,54.27080154418945,0.9991375803947449
211,5,left_shoulder,79.45386409759521,61.5532112121582,0.9990349411964417
211,6,right_shoulder,69.13073539733887,60.17777919769287,0.9994645118713379
211,7,left_elbow,72.91646480560303,62.03685760498047,0.7166388034820557
211,8,right_elbow,66.99667453765869,52.201833724975586,0.8856804966926575
211,9,left_wrist,68.6123514175415,51.24011039733887,0.5988717675209045
211,10,right_wrist,70.31559944152832,46.90080165863037,0.6158974766731262
211,11,left_hip,80.22150039672852,84.49392318725586,0.9996972680091858
211,12,right_hip,71.46449089050293,85.00329971313477,0.9997670650482178
211,13,left_knee,83.07083129882812,104.34412002563477,0.9845420718193054
211,14,right_knee,66.33808135986328,104.08044815063477,0.9892854690551758
211,15,left_ankle,88.50854873657227,120.53214073181152,0.9878953099250793
211,16,right_ankle,63.10382843017578,120.78203201293945,0.9888365268707275
212,0,nose,73.34033012390137,55.78951835632324,0.9996309280395508
212,1,left_eye,74.41378116607666,54.26513671875,0.9991860389709473
212,2,right_eye,72.42563724517822,53.40857982635498,0.9990875720977783
212,3,left_ear,76.27188682556152,55.06947994232178,0.9985750913619995
212,4,right_ear,72.06067085266113,54.24363136291504,0.9986010193824768
212,5,left_shoulder,79.53303337097168,60.76120853424072,0.9989088773727417
212,6,right_shoulder,69.44928646087646,59.977707862854004,0.9994064569473267
212,7,left_elbow,72.6711654663086,60.6002140045166,0.701809823513031
212,8,right_elbow,67.68631935119629,52.24986553192139,0.857345461845398
212,9,left_wrist,70.06075382232666,51.812920570373535,0.588748574256897
212,10,right_wrist,70.48670291900635,46.54085636138916,0.6031359434127808
212,11,left_hip,80.3144359588623,84.33138847351074,0.9996941089630127
212,12,right_hip,71.56896114349365,84.83892440795898,0.9997695684432983
212,13,left_knee,83.1821060180664,104.20048713684082,0.983961820602417
212,14,right_knee,66.48828983306885,104.08735275268555,0.9888421297073364
212,15,left_ankle,88.5145378112793,120.5048942565918,0.9874981045722961
212,16,right_ankle,63.10992240905762,120.73575019836426,0.9885757565498352
213,0,nose,72.792649269104,55.72075843811035,0.9996346235275269
213,1,left_eye,73.9654016494751,54.2197322845459,0.9991729855537415
213,2,right_eye,71.81995391845703,53.57513904571533,0.9990823864936829
213,3,left_ear,75.78890323638916,54.56155776977539,0.9985968470573425
213,4,right_ear,71.34291172027588,54.2177677154541,0.998607873916626
213,5,left_shoulder,79.70917701721191,60.3701114654541,0.998992383480072
213,6,right_shoulder,69.33786869049072,59.59147930145264,0.9994454979896545
213,7,left_elbow,78.74285221099854,67.06573486328125,0.7127819657325745
213,8,right_elbow,67.54562377929688,54.48990821838379,0.8632701635360718
213,9,left_wrist,78.58285427093506,72.08497524261475,0.603197455406189
213,10,right_wrist,70.38228034973145,47.14644432067871,0.6254884600639343
213,11,left_hip,80.38572311401367,84.27289962768555,0.9997108578681946
213,12,right_hip,71.61202907562256,84.69895362854004,0.9997802376747131
213,13,left_knee,83.19068908691406,104.15367126464844,0.9844595193862915
213,14,right_knee,66.60078525543213,104.08233642578125,0.9889461994171143
213,15,left_ankle,88.48565101623535,120.51260948181152,0.987747848033905
213,16,right_ankle,63.1102180480957,120.72028160095215,0.9887445569038391
214,0,nose,72.86760807037354,56.741580963134766,0.9996142983436584
214,1,left_eye,74.26007747650146,55.467824935913086,0.9991164803504944
214,2,right_eye,72.00570106506348,54.72548007965088,0.9990305304527283
214,3,left_ear,76.12051486968994,55.89113235473633,0.9985360503196716
214,4,right_ear,71.48207187652588,55.07816791534424,0.9985263347625732
214,5,left_shoulder,79.7119140625,61.561036109924316,0.9989721179008484
214,6,right_shoulder,69.34009552001953,60.584306716918945,0.9994349479675293
214,7,left_elbow,77.78321266174316,66.66644096374512,0.7081721425056458
214,8,right_elbow,66.73275947570801,53.997907638549805,0.8473519682884216
214,9,left_wrist,76.6516637802124,67.75211334228516,0.5892709493637085
214,10,right_wrist,70.50290584564209,47.868943214416504,0.5910506248474121
214,11,left_hip,80.56642532348633,84.37544822692871,0.9996880292892456
214,12,right_hip,71.74065589904785,84.8232650756836,0.9997662901878357
214,13,left_knee,83.36441040039062,104.15151596069336,0.9832330346107483
214,14,right_knee,66.80305480957031,104.08248901367188,0.9879154562950134
214,15,left_ankle,88.41814994812012,120.51064491271973,0.986954927444458
214,16,right_ankle,63.11878681182861,120.73396682739258,0.9880685806274414
215,0,nose,72.74350166320801,56.81375503540039,0.9995327591896057
215,1,left_eye,74.17647361755371,55.56708335876465,0.9989364743232727
215,2,right_eye,71.66043281555176,54.56837177276611,0.9988572001457214
215,3,left_ear,76.02547645568848,56.07531547546387,0.9982367157936096
215,4,right_ear,71.4990234375,54.999094009399414,0.998221755027771
215,5,left_shoulder,79.31726932525635,61.86667442321777,0.9988834261894226
215,6,right_shoulder,69.51775550842285,60.72556018829346,0.999395489692688
215,7,left_elbow,73.99505615234375,65.46437740325928,0.6942854523658752
215,8,right_elbow,66.73375129699707,53.51530075073242,0.814107358455658
215,9,left_wrist,71.44367218017578,58.072381019592285,0.5726277232170105
215,10,right_wrist,70.57205200195312,48.58449459075928,0.5556609630584717
215,11,left_hip,80.68098068237305,84.39319610595703,0.9996742606163025
215,12,right_hip,71.86812400817871,84.82715606689453,0.9997598528862
215,13,left_knee,83.52496147155762,104.15576934814453,0.9810445308685303
215,14,right_knee,66.82231903076172,104.08403396606445,0.9859198331832886
215,15,left_ankle,88.38603019714355,120.51624298095703,0.9856401681900024
215,16,right_ankle,63.16737651824951,120.72484970092773,0.9866275191307068
216,0,nose,73.05068016052246,56.98135852813721,0.9994802474975586
216,1,left_eye,74.62172508239746,55.74167251586914,0.9987794756889343
216,2,right_eye,72.25001335144043,55.03254413604736,0.9987220764160156
216,3,left_ear,76.39379978179932,56.25027656555176,0.9979497194290161
216,4,right_ear,71.93575382232666,55.222458839416504,0.9980236887931824
216,5,left_shoulder,79.5175552368164,62.3223876953125,0.9987418055534363
216,6,right_shoulder,69.5095157623291,61.02663516998291,0.9993672966957092
216,7,left_elbow,74.0390396118164,65.25781154632568,0.6946192979812622
216,8,right_elbow,65.71487426757812,53.26934814453125,0.8148108720779419
216,9,left_wrist,71.66765689849854,56.30642890930176,0.5773247480392456
216,10,right_wrist,70.29671669006348,48.62681865692139,0.5552191734313965
216,11,left_hip,80.94863891601562,84.56114768981934,0.9996227025985718
216,12,right_hip,72.19688415527344,85.03293991088867,0.9997276663780212
216,13,left_knee,84.14446830749512,104.34704780578613,0.9814207553863525
216,14,right_knee,66.88966274261475,104.30013656616211,0.9862202405929565
216,15,left_ankle,88.40913772583008,120.53621292114258,0.9857363700866699
216,16,right_ankle,63.3005428314209,120.73334693908691,0.9868272542953491
217,0,nose,73.12762260437012,56.870317459106445,0.9994398355484009
217,1,left_eye,74.88056182861328,55.571064949035645,0.9986398816108704
217,2,right_eye,72.43416786193848,54.95213985443115,0.9986034035682678
217,3,left_ear,76.33320808410645,56.16485595703125,0.9977017045021057
217,4,right_ear,72.31397151947021,55.14778137207031,0.9977917075157166
217,5,left_shoulder,79.39576148986816,62.676920890808105,0.9985286593437195
217,6,right_shoulder,69.50169563293457,60.97180366516113,0.9993017911911011
217,7,left_elbow,73.1305456161499,64.32843208312988,0.6981135606765747
217,8,right_elbow,65.39992332458496,53.181962966918945,0.7972361445426941
217,9,left_wrist,70.71791172027588,53.804826736450195,0.5816060900688171
217,10,right_wrist,69.14853572845459,48.89892578125,0.5344780087471008
217,11,left_hip,80.95863342285156,84.72886085510254,0.9995789527893066
217,12,right_hip,72.3166561126709,85.30154228210449,0.9996965527534485
217,13,left_knee,84.38904762268066,104.46453094482422,0.9810511469841003
217,14,right_knee,66.90321922302246,104.40861701965332,0.9856684803962708
217,15,left_ankle,88.40611457824707,120.56127548217773,0.9854992628097534
217,16,right_ankle,63.36272716522217,120.83744049072266,0.9864717125892639
218,0,nose,73.1279993057251,56.9228458404541,0.9993986487388611
218,1,left_eye,74.90132808685303,55.640788078308105,0.9985201954841614
218,2,right_eye,72.485032081604,55.04263877868652,0.9984764456748962
218,3,left_ear,76.57604217529297,56.24606132507324,0.9974865317344666
218,4,right_ear,72.34610080718994,55.16372203826904,0.9975548982620239
218,5,left_shoulder,79.46083068847656,63.03042411804199,0.9984219074249268
218,6,right_shoulder,69.48611259460449,61.32304668426514,0.9992679357528687
218,7,left_elbow,72.82952308654785,64.95535850524902,0.7032926082611084
218,8,right_elbow,64.89897727966309,53.23922157287598,0.7841224074363708
218,9,left_wrist,69.13239479064941,55.36019325256348,0.5867047309875488
218,10,right_wrist,68.751220703125,49.886155128479004,0.5159590244293213
218,11,left_hip,81.07159614562988,84.90092277526855,0.9995455741882324
218,12,right_hip,72.36892700195312,85.46365737915039,0.9996723532676697
218,13,left_knee,84.59150314331055,104.46691513061523,0.9808515310287476
218,14,right_knee,66.90177917480469,104.4534969329834,0.9853958487510681
218,15,left_ankle,88.43962669372559,120.56166648864746,0.9853108525276184
218,16,right_ankle,63.452157974243164,120.81376075744629,0.9863066077232361
219,0,nose,73.21547508239746,57.38085746765137,0.9994279146194458
219,1,left_eye,74.95830535888672,55.94315528869629,0.9985873699188232
219,2,right_eye,72.72747993469238,55.57143211364746,0.9985518455505371
219,3,left_ear,76.69950008392334,56.3615608215332,0.9975804090499878
219,4,right_ear,72.21681118011475,55.661869049072266,0.9977033734321594
219,5,left_shoulder,79.90487575531006,62.92612552642822,0.998325526714325
219,6,right_shoulder,69.24795627593994,61.54576301574707,0.9992743134498596
219,7,left_elbow,73.05095672607422,65.06009578704834,0.7012917995452881
219,8,right_elbow,63.98408889770508,55.42198657989502,0.7980760335922241
219,9,left_wrist,67.57542610168457,56.008758544921875,0.5900137424468994
219,10,right_wrist,68.73664855957031,50.53439140319824,0.5381956100463867
219,11,left_hip,81.461181640625,85.0832462310791,0.9995453357696533
219,12,right_hip,72.46228694915771,85.5434513092041,0.9996702671051025
219,13,left_knee,84.84407424926758,104.44181442260742,0.9811884760856628
219,14,right_knee,67.1933126449585,104.39375877380371,0.9855786561965942
219,15,left_ankle,88.4428596496582,120.56291580200195,0.9854314923286438
219,16,right_ankle,63.45132350921631,120.81089973449707,0.9861485362052917
220,0,nose,73.26129913330078,58.12352180480957,0.9994144439697266
220,1,left_eye,74.98112678527832,56.62271976470947,0.9985325932502747
220,2,right_eye,72.81042575836182,56.00791931152344,0.9985195398330688
220,3,left_ear,76.69795036315918,56.72122001647949,0.997459888458252
220,4,right_ear,72.06366539001465,56.230363845825195,0.9976903796195984
220,5,left_shoulder,80.10659217834473,63.05666923522949,0.9982842803001404
220,6,right_shoulder,69.1964864730835,61.84248447418213,0.9992859363555908
220,7,left_elbow,72.67279148101807,65.78814029693604,0.6938521862030029
220,8,right_elbow,63.31493854522705,54.96307373046875,0.803957462310791
220,9,left_wrist,67.17955589294434,57.935242652893066,0.5792829990386963
220,10,right_wrist,68.76841068267822,50.75336933135986,0.5297499895095825
220,11,left_hip,81.77846908569336,85.14871597290039,0.999487578868866
220,12,right_hip,72.7143383026123,85.58828353881836,0.9996252655982971
220,13,left_knee,85.10345458984375,104.49029922485352,0.9805930852890015
220,14,right_knee,67.27635383605957,104.21050071716309,0.9851852059364319
220,15,left_ankle,88.41641426086426,120.56905746459961,0.985136091709137
220,16,right_ankle,63.50053310394287,120.76600074768066,0.9856023788452148
221,0,nose,74.0285873413086,58.13033103942871,0.9994108080863953
221,1,left_eye,75.99791049957275,56.55317306518555,0.9985436201095581
221,2,right_eye,73.23428153991699,56.169023513793945,0.9985475540161133
221,3,left_ear,77.15453147888184,56.949801445007324,0.9974202513694763
221,4,right_ear,72.39067077636719,56.3222599029541,0.9977623224258423
221,5,left_shoulder,80.34059524536133,63.03030967712402,0.9980148077011108
221,6,right_shoulder,69.10128593444824,62.054991722106934,0.999234676361084
221,7,left_elbow,73.85104179382324,67.05487728118896,0.6956208944320679
221,8,right_elbow,63.400187492370605,56.90773963928223,0.8097681403160095
221,9,left_wrist,67.2946548461914,58.875532150268555,0.5884694457054138
221,10,right_wrist,66.95122718811035,51.22176647186279,0.5458909273147583
221,11,left_hip,82.10028648376465,85.14023780822754,0.9994528889656067
221,12,right_hip,72.87217140197754,85.54605484008789,0.9995912909507751
221,13,left_knee,85.35722732543945,104.41178321838379,0.9807387590408325
221,14,right_knee,67.49956607818604,104.20759201049805,0.9846019148826599
221,15,left_ankle,88.416748046875,120.57011604309082,0.9849377274513245
221,16,right_ankle,63.5023307800293,120.72301864624023,0.9848511219024658
222,0,nose,73.99954795837402,58.07620048522949,0.9994421601295471
222,1,left_eye,75.94399452209473,56.62619590759277,0.9986095428466797
222,2,right_eye,73.26430320739746,56.299142837524414,0.9986217021942139
222,3,left_ear,77.28987216949463,57.156476974487305,0.9974980354309082
222,4,right_ear,72.48932838439941,56.31608009338379,0.997871458530426
222,5,left_shoulder,80.40791511535645,63.087663650512695,0.9976808428764343
222,6,right_shoulder,69.09668922424316,62.310476303100586,0.9991844296455383
222,7,left_elbow,73.82682800292969,66.84388160705566,0.7117671370506287
222,8,right_elbow,62.964677810668945,56.46660804748535,0.8173946738243103
222,9,left_wrist,66.192626953125,58.16849708557129,0.6088430285453796
222,10,right_wrist,67.1429967880249,51.616387367248535,0.5661830306053162
222,11,left_hip,82.17863082885742,85.13423919677734,0.9994374513626099
222,12,right_hip,72.98810482025146,85.53991317749023,0.9995803236961365
222,13,left_knee,85.34146308898926,104.32568550109863,0.9815005660057068
222,14,right_knee,67.63258934020996,104.2296028137207,0.9848537445068359
222,15,left_ankle,88.41511726379395,120.48210144042969,0.9853158593177795
222,16,right_ankle,63.518948554992676,120.71995735168457,0.9850333333015442
223,0,nose,74.3643045425415,58.60315799713135,0.9994389414787292
223,1,left_eye,76.45787715911865,56.657514572143555,0.9984472990036011
223,2,right_eye,73.36067199707031,56.670050621032715,0.998614490032196
223,3,left_ear,77.24602699279785,57.06154823303223,0.9973461031913757
223,4,right_ear,72.48172760009766,56.5187931060791,0.9979453086853027
223,5,left_shoulder,81.34805679321289,63.21686267852783,0.9978126883506775
223,6,right_shoulder,68.453688621521,62.2983455657959,0.99925696849823
223,7,left_elbow,78.97762298583984,69.96748924255371,0.7198466062545776
223,8,right_elbow,60.84921836853027,56.88042640686035,0.8336942791938782
223,9,left_wrist,76.81446075439453,72.23780155181885,0.6151742339134216
223,10,right_wrist,65.37797451019287,53.86159896850586,0.6005508303642273
223,11,left_hip,82.20338821411133,85.12576103210449,0.9993599653244019
223,12,right_hip,73.1097936630249,85.52804946899414,0.9995376467704773
223,13,left_knee,85.78975677490234,104.37898635864258,0.9823822975158691
223,14,right_knee,67.82960414886475,104.23819541931152,0.9852806329727173
223,15,left_ankle,88.41596603393555,120.52461624145508,0.9856204986572266
223,16,right_ankle,63.51870536804199,120.71399688720703,0.9855390191078186
224,0,nose,74.72304344177246,58.61016273498535,0.9994545578956604
224,1,left_eye,76.64874076843262,56.62787437438965,0.9984048008918762
224,2,right_eye,73.62219333648682,56.613545417785645,0.9986488819122314
224,3,left_ear,77.70249843597412,57.04305171966553,0.9973089694976807
224,4,right_ear,72.52983093261719,56.44482135772705,0.9980413913726807
224,5,left_shoulder,81.63328170776367,63.273210525512695,0.9979259371757507
224,6,right_shoulder,68.1762170791626,62.23538398742676,0.9993214011192322
224,7,left_elbow,79.03493404388428,70.05167484283447,0.7329939007759094
224,8,right_elbow,60.325212478637695,56.70933723449707,0.8479127883911133
224,9,left_wrist,76.00276947021484,70.49059867858887,0.6284112334251404
224,10,right_wrist,65.62806606292725,53.8474702835083,0.6285405158996582
224,11,left_hip,82.23167419433594,84.69457626342773,0.9992873668670654
224,12,right_hip,73.2052230834961,85.11284828186035,0.9994996190071106
224,13,left_knee,85.84137916564941,104.15311813354492,0.9830248355865479
224,14,right_knee,67.98505306243896,104.2338752746582,0.9854539632797241
224,15,left_ankle,88.41312408447266,120.51058769226074,0.9857465028762817
224,16,right_ankle,63.53053092956543,120.66312789916992,0.9859487414360046
225,0,nose,75.13062477111816,59.54894542694092,0.9993783235549927
225,1,left_eye,77.38665580749512,57.79263496398926,0.9981439709663391
225,2,right_eye,73.75712394714355,56.9228458404541,0.9984780550003052
225,3,left_ear,78.28915596008301,57.638044357299805,0.9965817928314209
225,4,right_ear,72.6503849029541,56.90016269683838,0.9978798031806946
225,5,left_shoulder,81.72415733337402,62.93916702270508,0.9973759055137634
225,6,right_shoulder,67.96332359313965,62.20954895019531,0.9992891550064087
225,7,left_elbow,77.95943260192871,69.69849586486816,0.7376916408538818
225,8,right_elbow,60.03729820251465,58.42524528503418,0.8521389365196228
225,9,left_wrist,72.40287780761719,66.22283935546875,0.6356226801872253
225,10,right_wrist,64.64781761169434,56.62170886993408,0.6383057832717896
225,11,left_hip,82.45161056518555,84.65526580810547,0.9988746047019958
225,12,right_hip,73.34274291992188,85.09286880493164,0.9992168545722961
225,13,left_knee,85.91922760009766,104.05662536621094,0.9825487732887268
225,14,right_knee,68.06617736816406,104.22734260559082,0.98409503698349
225,15,left_ankle,88.41503143310547,120.51108360290527,0.985051155090332
225,16,right_ankle,63.55055809020996,120.63772201538086,0.9849901795387268
226,0,nose,75.13165950775146,59.41636562347412,0.9992589354515076
226,1,left_eye,77.19311714172363,57.61734485626221,0.9977648854255676
226,2,right_eye,73.8150691986084,56.96731090545654,0.998210072517395
226,3,left_ear,78.36733818054199,57.52912521362305,0.9956017136573792
226,4,right_ear,72.64655113220215,56.803059577941895,0.9975800514221191
226,5,left_shoulder,81.84362411499023,62.548227310180664,0.996820867061615
226,6,right_shoulder,67.90041446685791,62.169857025146484,0.9992461204528809
226,7,left_elbow,77.63848304748535,69.41832542419434,0.7413884997367859
226,8,right_elbow,60.114073753356934,59.463844299316406,0.8549154996871948
226,9,left_wrist,69.44479465484619,64.47200775146484,0.6406254172325134
226,10,right_wrist,63.932199478149414,57.27841377258301,0.6481279134750366
226,11,left_hip,82.62723922729492,84.63739395141602,0.99847412109375
226,12,right_hip,73.40212821960449,85.07305145263672,0.998930811882019
226,13,left_knee,85.93886375427246,103.90599250793457,0.9824846982955933
226,14,right_knee,68.07984352111816,104.21219825744629,0.9832941889762878
226,15,left_ankle,88.41341972351074,120.51042556762695,0.9848076105117798
226,16,right_ankle,63.55235576629639,120.63723564147949,0.9842495918273926
227,0,nose,75.2204418182373,59.2529296875,0.9990121722221375
227,1,left_eye,77.3432445526123,57.41048336029053,0.996961236000061
227,2,right_eye,73.90851497650146,56.91025733947754,0.9976414442062378
227,3,left_ear,78.45510959625244,56.877875328063965,0.9934864044189453
227,4,right_ear,72.63895511627197,56.13378047943115,0.9970479607582092
227,5,left_shoulder,81.99871063232422,61.584062576293945,0.996719241142273
227,6,right_shoulder,67.57548332214355,61.16839408874512,0.9992790818214417
227,7,left_elbow,77.99284934997559,68.93213748931885,0.7433486580848694
227,8,right_elbow,58.87214183807373,60.09903430938721,0.8601715564727783
227,9,left_wrist,69.83278751373291,64.25791263580322,0.6474846601486206
227,10,right_wrist,63.68678092956543,60.47127723693848,0.6605051755905151
227,11,left_hip,82.63346672058105,83.7916374206543,0.998125433921814
227,12,right_hip,73.39770317077637,84.5427131652832,0.9986767768859863
227,13,left_knee,86.20878219604492,103.75936508178711,0.9822893142700195
227,14,right_knee,68.77831935882568,104.15283203125,0.9820960164070129
227,15,left_ankle,88.47454071044922,120.58257102966309,0.9846047759056091
227,16,right_ankle,63.58065128326416,120.57914733886719,0.9836134910583496
228,0,nose,75.01767158508301,58.839144706726074,0.9989376068115234
228,1,left_eye,76.90784454345703,56.95765018463135,0.9967104196548462
228,2,right_eye,73.64031791687012,56.5474796295166,0.9974507689476013
228,3,left_ear,78.35918426513672,56.34582996368408,0.9927676320075989
228,4,right_ear,72.32155799865723,55.74740409851074,0.9968128204345703
228,5,left_shoulder,81.96291923522949,61.17680549621582,0.9966425895690918
228,6,right_shoulder,67.28569984436035,60.82776069641113,0.9992875456809998
228,7,left_elbow,77.88031578063965,69.03971672058105,0.7443608045578003
228,8,right_elbow,58.48097801208496,59.95105266571045,0.8634901642799377
228,9,left_wrist,69.85457420349121,65.46244621276855,0.6511481404304504
228,10,right_wrist,63.92470836639404,60.18008232116699,0.6612314581871033
228,11,left_hip,82.71142959594727,83.50809097290039,0.9980067014694214
228,12,right_hip,73.4091854095459,84.36784744262695,0.9985635876655579
228,13,left_knee,86.43031120300293,103.66846084594727,0.9815735220909119
228,14,right_knee,68.81632804870605,104.1445541381836,0.9803407788276672
228,15,left_ankle,88.54183197021484,120.8598518371582,0.9841976761817932
228,16,right_ankle,63.58079433441162,120.5606460571289,0.9826655983924866
229,0,nose,75.46067237854004,60.652995109558105,0.9988604187965393
229,1,left_eye,77.15184688568115,58.217997550964355,0.9965915679931641
229,2,right_eye,73.69255065917969,58.69647026062012,0.9973883032798767
229,3,left_ear,78.42930793762207,57.16819763183594,0.99222731590271
229,4,right_ear,72.27097988128662,57.44240760803223,0.9967283010482788
229,5,left_shoulder,82.0112133026123,61.15525245666504,0.9966798424720764
229,6,right_shoulder,66.75572395324707,61.00560665130615,0.9993098378181458
229,7,left_elbow,76.21663093566895,68.84138584136963,0.7494711875915527
229,8,right_elbow,58.71779441833496,62.67892837524414,0.8634312152862549
229,9,left_wrist,64.39000129699707,64.92378234863281,0.6584209203720093
229,10,right_wrist,64.20423984527588,61.87724590301514,0.6678828001022339
229,11,left_hip,82.75259971618652,83.17678451538086,0.9977618455886841
229,12,right_hip,73.4054708480835,84.03596878051758,0.998256504535675
229,13,left_knee,86.54401779174805,103.44148635864258,0.9813920855522156
229,14,right_knee,68.9612865447998,104.12679672241211,0.9793312549591064
229,15,left_ankle,88.54533195495605,120.89315414428711,0.9842784404754639
229,16,right_ankle,63.57986927032471,120.53340911865234,0.981779932975769
230,0,nose,75.61585903167725,60.26858329772949,0.9987377524375916
230,1,left_eye,77.2557544708252,57.95929431915283,0.9964370727539062
230,2,right_eye,73.69725704193115,58.337039947509766,0.9972717761993408
230,3,left_ear,78.42267513275146,56.91859245300293,0.9914733171463013
230,4,right_ear,72.26729393005371,57.2308349609375,0.9965192675590515
230,5,left_shoulder,82.01177597045898,60.923728942871094,0.9966973066329956
230,6,right_shoulder,66.78932189941406,61.0275936126709,0.9993212819099426
230,7,left_elbow,74.31727409362793,68.87653350830078,0.7473737001419067
230,8,right_elbow,59.102134704589844,63.83288383483887,0.8574232459068298
230,9,left_wrist,61.847639083862305,64.65132236480713,0.6578155755996704
230,10,right_wrist,66.62989616394043,64.14779663085938,0.6616376638412476
230,11,left_hip,82.77421951293945,83.0890941619873,0.9976820349693298
230,12,right_hip,73.40072631835938,83.88849258422852,0.9981387257575989
230,13,left_knee,86.61376953125,103.3711051940918,0.9807931780815125
230,14,right_knee,68.94869327545166,104.11893844604492,0.9775192737579346
230,15,left_ankle,88.54554176330566,120.93809127807617,0.9840317368507385
230,16,right_ankle,63.579750061035156,120.36959648132324,0.9807637929916382
231,0,nose,75.4201602935791,60.17475605010986,0.9987586140632629
231,1,left_eye,77.21060752868652,57.68609046936035,0.9965494275093079
231,2,right_eye,73.54016780853271,58.19129943847656,0.9973689913749695
231,3,left_ear,78.3884334564209,56.88009262084961,0.9915751814842224
231,4,right_ear,72.03853607177734,57.11960315704346,0.9965896606445312
231,5,left_shoulder,82.08662033081055,60.99958419799805,0.9968069791793823
231,6,right_shoulder,66.78511142730713,61.470065116882324,0.9993357062339783
231,7,left_elbow,74.1326379776001,69.34859275817871,0.7577038407325745
231,8,right_elbow,59.00891304016113,65.67091464996338,0.8571613430976868
231,9,left_wrist,60.525245666503906,64.68392372131348,0.669238269329071
231,10,right_wrist,66.66773319244385,64.31096076965332,0.6662418246269226
231,11,left_hip,83.01965713500977,83.16434860229492,0.997612714767456
231,12,right_hip,73.67634773254395,83.89707565307617,0.9980506300926208
231,13,left_knee,87.0609188079834,103.38122367858887,0.9804560542106628
231,14,right_knee,69.14462089538574,104.10076141357422,0.9763464331626892
231,15,left_ankle,88.59296798706055,120.93942642211914,0.9836961627006531
231,16,right_ankle,63.597044944763184,120.28326034545898,0.9796047210693359
232,0,nose,75.057692527771,60.00434875488281,0.9987379908561707
232,1,left_eye,77.15422630310059,57.63740539550781,0.9965181350708008
232,2,right_eye,73.1177806854248,57.89893627166748,0.9974091053009033
232,3,left_ear,78.23399543762207,56.22807502746582,0.9915482401847839
232,4,right_ear,71.41707420349121,57.030086517333984,0.996703565120697
232,5,left_shoulder,82.13077545166016,60.67964553833008,0.9970452785491943
232,6,right_shoulder,66.07016563415527,61.47415637969971,0.9993895292282104
232,7,left_elbow,74.5732593536377,69.37047481536865,0.7670079469680786
232,8,right_elbow,58.14161777496338,67.61383056640625,0.862988293170929
232,9,left_wrist,62.05254554748535,65.23436069488525,0.6784501075744629
232,10,right_wrist,66.55286312103271,64.56438541412354,0.6814602017402649
232,11,left_hip,83.07777404785156,83.13142776489258,0.9975152015686035
232,12,right_hip,73.64951133728027,83.92117500305176,0.997894823551178
232,13,left_knee,87.52820014953613,103.35238456726074,0.9807326793670654
232,14,right_knee,69.35765743255615,103.97165298461914,0.9762224555015564
232,15,left_ankle,88.69207382202148,120.84295272827148,0.9836827516555786
232,16,right_ankle,63.623504638671875,120.16022682189941,0.9791377782821655
233,0,nose,74.99185085296631,59.53007221221924,0.9987797737121582
233,1,left_eye,77.13175296783447,56.928067207336426,0.9965893626213074
233,2,right_eye,73.03494930267334,57.3980712890625,0.9975038766860962
233,3,left_ear,77.92304992675781,56.028475761413574,0.9917300939559937
233,4,right_ear,71.17112636566162,56.6288948059082,0.9968351721763611
233,5,left_shoulder,82.12164878845215,60.282578468322754,0.9972875118255615
233,6,right_shoulder,65.94037055969238,61.599154472351074,0.9994372129440308
233,7,left_elbow,78.24748992919922,69.28051948547363,0.7809308767318726
233,8,right_elbow,57.593398094177246,67.52924919128418,0.8723806142807007
233,9,left_wrist,68.27424049377441,67.13486671447754,0.69385826587677
233,10,right_wrist,65.91845035552979,65.64738273620605,0.701302170753479
233,11,left_hip,83.23741912841797,83.08022499084473,0.9976363778114319
233,12,right_hip,73.74234199523926,83.95116806030273,0.9979852437973022
233,13,left_knee,87.48896598815918,103.26814651489258,0.9815075993537903
233,14,right_knee,69.4542407989502,103.9622688293457,0.9766175150871277
233,15,left_ankle,88.76326560974121,120.7571029663086,0.9841471314430237
233,16,right_ankle,63.58177661895752,120.15722274780273,0.9798476099967957
234,0,nose,75.06786346435547,58.86937618255615,0.9988746047019958
234,1,left_eye,77.11520195007324,56.531267166137695,0.9968184232711792
234,2,right_eye,73.09473514556885,56.74272537231445,0.9976838231086731
234,3,left_ear,77.93944358825684,56.01755142211914,0.9922629594802856
234,4,right_ear,71.18703365325928,56.44321918487549,0.9970781803131104
234,5,left_shoulder,82.5848388671875,60.52379608154297,0.9975093007087708
234,6,right_shoulder,66.05337619781494,62.250070571899414,0.9994851350784302
234,7,left_elbow,82.88923263549805,69.73555564880371,0.7994670271873474
234,8,right_elbow,56.00689888000488,69.7701358795166,0.8833035230636597
234,9,left_wrist,73.37697505950928,68.77079010009766,0.7175082564353943
234,10,right_wrist,60.626587867736816,67.47697353363037,0.7244443297386169
234,11,left_hip,83.47938537597656,83.21695327758789,0.9976809024810791
234,12,right_hip,73.72963905334473,84.08660888671875,0.99800044298172
234,13,left_knee,87.92545318603516,103.31477165222168,0.9816091656684875
234,14,right_knee,69.61820125579834,103.94976615905762,0.9767541885375977
234,15,left_ankle,88.77309799194336,120.69031715393066,0.9836893081665039
234,16,right_ankle,63.65104675292969,120.1186466217041,0.9799709320068359
235,0,nose,75.06096839904785,58.614606857299805,0.9989579916000366
235,1,left_eye,76.788330078125,56.455020904541016,0.9970464706420898
235,2,right_eye,73.10887813568115,56.67879104614258,0.9978649020195007
235,3,left_ear,77.9508113861084,55.80087184906006,0.9928106069564819
235,4,right_ear,71.22352600097656,56.429338455200195,0.9973102807998657
235,5,left_shoulder,82.7583122253418,60.580735206604004,0.9977169036865234
235,6,right_shoulder,66.34430885314941,62.54210948944092,0.9995293617248535
235,7,left_elbow,82.20268249511719,69.74908351898193,0.813444197177887
235,8,right_elbow,56.497488021850586,69.9980640411377,0.8904599547386169
235,9,left_wrist,64.63530540466309,68.60557556152344,0.7338117361068726
235,10,right_wrist,64.67385768890381,66.92422389984131,0.7389845252037048
235,11,left_hip,83.49069595336914,83.37934494018555,0.9977834820747375
235,12,right_hip,73.71935844421387,84.16922569274902,0.9980572462081909
235,13,left_knee,88.07304382324219,103.41711044311523,0.9817638397216797
235,14,right_knee,69.84484672546387,103.90510559082031,0.9766966700553894
235,15,left_ankle,89.01268005371094,120.52271842956543,0.9837246537208557
235,16,right_ankle,63.65767478942871,119.92439270019531,0.9798032641410828
236,0,nose,75.76347351074219,59.00505542755127,0.9990444183349609
236,1,left_eye,77.15736389160156,56.574978828430176,0.9972832798957825
236,2,right_eye,73.70033264160156,56.83060646057129,0.9980380535125732
236,3,left_ear,78.19837093353271,55.82643985748291,0.9933812022209167
236,4,right_ear,71.54398441314697,56.71168327331543,0.9975259900093079
236,5,left_shoulder,83.0458927154541,60.59079170227051,0.9979204535484314
236,6,right_shoulder,67.21908569335938,63.17098140716553,0.9995688199996948
236,7,left_elbow,80.5225944519043,70.12285709381104,0.8285725116729736
236,8,right_elbow,56.90665245056152,71.80315494537354,0.8973984718322754
236,9,left_wrist,65.32728672027588,69.1632080078125,0.7532734870910645
236,10,right_wrist,64.05521392822266,67.61821746826172,0.7577033042907715
236,11,left_hip,83.81299018859863,83.78707885742188,0.9978890419006348
236,12,right_hip,74.0576171875,84.40136909484863,0.9981224536895752
236,13,left_knee,88.25830459594727,103.55888366699219,0.9825758934020996
236,14,right_knee,69.86663818359375,104.02827262878418,0.9775086045265198
236,15,left_ankle,89.0831184387207,120.42421340942383,0.9841970801353455
236,16,right_ankle,63.65440845489502,119.66971397399902,0.9798693060874939
237,0,nose,76.23471260070801,59.56104755401611,0.9990817904472351
237,1,left_eye,77.69986152648926,57.50180721282959,0.9973976016044617
237,2,right_eye,74.19478416442871,57.76571273803711,0.9981241226196289
237,3,left_ear,78.69498252868652,56.27657890319824,0.9936275482177734
237,4,right_ear,72.1194314956665,57.04599857330322,0.9976052641868591
237,5,left_shoulder,83.47345352172852,60.72794437408447,0.9980723261833191
237,6,right_shoulder,68.0441951751709,63.277692794799805,0.9995965361595154
237,7,left_elbow,79.93277549743652,70.26420593261719,0.8401445746421814
237,8,right_elbow,58.203673362731934,72.1058177947998,0.8999677896499634
237,9,left_wrist,63.365864753723145,69.9471664428711,0.7675907015800476
237,10,right_wrist,64.1534423828125,67.82765865325928,0.7714217305183411
237,11,left_hip,84.0810775756836,84.05308723449707,0.9979106187820435
237,12,right_hip,74.31517601013184,84.40735816955566,0.998149037361145
237,13,left_knee,88.23393821716309,103.56001853942871,0.9827479124069214
237,14,right_knee,69.95723724365234,104.02885437011719,0.9777982234954834
237,15,left_ankle,89.1663932800293,120.3157901763916,0.9841787219047546
237,16,right_ankle,63.65339756011963,119.56782341003418,0.9800902009010315
238,0,nose,76.16288185119629,59.04608726501465,0.9991368055343628
238,1,left_eye,77.63651371002197,56.62753105163574,0.9975872039794922
238,2,right_eye,74.15172576904297,56.901798248291016,0.9982557892799377
238,3,left_ear,78.65249633789062,55.68795204162598,0.9941028952598572
238,4,right_ear,72.49693393707275,56.5755558013916,0.9977517127990723
238,5,left_shoulder,83.45775604248047,60.64420223236084,0.9982517957687378
238,6,right_shoulder,68.91863346099854,63.250508308410645,0.9996250867843628
238,7,left_elbow,77.93255805969238,70.68661689758301,0.8444973230361938
238,8,right_elbow,66.03136539459229,73.09101104736328,0.8991032838821411
238,9,left_wrist,60.546631813049316,72.60700225830078,0.7672346234321594
238,10,right_wrist,74.02360439300537,68.23632717132568,0.7665387392044067
238,11,left_hip,84.35331344604492,84.04693603515625,0.9980747103691101
238,12,right_hip,74.81175422668457,84.42017555236816,0.9982701539993286
238,13,left_knee,88.18905830383301,103.34561347961426,0.9826930165290833
238,14,right_knee,70.38208961486816,104.02921676635742,0.977358341217041
238,15,left_ankle,89.18954849243164,120.21363258361816,0.9839882850646973
238,16,right_ankle,63.64596366882324,119.42510604858398,0.9797384738922119
239,0,nose,76.15869998931885,58.90185356140137,0.9991881847381592
239,1,left_eye,77.59881496429443,56.49069309234619,0.9977642297744751
239,2,right_eye,74.1390609741211,56.88124179840088,0.9983820915222168
239,3,left_ear,78.62171173095703,55.49355506896973,0.9945370554924011
239,4,right_ear,72.62778282165527,56.52636528015137,0.997908353805542
239,5,left_shoulder,83.55274200439453,60.555381774902344,0.9984124898910522
239,6,right_shoulder,69.44944858551025,63.195157051086426,0.9996548295021057
239,7,left_elbow,77.293701171875,70.4106616973877,0.8476091027259827
239,8,right_elbow,67.48528957366943,73.43481540679932,0.9009860754013062
239,9,left_wrist,61.63898468017578,72.86255836486816,0.7662659883499146
239,10,right_wrist,74.70763206481934,69.111008644104,0.7678285241127014
239,11,left_hip,84.48456764221191,84.04200553894043,0.9982353448867798
239,12,right_hip,74.77731227874756,84.41804885864258,0.9983938336372375
239,13,left_knee,88.34969520568848,103.20334434509277,0.982384979724884
239,14,right_knee,70.55798530578613,103.84041786193848,0.9769024848937988
239,15,left_ankle,89.35458183288574,120.21513938903809,0.9837571382522583
239,16,right_ankle,63.6206579208374,119.35651779174805,0.9794341325759888
240,0,nose,75.11316776275635,57.0888614654541,0.9990331530570984
240,1,left_eye,76.38482093811035,54.82643127441406,0.9975528717041016
240,2,right_eye,73.85251045227051,55.54520606994629,0.9981316328048706
240,3,left_ear,78.27088356018066,54.66113567352295,0.9941656589508057
240,4,right_ear,72.82947540283203,55.82125186920166,0.9972836971282959
240,5,left_shoulder,83.6581802368164,60.34809589385986,0.9985015988349915
240,6,right_shoulder,70.33555030822754,63.10561180114746,0.9996069073677063
240,7,left_elbow,77.07450866699219,70.31597137451172,0.8521841764450073
240,8,right_elbow,67.96849250793457,73.39112758636475,0.8812331557273865
240,9,left_wrist,61.7635440826416,75.34026145935059,0.7721188068389893
240,10,right_wrist,64.00321960449219,75.85173606872559,0.7564007639884949
240,11,left_hip,84.61810111999512,84.05716896057129,0.9983276128768921
240,12,right_hip,75.33154487609863,84.4520378112793,0.9984539151191711
240,13,left_knee,88.66497993469238,102.97380447387695,0.9825615882873535
240,14,right_knee,70.92080116271973,103.60764503479004,0.977959394454956
240,15,left_ankle,89.45731163024902,119.80228424072266,0.9837321043014526
240,16,right_ankle,63.624024391174316,119.07132148742676,0.9799968004226685
241,0,nose,74.26921844482422,56.65651321411133,0.9990187883377075
241,1,left_eye,75.41720390319824,54.29824352264404,0.9976295828819275
241,2,right_eye,73.0669641494751,55.18227577209473,0.9981357455253601
241,3,left_ear,77.71513938903809,54.26921844482422,0.99439936876297
241,4,right_ear,72.75731563568115,55.51766872406006,0.9972289800643921
241,5,left_shoulder,83.88246536254883,60.329251289367676,0.998616099357605
241,6,right_shoulder,70.40932655334473,62.94862747192383,0.999602198600769
241,7,left_elbow,76.75329685211182,70.72751522064209,0.8496189713478088
241,8,right_elbow,69.66832637786865,73.06836128234863,0.8772291541099548
241,9,left_wrist,61.714138984680176,75.99939823150635,0.7668869495391846
241,10,right_wrist,74.46512699127197,72.18992710113525,0.7510141730308533
241,11,left_hip,84.76199150085449,84.13867950439453,0.9984330534934998
241,12,right_hip,75.47921657562256,84.45817947387695,0.9985206723213196
241,13,left_knee,88.63766670227051,102.94454574584961,0.9823739528656006
241,14,right_knee,71.1794376373291,103.54838371276855,0.97856205701828
241,15,left_ankle,89.53889846801758,119.5548152923584,0.9834595322608948
241,16,right_ankle,63.650174140930176,118.79785537719727,0.9799655675888062
242,0,nose,73.94023895263672,56.591458320617676,0.9988166689872742
242,1,left_eye,75.00936985015869,54.34535503387451,0.9973164796829224
242,2,right_eye,72.69601345062256,55.1369571685791,0.9978432655334473
242,3,left_ear,77.49026298522949,54.258713722229004,0.9938632249832153
242,4,right_ear,72.73835182189941,55.49675464630127,0.9964555501937866
242,5,left_shoulder,83.92064094543457,60.0902795791626,0.998710572719574
242,6,right_shoulder,70.43091773986816,62.93853282928467,0.9995722770690918
242,7,left_elbow,77.6200008392334,71.08624935150146,0.858100175857544
242,8,right_elbow,69.0770435333252,74.55037593841553,0.8529520630836487
242,9,left_wrist,62.96969413757324,76.34415626525879,0.7771480679512024
242,10,right_wrist,63.443522453308105,78.10748100280762,0.7348679900169373
242,11,left_hip,84.94192123413086,84.08230781555176,0.9984755516052246
242,12,right_hip,75.75810432434082,84.40279006958008,0.998512327671051
242,13,left_knee,88.63946914672852,102.80512809753418,0.9825482964515686
242,14,right_knee,71.49758338928223,103.42480659484863,0.97911536693573
242,15,left_ankle,89.58739280700684,119.43281173706055,0.9834998846054077
242,16,right_ankle,63.688974380493164,118.73465538024902,0.9803392887115479
243,0,nose,73.8201904296875,56.19427680969238,0.998680591583252
243,1,left_eye,74.90797996520996,53.9591121673584,0.9971460103988647
243,2,right_eye,72.5143575668335,54.76268768310547,0.9976769089698792
243,3,left_ear,77.39335060119629,54.01392936706543,0.9935324192047119
243,4,right_ear,72.6164722442627,55.313920974731445,0.996037483215332
243,5,left_shoulder,83.90321731567383,59.641971588134766,0.9988067746162415
243,6,right_shoulder,70.27100563049316,62.92803764343262,0.9995567798614502
243,7,left_elbow,78.51619720458984,70.96179962158203,0.8617148399353027
243,8,right_elbow,69.446702003479,74.57818031311035,0.8344615697860718
243,9,left_wrist,63.696794509887695,76.35009765625,0.7818065881729126
243,10,right_wrist,69.20107364654541,75.2087926864624,0.7164422273635864
243,11,left_hip,85.00486373901367,83.92315864562988,0.9985665082931519
243,12,right_hip,75.74162483215332,84.29564476013184,0.998550295829773
243,13,left_knee,88.66996765136719,102.66955375671387,0.9819164276123047
243,14,right_knee,71.68026924133301,103.38608741760254,0.9782195091247559
243,15,left_ankle,89.69771385192871,119.4648265838623,0.9831072092056274
243,16,right_ankle,63.740434646606445,118.6534595489502,0.9796044826507568
244,0,nose,73.91885280609131,56.347784996032715,0.9987185001373291
244,1,left_eye,75.01243591308594,54.083871841430664,0.9972807168960571
244,2,right_eye,72.486891746521,54.781174659729004,0.9977678060531616
244,3,left_ear,77.19206809997559,53.978071212768555,0.9939174056053162
244,4,right_ear,72.46602058410645,55.24622917175293,0.9962243437767029
244,5,left_shoulder,84.01591300964355,59.14032459259033,0.9989213347434998
244,6,right_shoulder,70.13019561767578,62.98923969268799,0.9995899200439453
244,7,left_elbow,80.88655471801758,70.72480201721191,0.8668133616447449
244,8,right_elbow,70.58511257171631,74.8371410369873,0.8427102565765381
244,9,left_wrist,68.86311531066895,76.01119995117188,0.7879254221916199
244,10,right_wrist,75.12917995452881,73.94046783447266,0.7289614677429199
244,11,left_hip,85.03600120544434,83.68304252624512,0.9986944198608398
244,12,right_hip,75.70035457611084,84.09784317016602,0.9986608624458313
244,13,left_knee,88.76034736633301,102.58404731750488,0.9820168614387512
244,14,right_knee,71.8056583404541,103.1629753112793,0.9781429171562195
244,15,left_ankle,89.74126815795898,119.4804573059082,0.9830928444862366
244,16,right_ankle,63.84137153625488,118.56558799743652,0.9793423414230347
245,0,nose,73.93683433532715,56.868462562561035,0.998748779296875
245,1,left_eye,75.06702423095703,54.36070442199707,0.9973282217979431
245,2,right_eye,72.22474098205566,55.32900810241699,0.9978599548339844
245,3,left_ear,77.00949192047119,54.069108963012695,0.9940599203109741
245,4,right_ear,71.83163642883301,55.61825752258301,0.9963681697845459
245,5,left_shoulder,84.08736228942871,58.62576484680176,0.9990228414535522
245,6,right_shoulder,69.60494041442871,63.22206497192383,0.9996210336685181
245,7,left_elbow,81.83187484741211,69.72608089447021,0.8780031204223633
245,8,right_elbow,69.80389595031738,76.88462734222412,0.8437607884407043
245,9,left_wrist,69.48717594146729,78.3208179473877,0.8056317567825317
245,10,right_wrist,65.76859951019287,82.11209297180176,0.7419254779815674
245,11,left_hip,85.3544807434082,83.16853523254395,0.998791515827179
245,12,right_hip,75.90137481689453,83.94283294677734,0.9987394213676453
245,13,left_knee,88.8121223449707,102.5041675567627,0.9825941324234009
245,14,right_knee,72.11750984191895,102.78884887695312,0.9782955050468445
245,15,left_ankle,89.84204292297363,119.49556350708008,0.9838520288467407
245,16,right_ankle,64.02389526367188,118.09816360473633,0.980022132396698
246,0,nose,74.01726722717285,56.89987659454346,0.9986843466758728
246,1,left_eye,75.14807224273682,54.612741470336914,0.9971902966499329
246,2,right_eye,72.28333473205566,55.54817199707031,0.9978410601615906
246,3,left_ear,76.96303367614746,54.08454418182373,0.9938836097717285
246,4,right_ear,71.66817665100098,55.84872245788574,0.9963825345039368
246,5,left_shoulder,84.05895233154297,58.5011100769043,0.999112606048584
246,6,right_shoulder,69.21994686126709,63.47765922546387,0.999649703502655
246,7,left_elbow,82.02095031738281,68.932785987854,0.8876951932907104
246,8,right_elbow,69.42797660827637,77.05890655517578,0.8453660011291504
246,9,left_wrist,69.38620090484619,79.13072109222412,0.8213497400283813
246,10,right_wrist,65.31907558441162,82.1505355834961,0.7536031603813171
246,11,left_hip,85.50168991088867,83.19273948669434,0.9988729357719421
246,12,right_hip,76.0283374786377,83.95522117614746,0.9987983703613281
246,13,left_knee,89.02911186218262,102.19388008117676,0.9823451638221741
246,14,right_knee,72.06036567687988,102.8239917755127,0.9777138233184814
246,15,left_ankle,89.83883857727051,119.37334060668945,0.9838675260543823
246,16,right_ankle,64.0354061126709,118.16715240478516,0.9803047776222229
247,0,nose,73.86337280273438,57.720937728881836,0.9985083341598511
247,1,left_eye,75.01986503601074,55.29712200164795,0.9968647360801697
247,2,right_eye,72.13809013366699,56.19647979736328,0.997671902179718
247,3,left_ear,76.88416957855225,54.19239044189453,0.9934062957763672
247,4,right_ear,71.35800361633301,56.07926368713379,0.9960678219795227
247,5,left_shoulder,84.17402267456055,58.46025466918945,0.9991922974586487
247,6,right_shoulder,69.07563209533691,63.53951930999756,0.9996752738952637
247,7,left_elbow,82.17416763305664,70.93530178070068,0.8956966400146484
247,8,right_elbow,70.16549110412598,76.9131326675415,0.8416942954063416
247,9,left_wrist,69.15838718414307,81.64350509643555,0.8342252969741821
247,10,right_wrist,65.77776908874512,83.0659294128418,0.7591421604156494
247,11,left_hip,85.95030784606934,83.2164192199707,0.998957633972168
247,12,right_hip,76.3983154296875,84.07476425170898,0.9988742470741272
247,13,left_knee,89.07557487487793,102.0838737487793,0.9821186065673828
247,14,right_knee,72.32119083404541,102.85314559936523,0.9772246479988098
247,15,left_ankle,89.83826637268066,119.32809829711914,0.9837980270385742
247,16,right_ankle,64.16243076324463,118.07404518127441,0.9803221821784973
248,0,nose,73.83562564849854,58.71209144592285,0.9983963966369629
248,1,left_eye,74.97394561767578,56.003756523132324,0.9966288805007935
248,2,right_eye,71.95345401763916,56.95230007171631,0.9975910782814026
248,3,left_ear,76.74421787261963,54.48300361633301,0.993029773235321
248,4,right_ear,71.1713171005249,56.48383140563965,0.9959502816200256
248,5,left_shoulder,84.26087379455566,58.49498748779297,0.9992657899856567
248,6,right_shoulder,68.9966344833374,63.605804443359375,0.9997010231018066
248,7,left_elbow,82.15824127197266,70.86495399475098,0.9035733342170715
248,8,right_elbow,70.31890869140625,77.11988925933838,0.8424063920974731
248,9,left_wrist,69.90768432617188,80.79595565795898,0.8474136590957642
248,10,right_wrist,66.13898277282715,82.9496955871582,0.7693101167678833
248,11,left_hip,86.10095024108887,83.23405265808105,0.999036967754364
248,12,right_hip,76.64483070373535,84.10037040710449,0.9989450573921204
248,13,left_knee,89.10079956054688,102.05133438110352,0.9819017648696899
248,14,right_knee,72.46878623962402,102.86165237426758,0.9767463207244873
248,15,left_ankle,89.85979080200195,119.3425178527832,0.9840221405029297
248,16,right_ankle,64.15966033935547,118.10418128967285,0.9805312156677246
249,0,nose,73.08818817138672,58.16818714141846,0.9983609914779663
249,1,left_eye,74.19327735900879,55.6444787979126,0.9965261220932007
249,2,right_eye,71.51875972747803,56.64324760437012,0.9975378513336182
249,3,left_ear,76.25969886779785,54.4352912902832,0.9929611682891846
249,4,right_ear,71.00134372711182,56.39103889465332,0.9958264827728271
249,5,left_shoulder,84.25679206848145,58.101487159729004,0.9993335008621216
249,6,right_shoulder,68.91843318939209,63.60088348388672,0.9997228980064392
249,7,left_elbow,83.23614120483398,71.17304801940918,0.9116735458374023
249,8,right_elbow,70.4179859161377,76.61849975585938,0.8475314378738403
249,9,left_wrist,71.76990509033203,82.21100807189941,0.8603410124778748
249,10,right_wrist,66.59012794494629,84.15102005004883,0.7828332185745239
249,11,left_hip,86.29079818725586,83.24258804321289,0.9991171956062317
249,12,right_hip,77.19679355621338,84.1508960723877,0.999019980430603
249,13,left_knee,89.13937568664551,102.03069686889648,0.9822998642921448
249,14,right_knee,72.4339771270752,102.88228988647461,0.9770667552947998
249,15,left_ankle,89.85695838928223,119.35686111450195,0.9841858148574829
249,16,right_ankle,64.15799617767334,118.1178092956543,0.9808126091957092
250,0,nose,73.14939022064209,58.302788734436035,0.9983153939247131
250,1,left_eye,74.30131435394287,55.64383506774902,0.996392011642456
250,2,right_eye,71.59378051757812,56.833181381225586,0.9974649548530579
250,3,left_ear,76.24079704284668,54.44998741149902,0.9928444027900696
250,4,right_ear,71.03748321533203,56.391053199768066,0.9956871867179871
250,5,left_shoulder,84.25251007080078,58.065476417541504,0.9993956089019775
250,6,right_shoulder,68.88852119445801,63.574042320251465,0.99974524974823
250,7,left_elbow,83.2969856262207,71.26374244689941,0.9189884066581726
250,8,right_elbow,70.50740242004395,76.57306671142578,0.8525343537330627
250,9,left_wrist,72.1483325958252,82.64809608459473,0.8719167113304138
250,10,right_wrist,67.84286499023438,84.08574104309082,0.794861912727356
250,11,left_hip,86.31834983825684,83.3819580078125,0.999192476272583
250,12,right_hip,77.3724365234375,84.30977821350098,0.9990925192832947
250,13,left_knee,89.15485382080078,102.04084396362305,0.9822872877120972
250,14,right_knee,72.64443397521973,102.90045738220215,0.9773832559585571
250,15,left_ankle,89.96325492858887,119.38188552856445,0.9841586947441101
250,16,right_ankle,64.12147521972656,118.135986328125,0.981146514415741
251,0,nose,72.46631622314453,58.00713539123535,0.9983464479446411
251,1,left_eye,73.5471248626709,55.541415214538574,0.9964414834976196
251,2,right_eye,71.16162300109863,56.727375984191895,0.997466504573822
251,3,left_ear,75.74028968811035,54.428162574768066,0.9929206967353821
251,4,right_ear,70.86972713470459,56.383795738220215,0.9955653548240662
251,5,left_shoulder,84.23639297485352,57.95095443725586,0.9994522929191589
251,6,right_shoulder,68.88993740081787,63.56448173522949,0.9997640252113342
251,7,left_elbow,83.49294662475586,71.17817878723145,0.9257936477661133
251,8,right_elbow,71.12527370452881,76.48722171783447,0.8579283952713013
251,9,left_wrist,74.21566963195801,83.33333969116211,0.8822925686836243
251,10,right_wrist,69.70173835754395,84.85617637634277,0.804547905921936
251,11,left_hip,86.63232803344727,83.35485458374023,0.9992629289627075
251,12,right_hip,77.67770290374756,84.28131103515625,0.9991644620895386
251,13,left_knee,89.14655685424805,102.04174041748047,0.9826438426971436
251,14,right_knee,72.78812408447266,102.57274627685547,0.9784458875656128
251,15,left_ankle,89.970703125,119.38413619995117,0.9843392372131348
251,16,right_ankle,64.16654109954834,118.16390037536621,0.9819534420967102
252,0,nose,72.51851081848145,57.975149154663086,0.9983918070793152
252,1,left_eye,73.5506820678711,55.48892021179199,0.9965215921401978
252,2,right_eye,71.08052253723145,56.70844554901123,0.9975040555000305
252,3,left_ear,75.67789554595947,54.410552978515625,0.9930765628814697
252,4,right_ear,70.66787719726562,56.3525390625,0.995490312576294
252,5,left_shoulder,84.22600746154785,57.86734104156494,0.9995030164718628
252,6,right_shoulder,68.81387233734131,63.554983139038086,0.9997795820236206
252,7,left_elbow,83.26481819152832,71.1518383026123,0.9320011138916016
252,8,right_elbow,71.30898475646973,76.34451866149902,0.8594446182250977
252,9,left_wrist,73.86950492858887,84.15661811828613,0.8914875388145447
252,10,right_wrist,70.02845764160156,85.19821166992188,0.809462308883667
252,11,left_hip,86.64960861206055,83.35845947265625,0.9993254542350769
252,12,right_hip,77.63213157653809,84.21831130981445,0.9992258548736572
252,13,left_knee,89.14871215820312,102.04980850219727,0.9829168319702148
252,14,right_knee,72.76432991027832,102.5092887878418,0.9794119596481323
252,15,left_ankle,90.11537551879883,119.37019348144531,0.9845554232597351
252,16,right_ankle,64.19489860534668,118.18391799926758,0.9826292395591736
253,0,nose,72.55206108093262,58.22365760803223,0.9982141256332397
253,1,left_eye,73.45290184020996,55.91651916503906,0.9960851073265076
253,2,right_eye,71.10846042633057,57.04387187957764,0.997109591960907
253,3,left_ear,75.39466857910156,54.47583198547363,0.9922571778297424
253,4,right_ear,70.67961692810059,56.36862754821777,0.9945870041847229
253,5,left_shoulder,84.21933174133301,57.46231555938721,0.999548077583313
253,6,right_shoulder,68.85157585144043,63.45528602600098,0.9997940063476562
253,7,left_elbow,82.97109603881836,70.57939052581787,0.9372365474700928
253,8,right_elbow,71.54128074645996,75.68856716156006,0.8616190552711487
253,9,left_wrist,75.95265865325928,83.92206192016602,0.8993346095085144
253,10,right_wrist,72.79923439025879,84.81192588806152,0.814815104007721
253,11,left_hip,86.92986488342285,83.01755905151367,0.999376654624939
253,12,right_hip,78.06508541107178,83.79546165466309,0.9992750883102417
253,13,left_knee,89.09773826599121,101.73892974853516,0.9827904105186462
253,14,right_knee,72.93593406677246,102.32450485229492,0.9797270894050598
253,15,left_ankle,90.15571594238281,119.34050559997559,0.984507143497467
253,16,right_ankle,64.25590515136719,118.06764602661133,0.9829063415527344
254,0,nose,72.57972717285156,58.62584114074707,0.9981439709663391
254,1,left_eye,73.5091781616211,56.20749473571777,0.9959089756011963
254,2,right_eye,71.14559173583984,57.48480796813965,0.9969649314880371
254,3,left_ear,75.4787826538086,54.72330093383789,0.9920061230659485
254,4,right_ear,70.83130836486816,56.789560317993164,0.9942811131477356
254,5,left_shoulder,84.21143531799316,57.22848892211914,0.9995896220207214
254,6,right_shoulder,69.07178401947021,63.679542541503906,0.9998082518577576
254,7,left_elbow,82.99493789672852,69.91116523742676,0.9417594075202942
254,8,right_elbow,71.84088230133057,75.42534828186035,0.8666487336158752
254,9,left_wrist,77.22306728363037,83.41888427734375,0.9062907695770264
254,10,right_wrist,73.16216468811035,85.3959846496582,0.8232835531234741
254,11,left_hip,87.03652381896973,83.0335807800293,0.9994314312934875
254,12,right_hip,78.355712890625,83.69387626647949,0.9993316531181335
254,13,left_knee,89.08291816711426,101.72563552856445,0.9830060005187988
254,14,right_knee,73.07034492492676,102.13884353637695,0.9800907969474792
254,15,left_ankle,90.16660690307617,119.33711051940918,0.9846879243850708
254,16,right_ankle,64.25433158874512,117.99992561340332,0.9832277894020081
255,0,nose,72.47722625732422,58.057861328125,0.9981544017791748
255,1,left_eye,73.14692497253418,55.9699010848999,0.9958956837654114
255,2,right_eye,71.19699001312256,57.021660804748535,0.9969018697738647
255,3,left_ear,74.73196506500244,54.72001075744629,0.9918732643127441
255,4,right_ear,70.85373878479004,56.72328472137451,0.9939349293708801
255,5,left_shoulder,83.82861137390137,57.13634014129639,0.9996253848075867
255,6,right_shoulder,69.90045070648193,63.90910625457764,0.9998131394386292
255,7,left_elbow,82.92872428894043,69.91522789001465,0.9438745975494385
255,8,right_elbow,73.06471824645996,75.51066398620605,0.8655002117156982
255,9,left_wrist,78.10322761535645,83.37969779968262,0.9096027612686157
255,10,right_wrist,74.74633693695068,85.9235668182373,0.8248055577278137
255,11,left_hip,87.11664199829102,83.2370662689209,0.9994796514511108
255,12,right_hip,79.91117000579834,83.79069328308105,0.9993794560432434
255,13,left_knee,89.04232025146484,101.84611320495605,0.9828400611877441
255,14,right_knee,73.06893348693848,102.11313247680664,0.9804173111915588
255,15,left_ankle,90.16958236694336,119.39899444580078,0.9846405982971191
255,16,right_ankle,64.29947853088379,118.01280975341797,0.9831935167312622
256,0,nose,72.51781463623047,57.220396995544434,0.9982325434684753
256,1,left_eye,73.08350563049316,55.392746925354004,0.9960726499557495
256,2,right_eye,71.22982978820801,56.316161155700684,0.9970183372497559
256,3,left_ear,74.4424295425415,54.6239709854126,0.9921753406524658
256,4,right_ear,70.79325675964355,56.488304138183594,0.9940333962440491
256,5,left_shoulder,83.07012557983398,57.172861099243164,0.9996586441993713
256,6,right_shoulder,70.04446983337402,63.946595191955566,0.9998176693916321
256,7,left_elbow,82.86070823669434,69.92085456848145,0.9436631202697754
256,8,right_elbow,73.87675285339355,75.7512903213501,0.8659058213233948
256,9,left_wrist,78.48929405212402,83.32138061523438,0.9100599884986877
256,10,right_wrist,75.16830444335938,85.83999633789062,0.8276428580284119
256,11,left_hip,87.08045959472656,83.24037551879883,0.9995273947715759
256,12,right_hip,80.42743682861328,83.85883331298828,0.9994271993637085
256,13,left_knee,88.19540023803711,101.83123588562012,0.9824358820915222
256,14,right_knee,73.15323829650879,101.95917129516602,0.9792401790618896
256,15,left_ankle,89.82198715209961,119.46736335754395,0.9845501780509949
256,16,right_ankle,64.47260856628418,117.74981498718262,0.982114315032959
257,0,nose,72.53677368164062,57.63448715209961,0.9982664585113525
257,1,left_eye,73.1495189666748,55.74051380157471,0.9961733818054199
257,2,right_eye,71.25673770904541,56.81997299194336,0.9970496892929077
257,3,left_ear,74.51067447662354,54.675965309143066,0.9924241900444031
257,4,right_ear,70.80674648284912,56.93791389465332,0.9941039085388184
257,5,left_shoulder,83.12063217163086,57.02685356140137,0.9996896386146545
257,6,right_shoulder,70.11597633361816,64.27449703216553,0.9998241066932678
257,7,left_elbow,83.18056106567383,69.07965183258057,0.9456247091293335
257,8,right_elbow,73.92991542816162,75.87849617004395,0.867867112159729
257,9,left_wrist,81.2929630279541,83.01520347595215,0.9122538566589355
257,10,right_wrist,77.94831275939941,85.4892635345459,0.8282014727592468
257,11,left_hip,87.11769104003906,83.24286460876465,0.9995681047439575
257,12,right_hip,80.23088455200195,83.99250030517578,0.9994626641273499
257,13,left_knee,88.2375717163086,101.84001922607422,0.9825394749641418
257,14,right_knee,73.01077365875244,101.93464279174805,0.9790022969245911
257,15,left_ankle,89.68180656433105,119.46878433227539,0.9846988916397095
257,16,right_ankle,64.33474063873291,117.67325401306152,0.9817351698875427
258,0,nose,72.54806518554688,57.674832344055176,0.9983223080635071
258,1,left_eye,73.11602592468262,55.7536506652832,0.9963141083717346
258,2,right_eye,71.27253532409668,56.88488483428955,0.9971199631690979
258,3,left_ear,74.56536769866943,54.6550178527832,0.9927220940589905
258,4,right_ear,70.81290245056152,57.04653263092041,0.9942072033882141
258,5,left_shoulder,83.06550025939941,56.95915222167969,0.9997178316116333
258,6,right_shoulder,70.14617919921875,64.33056831359863,0.9998301267623901
258,7,left_elbow,83.30018043518066,68.79260063171387,0.9475486874580383
258,8,right_elbow,73.85766506195068,75.92947483062744,0.8702316284179688
258,9,left_wrist,81.61883354187012,82.78791427612305,0.914683997631073
258,10,right_wrist,78.01419734954834,85.25429725646973,0.8299514055252075
258,11,left_hip,87.17050552368164,83.22931289672852,0.9996063113212585
258,12,right_hip,80.09469985961914,84.02307510375977,0.9995003938674927
258,13,left_knee,88.25982093811035,101.86458587646484,0.9827430248260498
258,14,right_knee,72.96655178070068,101.82326316833496,0.9787869453430176
258,15,left_ankle,89.67371940612793,119.61108207702637,0.9848705530166626
258,16,right_ankle,64.3353271484375,117.2527027130127,0.9814000129699707
259,0,nose,72.2769021987915,57.95788764953613,0.9984015822410583
259,1,left_eye,73.03474426269531,55.75030326843262,0.996480405330658
259,2,right_eye,70.68478584289551,56.97886943817139,0.9972463846206665
259,3,left_ear,74.60482120513916,54.608492851257324,0.9930457472801208
259,4,right_ear,69.81913089752197,57.0947265625,0.9944138526916504
259,5,left_shoulder,82.92275428771973,56.538944244384766,0.9997422695159912
259,6,right_shoulder,69.69352722167969,64.30610656738281,0.9998355507850647
259,7,left_elbow,84.0164852142334,68.3314037322998,0.9497830271720886
259,8,right_elbow,73.97351741790771,75.89211463928223,0.8694972991943359
259,9,left_wrist,83.98209571838379,81.88024520874023,0.9167203307151794
259,10,right_wrist,79.04810905456543,84.15853500366211,0.8274087309837341
259,11,left_hip,87.25915908813477,81.91680908203125,0.9996352195739746
259,12,right_hip,79.4986629486084,82.8888988494873,0.9995239973068237
259,13,left_knee,88.25784683227539,101.0621452331543,0.9829128384590149
259,14,right_knee,72.55898952484131,99.22604560852051,0.9783784747123718
259,15,left_ankle,89.66765403747559,119.26170349121094,0.984714150428772
259,16,right_ankle,64.38890933990479,117.18918800354004,0.9805561900138855
260,0,nose,72.29602813720703,59.22618389129639,0.9984132051467896
260,1,left_eye,72.6169490814209,56.768527030944824,0.9965158700942993
260,2,right_eye,70.62452793121338,58.22438716888428,0.9972622990608215
260,3,left_ear,74.36541080474854,55.078864097595215,0.993008553981781
260,4,right_ear,69.80803489685059,57.661542892456055,0.9944573044776917
260,5,left_shoulder,82.88415908813477,55.99024772644043,0.9997628331184387
260,6,right_shoulder,69.63736057281494,64.2786693572998,0.9998410940170288
260,7,left_elbow,84.62998390197754,68.22622776031494,0.9487410187721252
260,8,right_elbow,74.53050136566162,75.39032936096191,0.8693234920501709
260,9,left_wrist,85.18383979797363,80.9821891784668,0.9138827919960022
260,10,right_wrist,82.0328140258789,83.83145332336426,0.8244612216949463
260,11,left_hip,87.23276138305664,80.51876068115234,0.999655544757843
260,12,right_hip,79.25881862640381,81.78021430969238,0.9995269775390625
260,13,left_knee,88.26569557189941,100.88444709777832,0.9824032783508301
260,14,right_knee,72.2107982635498,98.63329887390137,0.9775814414024353
260,15,left_ankle,89.65707778930664,119.73783493041992,0.9845479726791382
260,16,right_ankle,64.38539981842041,117.22627639770508,0.9795710444450378
261,0,nose,71.8219518661499,59.17651176452637,0.9984054565429688
261,1,left_eye,72.11758613586426,56.8148136138916,0.9964776039123535
261,2,right_eye,70.0532054901123,58.07422161102295,0.9972527623176575
261,3,left_ear,73.62910270690918,55.08895397186279,0.9928705096244812
261,4,right_ear,69.52511787414551,57.60470390319824,0.9944310188293457
261,5,left_shoulder,82.89959907531738,55.76220989227295,0.9997792840003967
261,6,right_shoulder,69.63441371917725,64.17226314544678,0.9998477101325989
261,7,left_elbow,85.18057823181152,68.33340644836426,0.9451186060905457
261,8,right_elbow,74.7265100479126,74.75264072418213,0.8693310022354126
261,9,left_wrist,84.67085838317871,80.83237648010254,0.9073854684829712
261,10,right_wrist,82.64421463012695,83.62473487854004,0.8211991190910339
261,11,left_hip,87.21308708190918,79.06464576721191,0.9996748566627502
261,12,right_hip,79.25306797027588,80.2781867980957,0.9995442628860474
261,13,left_knee,88.43061447143555,99.6407699584961,0.9815443158149719
261,14,right_knee,72.21969604492188,97.47699737548828,0.9776250720024109
261,15,left_ankle,89.69274520874023,119.80828285217285,0.9838585257530212
261,16,right_ankle,64.44268703460693,117.2574234008789,0.9795733690261841
262,0,nose,72.81414031982422,58.58584403991699,0.998537540435791
262,1,left_eye,72.48976707458496,56.38704776763916,0.996766984462738
262,2,right_eye,70.62998294830322,57.480835914611816,0.99748694896698
262,3,left_ear,73.66931915283203,55.054593086242676,0.993403971195221
262,4,right_ear,69.58898067474365,57.578043937683105,0.9948974847793579
262,5,left_shoulder,82.52656936645508,55.82441329956055,0.9997965097427368
262,6,right_shoulder,69.61148262023926,64.71071720123291,0.9998506307601929
262,7,left_elbow,85.38711547851562,68.01529884338379,0.9424698352813721
262,8,right_elbow,76.74135684967041,75.04172325134277,0.877984344959259
262,9,left_wrist,85.73774337768555,77.23455905914307,0.9045625925064087
262,10,right_wrist,85.5251407623291,83.14729690551758,0.8292327523231506
262,11,left_hip,87.20358848571777,79.51840877532959,0.9997020363807678
262,12,right_hip,79.20239925384521,80.63485145568848,0.9995731115341187
262,13,left_knee,88.37913513183594,99.91819381713867,0.9820742011070251
262,14,right_knee,72.37971305847168,97.87678718566895,0.9779003262519836
262,15,left_ankle,89.53731536865234,119.38694953918457,0.9842394590377808
262,16,right_ankle,64.46511745452881,117.2663402557373,0.9802059531211853
263,0,nose,72.81225681304932,58.57612133026123,0.9986270070075989
263,1,left_eye,72.5363540649414,56.29970073699951,0.9969769716262817
263,2,right_eye,70.53482055664062,57.450013160705566,0.9976596832275391
263,3,left_ear,73.75463962554932,55.05812644958496,0.9938030242919922
263,4,right_ear,69.60553169250488,57.57362365722656,0.9952629208564758
263,5,left_shoulder,82.31687545776367,55.8900260925293,0.9998103976249695
263,6,right_shoulder,69.63174343109131,64.92906093597412,0.9998493790626526
263,7,left_elbow,85.29782295227051,67.86458492279053,0.9355922341346741
263,8,right_elbow,77.01437473297119,75.08225440979004,0.8834071159362793
263,9,left_wrist,85.8513355255127,77.24272727966309,0.898374080657959
263,10,right_wrist,85.9316349029541,83.05219650268555,0.8315935730934143
263,11,left_hip,87.18897819519043,79.91799354553223,0.9997249841690063
263,12,right_hip,79.18038368225098,80.84859848022461,0.9995899200439453
263,13,left_knee,88.52038383483887,99.98639106750488,0.9821084141731262
263,14,right_knee,72.38879203796387,98.75227928161621,0.9779237508773804
263,15,left_ankle,89.13552284240723,118.84093284606934,0.9841289520263672
263,16,right_ankle,64.39749717712402,117.2828483581543,0.9805467128753662
264,0,nose,72.13578224182129,58.56983661651611,0.998652994632721
264,1,left_eye,71.9629955291748,56.3195276260376,0.997043788433075
264,2,right_eye,70.03357887268066,57.49163627624512,0.9977355003356934
264,3,left_ear,73.17659854888916,55.05509376525879,0.9939731359481812
264,4,right_ear,69.21328067779541,57.651777267456055,0.9954577684402466
264,5,left_shoulder,81.59262657165527,55.950021743774414,0.9998247027397156
264,6,right_shoulder,69.76602077484131,65.01370906829834,0.9998502135276794
264,7,left_elbow,85.44687271118164,67.59971618652344,0.9189881682395935
264,8,right_elbow,77.60831356048584,75.01234531402588,0.8874145150184631
264,9,left_wrist,88.4096622467041,77.67287254333496,0.8864294290542603
264,10,right_wrist,87.50162124633789,82.3388671875,0.8327032327651978
264,11,left_hip,86.91486358642578,80.56097030639648,0.9997485280036926
264,12,right_hip,79.25833225250244,81.69058799743652,0.9996130466461182
264,13,left_knee,88.44476699829102,100.08195877075195,0.9812679290771484
264,14,right_knee,72.45864868164062,99.19088363647461,0.9774717092514038
264,15,left_ankle,89.13313865661621,118.86279106140137,0.9840430617332458
264,16,right_ankle,64.36078548431396,117.09147453308105,0.9807447791099548
265,0,nose,71.36290550231934,58.39291572570801,0.9986366629600525
265,1,left_eye,71.17867469787598,56.279234886169434,0.9970036149024963
265,2,right_eye,69.64327812194824,57.403035163879395,0.9977324604988098
265,3,left_ear,72.5264835357666,54.83227729797363,0.993945300579071
265,4,right_ear,69.09680843353271,57.52538204193115,0.9955454468727112
265,5,left_shoulder,81.33001327514648,55.83565711975098,0.999838650226593
265,6,right_shoulder,69.80040073394775,64.7969913482666,0.9998566508293152
265,7,left_elbow,85.39570808410645,67.04597473144531,0.904875636100769
265,8,right_elbow,77.34265327453613,74.73122596740723,0.8916530609130859
265,9,left_wrist,88.9177131652832,77.4654769897461,0.8789055943489075
265,10,right_wrist,87.40800857543945,81.61813735961914,0.8367112874984741
265,11,left_hip,86.79849624633789,80.99014282226562,0.9997701048851013
265,12,right_hip,79.29388523101807,82.1489143371582,0.9996371865272522
265,13,left_knee,88.42604637145996,100.0971508026123,0.980178952217102
265,14,right_knee,72.52039432525635,99.23513412475586,0.9772423505783081
265,15,left_ankle,89.17572021484375,118.78450393676758,0.9838932156562805
265,16,right_ankle,64.34476375579834,116.45225524902344,0.9807794094085693
266,0,nose,71.4659595489502,58.01861763000488,0.998684823513031
266,1,left_eye,71.35041236877441,56.06691837310791,0.9970973134040833
266,2,right_eye,69.73388671875,57.281432151794434,0.9978426098823547
266,3,left_ear,72.5173807144165,54.84793186187744,0.9941412806510925
266,4,right_ear,69.00341987609863,57.51504898071289,0.9957831501960754
266,5,left_shoulder,80.50374031066895,56.36345863342285,0.9998493194580078
266,6,right_shoulder,69.79992866516113,65.04837036132812,0.9998566508293152
266,7,left_elbow,85.60688972473145,67.20657348632812,0.8722893595695496
266,8,right_elbow,79.43769931793213,72.79290676116943,0.8948896527290344
266,9,left_wrist,91.87780380249023,76.80545806884766,0.8567965626716614
266,10,right_wrist,89.49856758117676,80.42481422424316,0.8353661894798279
266,11,left_hip,86.82576179504395,81.03063583374023,0.9997899532318115
266,12,right_hip,79.6517276763916,82.22265243530273,0.9996600151062012
266,13,left_knee,88.42793464660645,100.57375907897949,0.9788896441459656
266,14,right_knee,72.51725196838379,99.94112968444824,0.9768841862678528
266,15,left_ankle,89.34817314147949,118.81845474243164,0.9836026430130005
266,16,right_ankle,64.34155941009521,116.22467041015625,0.9810295104980469
267,0,nose,71.48638248443604,57.917819023132324,0.9986695051193237
267,1,left_eye,71.43014430999756,56.00649833679199,0.9970832467079163
267,2,right_eye,69.78316307067871,57.274346351623535,0.9978553652763367
267,3,left_ear,72.28318214416504,54.88791465759277,0.994208037853241
267,4,right_ear,69.06309604644775,57.505903244018555,0.9958798289299011
267,5,left_shoulder,80.56805610656738,56.376471519470215,0.9998597502708435
267,6,right_shoulder,69.84488010406494,65.18324851989746,0.9998583793640137
267,7,left_elbow,85.53678512573242,66.50526523590088,0.8544344305992126
267,8,right_elbow,78.58231544494629,73.15448760986328,0.8950741291046143
267,9,left_wrist,92.15444564819336,76.71343326568604,0.8409699201583862
267,10,right_wrist,88.82262229919434,79.84526634216309,0.8318479061126709
267,11,left_hip,86.82448387145996,81.1567497253418,0.9998065233230591
267,12,right_hip,79.81957912445068,82.42496490478516,0.9996736645698547
267,13,left_knee,88.35147857666016,100.55692672729492,0.9779436588287354
267,14,right_knee,72.45341300964355,99.98041152954102,0.9757020473480225
267,15,left_ankle,89.3543815612793,118.51523399353027,0.9830957055091858
267,16,right_ankle,64.40611362457275,116.19424819946289,0.9805883765220642
268,0,nose,71.45560264587402,57.41687774658203,0.99874347448349
268,1,left_eye,71.04170322418213,55.939178466796875,0.9972209334373474
268,2,right_eye,69.79466915130615,56.831183433532715,0.9979970455169678
268,3,left_ear,71.23492240905762,55.345025062561035,0.9945052862167358
268,4,right_ear,69.0729284286499,57.460269927978516,0.9961552619934082
268,5,left_shoulder,78.82781028747559,59.46308135986328,0.999868631362915
268,6,right_shoulder,71.78289890289307,64.06074523925781,0.9998598098754883
268,7,left_elbow,85.5780029296875,66.2762451171875,0.8120241165161133
268,8,right_elbow,81.28079414367676,71.20933532714844,0.8991166353225708
268,9,left_wrist,92.01581001281738,76.25505924224854,0.8086840510368347
268,10,right_wrist,90.60129165649414,77.98820495605469,0.8317450284957886
268,11,left_hip,86.0935115814209,81.59025192260742,0.999824047088623
268,12,right_hip,80.43554306030273,82.46394157409668,0.999698281288147
268,13,left_knee,88.00897598266602,100.55044174194336,0.9755897521972656
268,14,right_knee,72.68450260162354,100.02300262451172,0.975968062877655
268,15,left_ankle,89.35935974121094,118.5445499420166,0.9825214147567749
268,16,right_ankle,64.44898128509521,116.24783515930176,0.9812930822372437
269,0,nose,71.45825862884521,57.13216781616211,0.998790442943573
269,1,left_eye,70.58409214019775,55.849905014038086,0.9973174929618835
269,2,right_eye,69.66115474700928,56.66450500488281,0.998092770576477
269,3,left_ear,71.15087032318115,55.33243656158447,0.9947750568389893
269,4,right_ear,69.07330989837646,57.21836566925049,0.9963843822479248
269,5,left_shoulder,78.37387084960938,59.55735206604004,0.9998781085014343
269,6,right_shoulder,72.57287502288818,62.737717628479004,0.9998623132705688
269,7,left_elbow,85.53159713745117,66.30994319915771,0.7740994095802307
269,8,right_elbow,82.39684104919434,69.92014408111572,0.8960528373718262
269,9,left_wrist,91.907958984375,74.85581874847412,0.7786763310432434
269,10,right_wrist,90.72945594787598,77.42741584777832,0.8216611742973328
269,11,left_hip,85.81194877624512,81.72066688537598,0.9998385906219482
269,12,right_hip,80.52849769592285,82.43721008300781,0.9997137188911438
269,13,left_knee,87.86748886108398,100.44031143188477,0.9719787240028381
269,14,right_knee,72.65915870666504,100.04986763000488,0.9751071929931641
269,15,left_ankle,89.35713768005371,118.56681823730469,0.9813088774681091
269,16,right_ankle,64.62295532226562,116.09842300415039,0.9812474250793457
270,0,nose,71.48301601409912,57.26337909698486,0.9988325834274292
270,1,left_eye,70.73909759521484,55.96315860748291,0.9973922967910767
270,2,right_eye,69.47754859924316,56.80307865142822,0.9981984496116638
270,3,left_ear,71.22084617614746,55.38308143615723,0.9949985146522522
270,4,right_ear,69.02062892913818,57.412991523742676,0.9965935349464417
270,5,left_shoulder,78.62390041351318,58.58397960662842,0.9998860359191895
270,6,right_shoulder,72.18782901763916,62.986154556274414,0.9998611211776733
270,7,left_elbow,85.79695701599121,65.38532257080078,0.7504797577857971
270,8,right_elbow,82.01498985290527,69.93916988372803,0.901016354560852
270,9,left_wrist,92.63250350952148,74.86062526702881,0.7658489346504211
270,10,right_wrist,91.27958297729492,76.45834445953369,0.824120819568634
270,11,left_hip,85.84109306335449,81.01500511169434,0.9998523592948914
270,12,right_hip,80.43804168701172,82.12298393249512,0.9997287392616272
270,13,left_knee,88.22643280029297,99.18020248413086,0.9699075222015381
270,14,right_knee,72.93187618255615,99.95403289794922,0.9748580455780029
270,15,left_ankle,89.27227973937988,118.0760383605957,0.9810596704483032
270,16,right_ankle,64.5763635635376,115.96901893615723,0.9818161725997925
271,0,nose,71.76984310150146,57.303476333618164,0.9988870024681091
271,1,left_eye,70.93030452728271,55.93184947967529,0.9975200891494751
271,2,right_eye,69.50249671936035,56.84931755065918,0.9983246922492981
271,3,left_ear,71.39209747314453,55.45966625213623,0.9953290820121765
271,4,right_ear,68.89001369476318,57.73392677307129,0.9968451261520386
271,5,left_shoulder,78.35766792297363,59.70559597015381,0.9998925924301147
271,6,right_shoulder,71.91446781158447,64.24797058105469,0.9998540878295898
271,7,left_elbow,85.77592849731445,65.42951107025146,0.7186235189437866
271,8,right_elbow,82.98001289367676,69.94173526763916,0.9039469361305237
271,9,left_wrist,92.35405921936035,74.87504005432129,0.7377969622612
271,10,right_wrist,92.10687637329102,76.49420261383057,0.8182896971702576
271,11,left_hip,85.79952239990234,81.0462760925293,0.9998653531074524
271,12,right_hip,80.4548454284668,82.38425254821777,0.9997426271438599
271,13,left_knee,88.22582244873047,99.32771682739258,0.9679926633834839
271,14,right_knee,73.04664611816406,99.96179580688477,0.9747782945632935
271,15,left_ankle,89.05513763427734,118.12378883361816,0.9807630181312561
271,16,right_ankle,64.5738697052002,115.70431709289551,0.9824311137199402
272,0,nose,71.80497169494629,57.32766628265381,0.9989789724349976
272,1,left_eye,71.20857238769531,55.92250347137451,0.9977293610572815
272,2,right_eye,69.41973686218262,57.03404426574707,0.9984705448150635
272,3,left_ear,71.72080039978027,55.452351570129395,0.9957283139228821
272,4,right_ear,68.5918664932251,57.84207344055176,0.9971155524253845
272,5,left_shoulder,79.01721000671387,59.68703746795654,0.9999014735221863
272,6,right_shoulder,71.74304008483887,64.98587131500244,0.9998580813407898
272,7,left_elbow,86.76401138305664,65.60145378112793,0.7245795130729675
272,8,right_elbow,83.08865547180176,70.45562744140625,0.909662663936615
272,9,left_wrist,93.51319313049316,75.06037712097168,0.7424219846725464
272,10,right_wrist,94.88349914550781,75.31107425689697,0.8250115513801575
272,11,left_hip,86.5119457244873,81.27610206604004,0.9998770356178284
272,12,right_hip,80.12582778930664,82.59777069091797,0.9997522234916687
272,13,left_knee,88.22660446166992,99.44029808044434,0.9687066674232483
272,14,right_knee,72.9776668548584,99.97393608093262,0.9743294715881348
272,15,left_ankle,89.01276588439941,118.19013595581055,0.9813690781593323
272,16,right_ankle,64.51303958892822,115.73775291442871,0.982288658618927
273,0,nose,72.68446922302246,57.8255033493042,0.9990047812461853
273,1,left_eye,73.45556735992432,55.98015785217285,0.9977965950965881
273,2,right_eye,70.13553619384766,57.077717781066895,0.9985446929931641
273,3,left_ear,73.37248802185059,55.571770668029785,0.9958648681640625
273,4,right_ear,69.21135902404785,57.8531551361084,0.9972339868545532
273,5,left_shoulder,79.22663688659668,59.650912284851074,0.9999050498008728
273,6,right_shoulder,71.61680698394775,65.01465797424316,0.9998495578765869
273,7,left_elbow,87.40715980529785,65.70323944091797,0.719527006149292
273,8,right_elbow,84.43419456481934,70.05661964416504,0.9119307994842529
273,9,left_wrist,94.68460083007812,74.11273002624512,0.7391238212585449
273,10,right_wrist,96.94978713989258,73.63319396972656,0.8244979977607727
273,11,left_hip,86.85796737670898,81.15518569946289,0.9998846054077148
273,12,right_hip,80.02408981323242,82.52938270568848,0.999748945236206
273,13,left_knee,88.21419715881348,99.27679061889648,0.96854567527771
273,14,right_knee,72.84390926361084,100.11612892150879,0.9738190174102783
273,15,left_ankle,88.79558563232422,117.9123306274414,0.9813714623451233
273,16,right_ankle,64.43441867828369,115.77653884887695,0.9823979735374451
274,0,nose,72.62752532958984,58.69809150695801,0.9989913702011108
274,1,left_eye,73.18494319915771,56.476197242736816,0.9977921843528748
274,2,right_eye,70.1336669921875,57.7384090423584,0.9985556602478027
274,3,left_ear,73.28721046447754,55.674190521240234,0.995849609375
274,4,right_ear,68.83304595947266,58.06636333465576,0.9972370266914368
274,5,left_shoulder,79.41699028015137,58.7354040145874,0.999908447265625
274,6,right_shoulder,71.17910861968994,65.10619163513184,0.9998401403427124
274,7,left_elbow,87.76515007019043,65.75945854187012,0.722090482711792
274,8,right_elbow,83.6961555480957,70.30977725982666,0.9149127006530762
274,9,left_wrist,96.83216094970703,73.79498481750488,0.7416088581085205
274,10,right_wrist,96.6429615020752,73.25192928314209,0.8265560269355774
274,11,left_hip,86.99932098388672,80.89611053466797,0.9998887777328491
274,12,right_hip,79.80603218078613,82.37429618835449,0.9997335076332092
274,13,left_knee,88.18974494934082,99.30549621582031,0.9675673842430115
274,14,right_knee,72.893385887146,100.12373924255371,0.9724256992340088
274,15,left_ankle,88.69174003601074,117.88754463195801,0.980923056602478
274,16,right_ankle,64.35432434082031,115.78272819519043,0.9816130995750427
275,0,nose,73.17338466644287,60.037569999694824,0.9989972710609436
275,1,left_eye,73.46963405609131,57.57861614227295,0.997823178768158
275,2,right_eye,70.59329032897949,58.85941982269287,0.998556911945343
275,3,left_ear,74.15068626403809,56.40727519989014,0.9958134293556213
275,4,right_ear,69.17791843414307,59.10531997680664,0.9972209930419922
275,5,left_shoulder,80.41952133178711,58.991312980651855,0.9999118447303772
275,6,right_shoulder,70.72122097015381,65.49840450286865,0.9998301267623901
275,7,left_elbow,88.89847755432129,65.79753875732422,0.7341994047164917
275,8,right_elbow,83.63473892211914,70.01215934753418,0.9194479584693909
275,9,left_wrist,97.80869483947754,72.11049556732178,0.7539052963256836
275,10,right_wrist,96.3962173461914,71.53990268707275,0.8340640664100647
275,11,left_hip,87.25434303283691,81.83183670043945,0.9998900294303894
275,12,right_hip,79.80162620544434,82.96689987182617,0.9997026324272156
275,13,left_knee,87.94692039489746,100.25752067565918,0.9664570093154907
275,14,right_knee,72.72627830505371,100.23176193237305,0.9698224663734436
275,15,left_ankle,88.54894638061523,118.18350791931152,0.9799980521202087
275,16,right_ankle,64.25042629241943,115.97391128540039,0.9787530303001404
276,0,nose,73.17671298980713,60.050058364868164,0.9988658428192139
276,1,left_eye,73.45120906829834,57.88412570953369,0.9976184964179993
276,2,right_eye,70.98855018615723,58.84687900543213,0.9983992576599121
276,3,left_ear,74.256911277771,56.62747383117676,0.9954447150230408
276,4,right_ear,69.43333625793457,59.03772830963135,0.9968588948249817
276,5,left_shoulder,80.41584014892578,58.89758586883545,0.999915361404419
276,6,right_shoulder,70.36541938781738,65.43326377868652,0.9998086094856262
276,7,left_elbow,88.91195297241211,65.40099143981934,0.743113100528717
276,8,right_elbow,83.26326370239258,70.0130844116211,0.9178043603897095
276,9,left_wrist,98.53845596313477,71.40833854675293,0.7611271142959595
276,10,right_wrist,95.21913528442383,71.08366966247559,0.8298917412757874
276,11,left_hip,87.55866050720215,82.18009948730469,0.9998951554298401
276,12,right_hip,79.80220794677734,83.25340270996094,0.99969881772995
276,13,left_knee,87.74762153625488,101.65834426879883,0.9654418230056763
276,14,right_knee,72.35987186431885,100.71969032287598,0.9664941430091858
276,15,left_ankle,88.43755722045898,118.81792068481445,0.9787700176239014
276,16,right_ankle,63.94644737243652,116.23126029968262,0.97647625207901
277,0,nose,73.15083980560303,59.844985008239746,0.9983491897583008
277,1,left_eye,73.34339141845703,57.850961685180664,0.9966089725494385
277,2,right_eye,71.06763362884521,58.77671241760254,0.9977683424949646
277,3,left_ear,74.17760372161865,56.66938781738281,0.9941115975379944
277,4,right_ear,70.14771461486816,58.99463176727295,0.9955732226371765
277,5,left_shoulder,80.50893783569336,59.6895694732666,0.9999116659164429
277,6,right_shoulder,71.19081020355225,64.65319156646729,0.9997437596321106
277,7,left_elbow,88.80192756652832,64.75155830383301,0.737856924533844
277,8,right_elbow,84.02050018310547,68.2492733001709,0.9012871980667114
277,9,left_wrist,99.25633430480957,69.58084106445312,0.7560436129570007
277,10,right_wrist,96.76336288452148,69.22708988189697,0.8056866526603699
277,11,left_hip,87.28312492370605,82.33891487121582,0.999894380569458
277,12,right_hip,80.2015209197998,83.24384689331055,0.9996554255485535
277,13,left_knee,87.61276245117188,102.2568130493164,0.9639326930046082
277,14,right_knee,72.1173095703125,100.73384284973145,0.9632387757301331
277,15,left_ankle,88.45808982849121,119.43486213684082,0.9775978922843933
277,16,right_ankle,63.83656978607178,116.49137496948242,0.9749773144721985
278,0,nose,72.79200553894043,59.76545333862305,0.9983461499214172
278,1,left_eye,73.07952880859375,57.728729248046875,0.9965910911560059
278,2,right_eye,70.95717430114746,58.75061511993408,0.9977836012840271
278,3,left_ear,74.0850830078125,56.52658939361572,0.9941301345825195
278,4,right_ear,70.11610984802246,58.907833099365234,0.9955518245697021
278,5,left_shoulder,80.05117416381836,58.82502555847168,0.9999110102653503
278,6,right_shoulder,71.89261436462402,64.09834861755371,0.9997128248214722
278,7,left_elbow,89.43202018737793,64.91528987884521,0.7287416458129883
278,8,right_elbow,85.81839561462402,67.77361392974854,0.8988072276115417
278,9,left_wrist,99.61956977844238,69.47104454040527,0.7587176561355591
278,10,right_wrist,97.75250434875488,69.30004119873047,0.8027815222740173
278,11,left_hip,87.2828483581543,82.3957633972168,0.9998982548713684
278,12,right_hip,80.2353572845459,83.23166847229004,0.9996494054794312
278,13,left_knee,87.37749099731445,102.75144577026367,0.9619797468185425
278,14,right_knee,72.00670719146729,100.8083438873291,0.9625800251960754
278,15,left_ankle,88.4735107421875,119.62961196899414,0.9764226078987122
278,16,right_ankle,63.618879318237305,116.85571670532227,0.97517329454422
279,0,nose,72.78256893157959,60.07314682006836,0.998201310634613
279,1,left_eye,72.91383266448975,57.9535436630249,0.9962632656097412
279,2,right_eye,70.92485904693604,59.20450210571289,0.9975940585136414
279,3,left_ear,74.02658939361572,56.872806549072266,0.9937678575515747
279,4,right_ear,70.25105476379395,58.95366191864014,0.9952187538146973
279,5,left_shoulder,79.71419334411621,58.578176498413086,0.9999117851257324
279,6,right_shoulder,72.39649295806885,63.10267448425293,0.9996918439865112
279,7,left_elbow,89.7079849243164,64.55160617828369,0.7177001237869263
279,8,right_elbow,85.58465957641602,67.08824157714844,0.8912476301193237
279,9,left_wrist,101.58788681030273,67.68502235412598,0.7655744552612305
279,10,right_wrist,97.60162353515625,67.85311222076416,0.7980389595031738
279,11,left_hip,87.26995468139648,82.37729072570801,0.9999008774757385
279,12,right_hip,80.47327041625977,83.23526382446289,0.9996290802955627
279,13,left_knee,87.34037399291992,103.25664520263672,0.9608234167098999
279,14,right_knee,72.02475070953369,100.82174301147461,0.9610377550125122
279,15,left_ankle,88.41561317443848,119.99970436096191,0.976220965385437
279,16,right_ankle,63.537888526916504,116.64559364318848,0.9752451777458191
280,0,nose,72.13541984558105,60.192060470581055,0.9981871247291565
280,1,left_eye,72.00936794281006,58.27876567840576,0.9962427616119385
280,2,right_eye,70.32284736633301,59.44624423980713,0.997628390789032
280,3,left_ear,73.02659511566162,57.024664878845215,0.9938238263130188
280,4,right_ear,70.15401363372803,59.10571098327637,0.9953275918960571
280,5,left_shoulder,79.73195552825928,60.12490272521973,0.9999122023582458
280,6,right_shoulder,73.31892490386963,62.54725456237793,0.9996877312660217
280,7,left_elbow,89.65211868286133,64.56905364990234,0.6963632702827454
280,8,right_elbow,86.44383430480957,66.32875919342041,0.891857385635376
280,9,left_wrist,99.9632740020752,67.07380771636963,0.7640875577926636
280,10,right_wrist,99.49426651000977,67.42365837097168,0.7992486357688904
280,11,left_hip,87.1213436126709,82.49814987182617,0.9999059438705444
280,12,right_hip,80.6727409362793,83.3230209350586,0.999631404876709
280,13,left_knee,87.2315788269043,103.23511123657227,0.9605393409729004
280,14,right_knee,72.0377254486084,100.84568977355957,0.9612986445426941
280,15,left_ankle,88.32265853881836,120.24384498596191,0.9764360785484314
280,16,right_ankle,63.3643913269043,116.6269588470459,0.9760057330131531
281,0,nose,72.11966514587402,60.08588790893555,0.9981024265289307
281,1,left_eye,71.77767276763916,58.26586723327637,0.9960525035858154
281,2,right_eye,70.26651859283447,59.35237407684326,0.997489869594574
281,3,left_ear,72.64307975769043,56.9736385345459,0.993567168712616
281,4,right_ear,70.11827945709229,59.395151138305664,0.9950178265571594
281,5,left_shoulder,79.61485385894775,58.730525970458984,0.9999122023582458
281,6,right_shoulder,73.12380313873291,63.31738471984863,0.9996495246887207
281,7,left_elbow,89.80525970458984,62.95276165008545,0.7013702392578125
281,8,right_elbow,86.01091384887695,65.22677421569824,0.8911421895027161
281,9,left_wrist,100.34708023071289,65.32252311706543,0.7743867039680481
281,10,right_wrist,98.86019706726074,65.60903072357178,0.8009209632873535
281,11,left_hip,87.4491024017334,82.13985443115234,0.9999078512191772
281,12,right_hip,80.66179275512695,83.1464958190918,0.9996220469474792
281,13,left_knee,87.29116439819336,103.07332992553711,0.9560450315475464
281,14,right_knee,72.16747283935547,100.87606430053711,0.9596329927444458
281,15,left_ankle,88.14733505249023,120.1994514465332,0.9749594926834106
281,16,right_ankle,63.31681728363037,116.68288230895996,0.9749637842178345
282,0,nose,71.96314334869385,59.754295349121094,0.9980846047401428
282,1,left_eye,71.52616024017334,58.06741237640381,0.9960461854934692
282,2,right_eye,70.08430480957031,59.27123546600342,0.997466504573822
282,3,left_ear,72.33216762542725,56.931161880493164,0.9936095476150513
282,4,right_ear,69.93258476257324,59.59414005279541,0.9949520230293274
282,5,left_shoulder,79.26465511322021,57.87900447845459,0.9999122619628906
282,6,right_shoulder,73.04999351501465,64.53564643859863,0.9996122717857361
282,7,left_elbow,89.58337783813477,62.68237113952637,0.7003150582313538
282,8,right_elbow,86.04971885681152,65.89591979980469,0.8889706134796143
282,9,left_wrist,99.91561889648438,65.42826652526855,0.7805129289627075
282,10,right_wrist,99.16491508483887,65.58280944824219,0.7996252775192261
282,11,left_hip,87.49578475952148,81.93268775939941,0.9999112486839294
282,12,right_hip,80.66781044006348,83.0634593963623,0.9996198415756226
282,13,left_knee,87.3041820526123,102.92387962341309,0.951850414276123
282,14,right_knee,72.29447364807129,100.8034896850586,0.9583821892738342
282,15,left_ankle,88.1614875793457,120.26947021484375,0.9734285473823547
282,16,right_ankle,63.2736873626709,116.53152465820312,0.9738624095916748
283,0,nose,71.79739952087402,59.737558364868164,0.9980450868606567
283,1,left_eye,71.07930183410645,58.030128479003906,0.9959905743598938
283,2,right_eye,69.90293025970459,59.2698335647583,0.997410774230957
283,3,left_ear,71.59216403961182,56.95572853088379,0.9935174584388733
283,4,right_ear,69.73509788513184,59.677677154541016,0.9948647618293762
283,5,left_shoulder,78.66968631744385,57.370238304138184,0.9999107718467712
283,6,right_shoulder,72.86605834960938,64.72951412200928,0.9995726346969604
283,7,left_elbow,89.56880569458008,62.095208168029785,0.699652373790741
283,8,right_elbow,85.85752487182617,65.81356048583984,0.8905382752418518
283,9,left_wrist,97.17668533325195,63.60416889190674,0.7841630578041077
283,10,right_wrist,98.93303871154785,63.82654666900635,0.800118088722229
283,11,left_hip,87.4276351928711,81.93364143371582,0.999911367893219
283,12,right_hip,80.68878173828125,83.09712409973145,0.9995894432067871
283,13,left_knee,87.24878311157227,102.87992477416992,0.9494963884353638
283,14,right_knee,72.29622840881348,100.80476760864258,0.9573825597763062
283,15,left_ankle,88.15324783325195,120.31381607055664,0.9730677604675293
283,16,right_ankle,63.266496658325195,116.2920093536377,0.9731295108795166
284,0,nose,71.36631965637207,60.06734848022461,0.997871458530426
284,1,left_eye,70.68634033203125,58.058977127075195,0.9956923723220825
284,2,right_eye,69.53022956848145,59.447689056396484,0.9971811175346375
284,3,left_ear,71.5108585357666,57.033095359802246,0.9931215643882751
284,4,right_ear,69.45153713226318,59.7292423248291,0.9943268299102783
284,5,left_shoulder,78.65250587463379,57.455596923828125,0.9999069571495056
284,6,right_shoulder,72.41628170013428,64.71704006195068,0.9995113015174866
284,7,left_elbow,89.49501991271973,62.09660530090332,0.7034586071968079
284,8,right_elbow,85.6832504272461,65.41102409362793,0.8864246010780334
284,9,left_wrist,97.33835220336914,63.15197467803955,0.7901502847671509
284,10,right_wrist,98.55924606323242,63.521103858947754,0.7951145768165588
284,11,left_hip,87.42091178894043,81.99206352233887,0.9999121427536011
284,12,right_hip,80.67678451538086,83.24418067932129,0.9995644688606262
284,13,left_knee,87.20701217651367,102.81946182250977,0.9482643008232117
284,14,right_knee,72.27743625640869,100.90863227844238,0.9558001756668091
284,15,left_ankle,88.15266609191895,120.28608322143555,0.9730820059776306
284,16,right_ankle,63.23599815368652,116.16670608520508,0.9722834229469299
285,0,nose,71.26753330230713,60.43278694152832,0.9971659183502197
285,1,left_eye,70.65279483795166,58.18667411804199,0.9943636655807495
285,2,right_eye,69.4202709197998,59.765591621398926,0.9963465332984924
285,3,left_ear,71.56659126281738,57.244696617126465,0.9913815855979919
285,4,right_ear,69.09283638000488,59.695234298706055,0.9926067590713501
285,5,left_shoulder,78.43206882476807,57.15522289276123,0.9999001026153564
285,6,right_shoulder,71.56298637390137,63.52463722229004,0.9994131326675415
285,7,left_elbow,89.86263275146484,61.214613914489746,0.7055464386940002
285,8,right_elbow,85.15403747558594,64.81936454772949,0.8815383911132812
285,9,left_wrist,100.68501472473145,61.679930686950684,0.7967809438705444
285,10,right_wrist,97.75693893432617,62.81198501586914,0.7891626954078674
285,11,left_hip,87.38556861877441,81.80607795715332,0.9999024271965027
285,12,right_hip,80.67291259765625,82.79328346252441,0.9994351863861084
285,13,left_knee,87.21576690673828,102.70849227905273,0.9493375420570374
285,14,right_knee,72.29861259460449,100.90676307678223,0.954210102558136
285,15,left_ankle,88.12967300415039,120.25863647460938,0.973901629447937
285,16,right_ankle,63.24249744415283,115.91472625732422,0.9716995358467102
286,0,nose,70.56418418884277,60.24113655090332,0.9961167573928833
286,1,left_eye,70.02138614654541,58.06112766265869,0.9925848841667175
286,2,right_eye,68.6991024017334,59.480624198913574,0.995380699634552
286,3,left_ear,71.26485347747803,56.67979717254639,0.989201545715332
286,4,right_ear,69.08961296081543,59.528236389160156,0.9909841418266296
286,5,left_shoulder,78.43022346496582,57.033586502075195,0.9998674988746643
286,6,right_shoulder,71.62431240081787,61.606740951538086,0.9992551803588867
286,7,left_elbow,90.33982276916504,60.87007999420166,0.6703363060951233
286,8,right_elbow,85.53545951843262,63.55593681335449,0.8663882613182068
286,9,left_wrist,101.70718193054199,59.713478088378906,0.7896984219551086
286,10,right_wrist,96.93174362182617,61.46126747131348,0.7704444527626038
286,11,left_hip,87.48212814331055,81.8072509765625,0.9998990893363953
286,12,right_hip,80.66316604614258,82.7708911895752,0.9993915557861328
286,13,left_knee,87.25282669067383,103.07531356811523,0.9494465589523315
286,14,right_knee,72.58772850036621,100.91827392578125,0.9550692439079285
286,15,left_ankle,88.15878868103027,120.33865928649902,0.9738014936447144
286,16,right_ankle,63.23239803314209,115.8560562133789,0.9724736213684082
287,0,nose,70.1926326751709,60.195040702819824,0.9962561726570129
287,1,left_eye,69.5404577255249,58.13560962677002,0.9927651882171631
287,2,right_eye,68.70833396911621,59.43798542022705,0.9955824613571167
287,3,left_ear,71.1950159072876,57.347612380981445,0.9895681142807007
287,4,right_ear,69.1208028793335,59.752116203308105,0.9914785027503967
287,5,left_shoulder,78.43770503997803,58.464460372924805,0.9998597502708435
287,6,right_shoulder,71.81661128997803,62.01030254364014,0.9992656111717224
287,7,left_elbow,90.19030570983887,61.10703945159912,0.6452769637107849
287,8,right_elbow,86.20283126831055,62.740445137023926,0.8729143738746643
287,9,left_wrist,101.37482643127441,59.662885665893555,0.784031093120575
287,10,right_wrist,98.61433029174805,60.67610740661621,0.7786206007003784
287,11,left_hip,87.47635841369629,81.9244384765625,0.9999039769172668
287,12,right_hip,80.6925106048584,82.80998229980469,0.9994149804115295
287,13,left_knee,87.36123085021973,103.1410026550293,0.9482072591781616
287,14,right_knee,72.80967712402344,101.05966567993164,0.9564096331596375
287,15,left_ankle,88.16292762756348,120.32926559448242,0.9732983112335205
287,16,right_ankle,63.143439292907715,115.81581115722656,0.97307288646698
288,0,nose,71.23438835144043,59.9213981628418,0.9962854981422424
288,1,left_eye,70.35476684570312,58.04431915283203,0.9927905797958374
288,2,right_eye,69.16062355041504,59.129838943481445,0.9956281781196594
288,3,left_ear,71.24891757965088,57.202463150024414,0.9895498156547546
288,4,right_ear,69.12800788879395,59.4067907333374,0.9917064309120178
288,5,left_shoulder,78.59514713287354,58.44679832458496,0.9998611211776733
288,6,right_shoulder,71.75358772277832,63.335938453674316,0.9992624521255493
288,7,left_elbow,90.5927562713623,59.696693420410156,0.657791793346405
288,8,right_elbow,86.11869812011719,63.15704345703125,0.8801934719085693
288,9,left_wrist,101.8635368347168,58.1855583190918,0.7919082045555115
288,10,right_wrist,97.18172073364258,60.624589920043945,0.7878723740577698
288,11,left_hip,87.53168106079102,81.85831069946289,0.9999003410339355
288,12,right_hip,80.72819709777832,82.78134346008301,0.9993773102760315
288,13,left_knee,87.24328994750977,103.11725616455078,0.9470276832580566
288,14,right_knee,72.71783351898193,100.93270301818848,0.9558854103088379
288,15,left_ankle,88.10096740722656,120.32391548156738,0.9722230434417725
288,16,right_ankle,63.146705627441406,115.80990791320801,0.9716269969940186
289,0,nose,71.42962455749512,59.65066432952881,0.9963828325271606
289,1,left_eye,70.37684440612793,57.54465103149414,0.9929889440536499
289,2,right_eye,69.19602870941162,58.839759826660156,0.9957706928253174
289,3,left_ear,71.37960910797119,56.82053565979004,0.9898947477340698
289,4,right_ear,69.09969329833984,59.35962677001953,0.9920834302902222
289,5,left_shoulder,78.91501426696777,58.30324649810791,0.9998619556427002
289,6,right_shoulder,71.7151403427124,63.733839988708496,0.9992559552192688
289,7,left_elbow,90.84855079650879,59.83822822570801,0.6690852642059326
289,8,right_elbow,85.9015941619873,63.43303203582764,0.8850926160812378
289,9,left_wrist,102.17953681945801,57.72696018218994,0.799389123916626
289,10,right_wrist,96.33953094482422,60.88484764099121,0.7935729622840881
289,11,left_hip,87.55054473876953,81.97758674621582,0.9998975396156311
289,12,right_hip,80.73530197143555,82.82503128051758,0.9993352293968201
289,13,left_knee,87.24740028381348,103.21673393249512,0.946147620677948
289,14,right_knee,72.87667274475098,101.09537124633789,0.9555308222770691
289,15,left_ankle,88.08192253112793,120.46351432800293,0.9707868695259094
289,16,right_ankle,63.110175132751465,115.96528053283691,0.9697402119636536
290,0,nose,71.4014720916748,58.59243869781494,0.9965265989303589
290,1,left_eye,69.7266674041748,57.135682106018066,0.9933019876480103
290,2,right_eye,69.28558349609375,57.59936809539795,0.9960492253303528
290,3,left_ear,70.48354148864746,57.34431743621826,0.9905426502227783
290,4,right_ear,70.24261474609375,58.65645408630371,0.9927178621292114
290,5,left_shoulder,76.43549919128418,62.31235980987549,0.9998645186424255
290,6,right_shoulder,76.51477813720703,61.16070747375488,0.9993036985397339
290,7,left_elbow,86.20783805847168,62.5634765625,0.6289191842079163
290,8,right_elbow,89.4093132019043,60.47880172729492,0.8933666944503784
290,9,left_wrist,97.14006423950195,58.03954601287842,0.7673354744911194
290,10,right_wrist,101.05419158935547,56.49594306945801,0.8033237457275391
290,11,left_hip,85.74762344360352,84.18195724487305,0.9999056458473206
290,12,right_hip,82.21834182739258,82.93069839477539,0.999387800693512
290,13,left_knee,86.47628784179688,103.22630882263184,0.9451818466186523
290,14,right_knee,73.71012687683105,101.47783279418945,0.954929769039154
290,15,left_ankle,88.07757377624512,120.54569244384766,0.9714264869689941
290,16,right_ankle,63.14132213592529,115.96022605895996,0.97051602602005
291,0,nose,71.83728694915771,58.24369430541992,0.9965544939041138
291,1,left_eye,70.06514072418213,56.82240962982178,0.9932761192321777
291,2,right_eye,70.04446983337402,57.68967628479004,0.9961797595024109
291,3,left_ear,70.60500144958496,57.04977989196777,0.9905983805656433
291,4,right_ear,70.57020664215088,58.67797374725342,0.9930818676948547
291,5,left_shoulder,76.89972877502441,61.281046867370605,0.9998652935028076
291,6,right_shoulder,75.34221649169922,61.53092384338379,0.9993330240249634
291,7,left_elbow,87.14776992797852,60.359787940979004,0.6054911613464355
291,8,right_elbow,88.49458694458008,61.48212432861328,0.9010255932807922
291,9,left_wrist,99.46136474609375,55.675106048583984,0.7572290301322937
291,10,right_wrist,100.20282745361328,57.52321243286133,0.8143435120582581
291,11,left_hip,85.81365585327148,84.03078079223633,0.9999108910560608
291,12,right_hip,82.35503196716309,83.17708015441895,0.999415397644043
291,13,left_knee,86.40292167663574,103.07461738586426,0.9461572170257568
291,14,right_knee,73.73528957366943,101.60017013549805,0.9561454653739929
291,15,left_ankle,87.9963207244873,120.54126739501953,0.9724565744400024
291,16,right_ankle,63.134827613830566,115.96457481384277,0.9717550873756409
292,0,nose,72.13074684143066,58.278441429138184,0.9967318177223206
292,1,left_eye,70.59430122375488,56.80434703826904,0.9936095476150513
292,2,right_eye,70.47053337097168,57.76289939880371,0.9964184165000916
292,3,left_ear,70.98902225494385,56.97721481323242,0.9910955429077148
292,4,right_ear,70.6313943862915,58.68870735168457,0.9935963153839111
292,5,left_shoulder,78.10999870300293,61.184682846069336,0.999870240688324
292,6,right_shoulder,74.742431640625,62.580437660217285,0.9993689656257629
292,7,left_elbow,88.78171920776367,59.126830101013184,0.5869794487953186
292,8,right_elbow,88.19249153137207,62.128543853759766,0.9093823432922363
292,9,left_wrist,99.52226638793945,54.86461639404297,0.747052013874054
292,10,right_wrist,99.58581924438477,56.46317958831787,0.8278989195823669
292,11,left_hip,86.40786170959473,83.90374183654785,0.9999174475669861
292,12,right_hip,82.18395233154297,83.88336181640625,0.9994511008262634
292,13,left_knee,86.6978931427002,103.05859565734863,0.9482061862945557
292,14,right_knee,73.3823013305664,102.60693550109863,0.9577668309211731
292,15,left_ankle,87.99721717834473,120.53311347961426,0.9732304811477661
292,16,right_ankle,63.14132213592529,115.9614086151123,0.9720999598503113
293,0,nose,72.10606575012207,55.10092258453369,0.9968125224113464
293,1,left_eye,70.55381774902344,54.48925018310547,0.993728518486023
293,2,right_eye,70.43650150299072,55.086164474487305,0.996615469455719
293,3,left_ear,70.81192970275879,55.326242446899414,0.99137943983078
293,4,right_ear,70.46388149261475,56.595468521118164,0.9940779209136963
293,5,left_shoulder,77.78561592102051,59.377522468566895,0.9998767971992493
293,6,right_shoulder,74.5877456665039,61.098594665527344,0.9994231462478638
293,7,left_elbow,88.83279800415039,58.87476921081543,0.5456942915916443
293,8,right_elbow,86.9668960571289,61.551513671875,0.9174891710281372
293,9,left_wrist,100.18646240234375,54.46019649505615,0.7161228060722351
293,10,right_wrist,99.51261520385742,56.95140838623047,0.8415899276733398
293,11,left_hip,86.44882202148438,83.7559986114502,0.9999240040779114
293,12,right_hip,82.07742691040039,83.87673377990723,0.9994953274726868
293,13,left_knee,86.78458213806152,102.88445472717285,0.9490439891815186
293,14,right_knee,73.43962669372559,102.66779899597168,0.9602564573287964
293,15,left_ankle,87.99859046936035,120.53792953491211,0.974326491355896
293,16,right_ankle,63.142499923706055,115.96593856811523,0.9736536741256714
294,0,nose,72.50597953796387,55.91394901275635,0.9970808625221252
294,1,left_eye,70.69216728210449,54.985785484313965,0.9942545294761658
294,2,right_eye,70.88995456695557,55.71240425109863,0.996924877166748
294,3,left_ear,70.98664283752441,55.47738075256348,0.9921332597732544
294,4,right_ear,71.53723239898682,56.942739486694336,0.9946339130401611
294,5,left_shoulder,77.51439094543457,60.65232276916504,0.9998806715011597
294,6,right_shoulder,75.77651977539062,61.337890625,0.9994684457778931
294,7,left_elbow,84.90915298461914,59.231343269348145,0.5099270343780518
294,8,right_elbow,89.21491622924805,59.725985527038574,0.9249740242958069
294,9,left_wrist,92.61889457702637,54.52406883239746,0.683371901512146
294,10,right_wrist,100.4501724243164,54.27924156188965,0.8540957570075989
294,11,left_hip,86.47455215454102,84.12697792053223,0.9999302625656128
294,12,right_hip,82.29872703552246,84.11697387695312,0.9995371699333191
294,13,left_knee,86.82690620422363,102.83894538879395,0.9483113288879395
294,14,right_knee,73.93286228179932,102.6661205291748,0.9613085389137268
294,15,left_ankle,88.0168342590332,120.60731887817383,0.9748579859733582
294,16,right_ankle,63.48574638366699,116.3072681427002,0.9739834070205688
295,0,nose,72.40061283111572,55.255632400512695,0.9972838759422302
295,1,left_eye,70.13036251068115,54.53787803649902,0.99461430311203
295,2,right_eye,70.80609321594238,54.92152214050293,0.9971676468849182
295,3,left_ear,70.24778842926025,55.503196716308594,0.9926838874816895
295,4,right_ear,71.3709545135498,56.42071723937988,0.9951019883155823
295,5,left_shoulder,76.32473945617676,60.88259696960449,0.9998754858970642
295,6,right_shoulder,76.60486698150635,60.02057075500488,0.999503493309021
295,7,left_elbow,85.97681999206543,58.96395683288574,0.4764939546585083
295,8,right_elbow,89.79073524475098,59.27724838256836,0.9316257834434509
295,9,left_wrist,94.53248977661133,53.115596771240234,0.6604779362678528
295,10,right_wrist,100.60036659240723,53.923048973083496,0.8651970624923706
295,11,left_hip,86.45381927490234,84.10503387451172,0.999933123588562
295,12,right_hip,82.939453125,84.13755416870117,0.9995678067207336
295,13,left_knee,86.83999061584473,102.70612716674805,0.9451587796211243
295,14,right_knee,73.90337467193604,102.62006759643555,0.9633537530899048
295,15,left_ankle,87.98768043518066,120.6944751739502,0.9747135043144226
295,16,right_ankle,63.482980728149414,116.77593231201172,0.9751119017601013
296,0,nose,72.79135227203369,55.70472717285156,0.9975168704986572
296,1,left_eye,70.89212894439697,54.81797218322754,0.9950621724128723
296,2,right_eye,70.86733341217041,55.3800106048584,0.9974239468574524
296,3,left_ear,71.2954044342041,55.518317222595215,0.9932838082313538
296,4,right_ear,71.4749526977539,56.68466567993164,0.9955580234527588
296,5,left_shoulder,77.60194301605225,59.667606353759766,0.9998729825019836
296,6,right_shoulder,76.06931209564209,61.98232173919678,0.9995277523994446
296,7,left_elbow,88.36156845092773,56.77745819091797,0.4717755913734436
296,8,right_elbow,89.1104793548584,59.92117881774902,0.9380103349685669
296,9,left_wrist,96.31275177001953,50.374860763549805,0.6638932824134827
296,10,right_wrist,99.90842819213867,53.255014419555664,0.8765143752098083
296,11,left_hip,87.53320693969727,84.04539108276367,0.9999374747276306
296,12,right_hip,82.83458709716797,84.18610572814941,0.9995952844619751
296,13,left_knee,87.51947402954102,102.54658699035645,0.9464872479438782
296,14,right_knee,74.34065341949463,102.5883674621582,0.965739905834198
296,15,left_ankle,88.12576293945312,120.70714950561523,0.9749482870101929
296,16,right_ankle,63.61716270446777,116.74443244934082,0.9759113788604736
297,0,nose,72.53370761871338,55.5263614654541,0.9977454543113708
297,1,left_eye,70.62629699707031,54.72822189331055,0.9955094456672668
297,2,right_eye,70.82817077636719,55.38625240325928,0.997671365737915
297,3,left_ear,71.00836277008057,55.51084041595459,0.9939111471176147
297,4,right_ear,71.36425971984863,56.71315670013428,0.9959906339645386
297,5,left_shoulder,76.55628204345703,59.623613357543945,0.9998753070831299
297,6,right_shoulder,76.00222110748291,61.99930191040039,0.9995632171630859
297,7,left_elbow,84.50804710388184,55.17980098724365,0.4475202262401581
297,8,right_elbow,88.83467674255371,59.41205024719238,0.9433820247650146
297,9,left_wrist,92.37604141235352,46.3427734375,0.6470146775245667
297,10,right_wrist,99.80745315551758,52.654218673706055,0.8848503828048706
297,11,left_hip,87.52029418945312,83.97523880004883,0.9999426603317261
297,12,right_hip,82.73543357849121,84.1632080078125,0.9996297955513
297,13,left_knee,87.58889198303223,102.42249488830566,0.9458022713661194
297,14,right_knee,74.90787506103516,102.58001327514648,0.9677845239639282
297,15,left_ankle,88.15553665161133,120.7194709777832,0.9756149053573608
297,16,right_ankle,63.60785484313965,116.8089485168457,0.9771687984466553
298,0,nose,73.38805198669434,55.11535167694092,0.9979467988014221
298,1,left_eye,71.4694881439209,54.498839378356934,0.9958885312080383
298,2,right_eye,71.23574256896973,55.45779228210449,0.9978852868080139
298,3,left_ear,71.8112564086914,55.192646980285645,0.9944124221801758
298,4,right_ear,71.52239799499512,56.83125019073486,0.996363639831543
298,5,left_shoulder,78.19344997406006,58.56074810028076,0.9998733997344971
298,6,right_shoulder,75.91161251068115,62.65566825866699,0.9995844960212708
298,7,left_elbow,87.20549583435059,54.98147010803223,0.45928019285202026
298,8,right_elbow,88.30990791320801,59.83438968658447,0.9486680626869202
298,9,left_wrist,96.91530227661133,46.66543006896973,0.6636173725128174
298,10,right_wrist,99.31907653808594,51.47627830505371,0.894743025302887
298,11,left_hip,87.83772468566895,83.75481605529785,0.9999454021453857
298,12,right_hip,82.6608943939209,84.15851593017578,0.9996494054794312
298,13,left_knee,87.74999618530273,102.09945678710938,0.946470320224762
298,14,right_knee,75.04357814788818,102.54734992980957,0.9699198603630066
298,15,left_ankle,88.21492195129395,120.5937385559082,0.9760829210281372
298,16,right_ankle,63.69606971740723,116.8417739868164,0.9782938361167908
299,0,nose,75.47924995422363,54.54292297363281,0.9980616569519043
299,1,left_eye,74.17360782623291,53.03488731384277,0.9960784912109375
299,2,right_eye,73.38220119476318,54.19268608093262,0.9980316162109375
299,3,left_ear,73.48801612854004,53.62378120422363,0.9946479797363281
299,4,right_ear,72.56808280944824,55.37425994873047,0.9966588616371155
299,5,left_shoulder,79.20310974121094,58.350162506103516,0.9998730421066284
299,6,right_shoulder,75.83754539489746,62.04237937927246,0.9996084570884705
299,7,left_elbow,87.23238945007324,52.98235893249512,0.4503897726535797
299,8,right_elbow,86.23398780822754,59.195685386657715,0.9529946446418762
299,9,left_wrist,94.76510047912598,43.580708503723145,0.6608253121376038
299,10,right_wrist,96.6317367553711,50.79564094543457,0.9013954401016235
299,11,left_hip,87.97170639038086,83.72044563293457,0.99994957447052
299,12,right_hip,82.63370513916016,84.13237571716309,0.9996777772903442
299,13,left_knee,87.73362159729004,102.12182998657227,0.9462003707885742
299,14,right_knee,75.71537971496582,102.79035568237305,0.9698666334152222
299,15,left_ankle,88.21473121643066,120.58286666870117,0.976237952709198
299,16,right_ankle,64.11238193511963,116.95635795593262,0.9787806868553162
300,0,nose,75.81389427185059,54.69468593597412,0.9981950521469116
300,1,left_eye,74.239821434021,53.10102939605713,0.9963103532791138
300,2,right_eye,74.01499271392822,54.68226432800293,0.9981746077537537
300,3,left_ear,73.78625392913818,53.722829818725586,0.9949265718460083
300,4,right_ear,72.76644706726074,56.91220283508301,0.9969128966331482
300,5,left_shoulder,79.72469329833984,58.942413330078125,0.9998722672462463
300,6,right_shoulder,75.7995080947876,62.869911193847656,0.9996130466461182
300,7,left_elbow,87.31536865234375,54.22830104827881,0.46324679255485535
300,8,right_elbow,86.24368667602539,59.41568374633789,0.9571424126625061
300,9,left_wrist,95.40956497192383,46.30007266998291,0.6737284064292908
300,10,right_wrist,96.25165939331055,51.37599468231201,0.908984363079071
300,11,left_hip,87.94003486633301,83.70654106140137,0.9999516606330872
300,12,right_hip,82.67465591430664,84.18928146362305,0.9996916651725769
300,13,left_knee,87.7168083190918,102.14731216430664,0.9475070834159851
300,14,right_knee,75.88147640228271,103.00954818725586,0.9704197645187378
300,15,left_ankle,88.2148265838623,120.6013011932373,0.9767623543739319
300,16,right_ankle,64.54198360443115,117.13313102722168,0.9792735576629639
301,0,nose,75.49868106842041,53.96279335021973,0.9983454942703247
301,1,left_eye,73.92983913421631,52.74561882019043,0.9966130256652832
301,2,right_eye,73.65160942077637,54.20124053955078,0.9983394742012024
301,3,left_ear,73.5338306427002,53.12478065490723,0.9953464269638062
301,4,right_ear,72.41694450378418,55.79479217529297,0.997195839881897
301,5,left_shoulder,78.94696712493896,58.68494510650635,0.9998729228973389
301,6,right_shoulder,75.76655387878418,62.863664627075195,0.9996232986450195
301,7,left_elbow,86.23953819274902,53.65492820739746,0.44729962944984436
301,8,right_elbow,86.92495346069336,58.18917751312256,0.9604573249816895
301,9,left_wrist,91.77414894104004,44.209394454956055,0.6616437435150146
301,10,right_wrist,96.39876365661621,49.366798400878906,0.9133405089378357
301,11,left_hip,87.95610427856445,83.69156837463379,0.9999552965164185
301,12,right_hip,82.64859199523926,84.17472839355469,0.9997145533561707
301,13,left_knee,87.73805618286133,102.22227096557617,0.9482783079147339
301,14,right_knee,76.29984855651855,103.5593032836914,0.9714540839195251
301,15,left_ankle,88.25323104858398,120.57657241821289,0.977669358253479
301,16,right_ankle,65.01927375793457,117.36836433410645,0.9802440404891968
302,0,nose,75.06897926330566,53.29520225524902,0.9984482526779175
302,1,left_eye,73.54613304138184,52.290544509887695,0.9968104362487793
302,2,right_eye,73.31479072570801,53.11013698577881,0.9984632730484009
302,3,left_ear,73.30923557281494,52.56787300109863,0.9955984950065613
302,4,right_ear,72.38989353179932,54.83233451843262,0.9974177479743958
302,5,left_shoulder,79.42643165588379,58.42328071594238,0.9998745322227478
302,6,right_shoulder,75.41763305664062,61.81445121765137,0.9996412396430969
302,7,left_elbow,87.4423885345459,54.03186798095703,0.4326718747615814
302,8,right_elbow,86.77637100219727,58.31021308898926,0.963450014591217
302,9,left_wrist,91.83917045593262,45.45229911804199,0.6508028507232666
302,10,right_wrist,95.80021858215332,49.427433013916016,0.9173918962478638
302,11,left_hip,87.99059867858887,83.63034248352051,0.9999585747718811
302,12,right_hip,82.50447273254395,84.08468246459961,0.9997360706329346
302,13,left_knee,87.95845031738281,102.22986221313477,0.9490207433700562
302,14,right_knee,76.70357704162598,103.71691703796387,0.9717969298362732
302,15,left_ankle,88.28847885131836,120.54910659790039,0.978477418422699
302,16,right_ankle,65.237135887146,117.5316047668457,0.9811340570449829
303,0,nose,75.34350395202637,52.90949821472168,0.9985901713371277
303,1,left_eye,73.58563899993896,52.53806114196777,0.9971062541007996
303,2,right_eye,73.80453586578369,53.11312675476074,0.9986109137535095
303,3,left_ear,72.92876243591309,52.97810077667236,0.9960200190544128
303,4,right_ear,73.92528533935547,54.64355945587158,0.9976681470870972
303,5,left_shoulder,74.08873081207275,59.32940483093262,0.9998738169670105
303,6,right_shoulder,77.3566198348999,61.52125358581543,0.9996542930603027
303,7,left_elbow,71.09431266784668,56.00564956665039,0.4395531415939331
303,8,right_elbow,89.36588287353516,55.421109199523926,0.9667782783508301
303,9,left_wrist,68.79076480865479,46.128315925598145,0.6525813937187195
303,10,right_wrist,96.04833602905273,47.077927589416504,0.9234752655029297
303,11,left_hip,85.45451164245605,83.96429061889648,0.999961793422699
303,12,right_hip,83.11057090759277,84.31536674499512,0.9997593760490417
303,13,left_knee,88.61574172973633,102.31184005737305,0.9455158710479736
303,14,right_knee,77.81671047210693,104.54764366149902,0.9726088047027588
303,15,left_ankle,88.19692611694336,120.40642738342285,0.9785751700401306
303,16,right_ankle,65.36497592926025,117.75381088256836,0.9821702241897583
304,0,nose,75.10618686676025,52.15465068817139,0.9987268447875977
304,1,left_eye,73.4225606918335,52.12069511413574,0.9973894953727722
304,2,right_eye,73.49111080169678,52.58960723876953,0.9987483024597168
304,3,left_ear,72.8142261505127,52.959632873535156,0.9964133501052856
304,4,right_ear,73.65128517150879,54.63970184326172,0.9978992342948914
304,5,left_shoulder,73.16245079040527,59.3099308013916,0.9998818635940552
304,6,right_shoulder,79.29682731628418,61.44721031188965,0.9996785521507263
304,7,left_elbow,67.78182983398438,56.1722469329834,0.4702434539794922
304,8,right_elbow,89.90292549133301,54.961371421813965,0.9699803590774536
304,9,left_wrist,64.02814388275146,46.826229095458984,0.6710435748100281
304,10,right_wrist,96.16220474243164,46.767191886901855,0.930304765701294
304,11,left_hip,84.25750732421875,84.22626495361328,0.9999653697013855
304,12,right_hip,83.49187850952148,84.40402030944824,0.9997822642326355
304,13,left_knee,87.6895809173584,101.97571754455566,0.9454481601715088
304,14,right_knee,80.51778793334961,104.45472717285156,0.9733923673629761
304,15,left_ankle,87.57420539855957,120.40986061096191,0.9795050024986267
304,16,right_ankle,65.803542137146,117.6871109008789,0.9830458164215088
305,0,nose,75.79938411712646,52.46192932128906,0.9988470673561096
305,1,left_eye,74.17344570159912,52.38304615020752,0.997635543346405
305,2,right_eye,74.57128047943115,52.84067630767822,0.9988681077957153
305,3,left_ear,73.82176876068115,53.12857151031494,0.9967507719993591
305,4,right_ear,74.55163478851318,54.842634201049805,0.9981019496917725
305,5,left_shoulder,74.32144165039062,59.4680118560791,0.9998875856399536
305,6,right_shoulder,78.3940601348877,61.48179054260254,0.9996958374977112
305,7,left_elbow,74.02741432189941,56.19900703430176,0.49038004875183105
305,8,right_elbow,90.07518768310547,53.95256996154785,0.972917914390564
305,9,left_wrist,72.83645629882812,45.85301876068115,0.6867823004722595
305,10,right_wrist,95.86577415466309,45.0588321685791,0.9369953274726868
305,11,left_hip,84.83826637268066,84.26397323608398,0.9999681115150452
305,12,right_hip,83.67111206054688,84.40235137939453,0.999800443649292
305,13,left_knee,87.38194465637207,102.0616340637207,0.9463473558425903
305,14,right_knee,79.52425479888916,104.47347640991211,0.971691370010376
305,15,left_ankle,87.58536338806152,120.40872573852539,0.9795059561729431
305,16,right_ankle,66.24264717102051,117.65761375427246,0.9826152324676514
306,0,nose,76.10877990722656,52.83825397491455,0.998956024646759
306,1,left_eye,74.4314956665039,52.525925636291504,0.997859001159668
306,2,right_eye,74.89152431488037,53.08222770690918,0.9989769458770752
306,3,left_ear,73.61863613128662,53.21925163269043,0.9970629811286926
306,4,right_ear,75.05816459655762,54.903016090393066,0.9982860684394836
306,5,left_shoulder,72.93484687805176,59.795918464660645,0.9998889565467834
306,6,right_shoulder,80.35146713256836,61.32507801055908,0.9997038841247559
306,7,left_elbow,69.98166084289551,55.89663505554199,0.5217394232749939
306,8,right_elbow,90.67567825317383,53.11587333679199,0.9755171537399292
306,9,left_wrist,66.38041496276855,45.99747657775879,0.7059884071350098
306,10,right_wrist,95.72857856750488,44.16567802429199,0.9425249695777893
306,11,left_hip,85.01117706298828,84.33041572570801,0.9999703168869019
306,12,right_hip,84.53478813171387,84.39691543579102,0.9998171329498291
306,13,left_knee,87.53583908081055,102.26377487182617,0.945925235748291
306,14,right_knee,79.46675300598145,104.51083183288574,0.9728789329528809
306,15,left_ankle,87.60740280151367,120.39087295532227,0.9799920916557312
306,16,right_ankle,66.38092994689941,117.73889541625977,0.9836212992668152
307,0,nose,76.51106357574463,52.5407600402832,0.9990593194961548
307,1,left_eye,74.92515563964844,51.877641677856445,0.998071014881134
307,2,right_eye,75.0564193725586,52.22386360168457,0.9990787506103516
307,3,left_ear,73.92510414123535,52.52105712890625,0.9973543882369995
307,4,right_ear,74.65697288513184,54.2479944229126,0.998456597328186
307,5,left_shoulder,73.74953269958496,59.66221332550049,0.9998951554298401
307,6,right_shoulder,79.45052146911621,61.01151466369629,0.9997248649597168
307,7,left_elbow,73.7015438079834,57.134737968444824,0.5071682929992676
307,8,right_elbow,90.46791076660156,53.46301078796387,0.977888286113739
307,9,left_wrist,71.82305812835693,46.318535804748535,0.7003436088562012
307,10,right_wrist,94.95612144470215,43.483572006225586,0.9477911591529846
307,11,left_hip,85.34836769104004,83.90761375427246,0.9999730587005615
307,12,right_hip,84.32902336120605,84.15334701538086,0.9998340010643005
307,13,left_knee,87.53771781921387,101.78284645080566,0.9453606605529785
307,14,right_knee,80.80127716064453,104.49135780334473,0.9728030562400818
307,15,left_ankle,87.66214370727539,120.3703498840332,0.9801995158195496
307,16,right_ankle,66.46649360656738,117.73462295532227,0.9842100739479065
308,0,nose,76.32993221282959,52.26979732513428,0.9991503357887268
308,1,left_eye,74.7257137298584,51.57832145690918,0.9982587099075317
308,2,right_eye,74.85079765319824,51.813626289367676,0.9991694688796997
308,3,left_ear,73.80024909973145,52.3172664642334,0.9976148009300232
308,4,right_ear,74.83168601989746,53.73435020446777,0.9986088871955872
308,5,left_shoulder,73.07547092437744,59.66702938079834,0.9998987913131714
308,6,right_shoulder,80.3720760345459,60.17425537109375,0.9997396469116211
308,7,left_elbow,74.14122581481934,58.08751106262207,0.49695920944213867
308,8,right_elbow,90.6669807434082,52.79768943786621,0.9799197316169739
308,9,left_wrist,72.6485824584961,47.691545486450195,0.6904402375221252
308,10,right_wrist,94.5032787322998,42.66622543334961,0.9517571926116943
308,11,left_hip,85.34076690673828,83.95883560180664,0.9999752640724182
308,12,right_hip,84.36753273010254,84.10494804382324,0.9998482465744019
308,13,left_knee,87.50310897827148,101.80652618408203,0.9433702230453491
308,14,right_knee,80.95352172851562,104.38989639282227,0.9731813669204712
308,15,left_ankle,87.92943954467773,120.38701057434082,0.9803053140640259
308,16,right_ankle,66.50674343109131,117.7238655090332,0.9846392869949341
309,0,nose,76.93443298339844,52.36526966094971,0.9992272257804871
309,1,left_eye,75.12917518615723,51.66201591491699,0.9984143376350403
309,2,right_eye,75.86618900299072,52.02133655548096,0.9992472529411316
309,3,left_ear,73.9340877532959,52.46574401855469,0.9978390336036682
309,4,right_ear,75.48644065856934,53.525543212890625,0.9987403154373169
309,5,left_shoulder,73.45855712890625,59.652647972106934,0.9998912215232849
309,6,right_shoulder,81.05146408081055,59.01077747344971,0.9997439384460449
309,7,left_elbow,80.8194351196289,57.637834548950195,0.46261149644851685
309,8,right_elbow,90.66048622131348,52.460927963256836,0.9814022779464722
309,9,left_wrist,87.20074653625488,46.95333480834961,0.6556157469749451
309,10,right_wrist,94.11142349243164,43.19983959197998,0.9536632895469666
309,11,left_hip,84.90726470947266,84.2342472076416,0.9999756813049316
309,12,right_hip,84.76593017578125,84.21006202697754,0.999856173992157
309,13,left_knee,87.46471405029297,101.83362007141113,0.9391064047813416
309,14,right_knee,81.88976287841797,104.04748916625977,0.9729397892951965
309,15,left_ankle,87.8999137878418,120.38625717163086,0.9793907999992371
309,16,right_ankle,67.00402736663818,117.54913330078125,0.9846044182777405
310,0,nose,76.885085105896,52.20781326293945,0.9992987513542175
310,1,left_eye,75.09953498840332,51.707115173339844,0.9985601305961609
310,2,right_eye,76.01239204406738,51.980905532836914,0.9993189573287964
310,3,left_ear,73.87930393218994,52.55136489868164,0.9980450868606567
310,4,right_ear,75.53334712982178,53.47909927368164,0.9988610744476318
310,5,left_shoulder,73.8533878326416,59.64770317077637,0.9998824596405029
310,6,right_shoulder,80.4469108581543,59.32049751281738,0.9997472167015076
310,7,left_elbow,81.04058265686035,56.02890491485596,0.4322376549243927
310,8,right_elbow,90.51651954650879,52.410807609558105,0.9829322099685669
310,9,left_wrist,86.53554916381836,46.16962432861328,0.6235474944114685
310,10,right_wrist,94.09131050109863,42.89989948272705,0.9560827016830444
310,11,left_hip,84.94486808776855,84.19879913330078,0.9999765157699585
310,12,right_hip,84.742431640625,84.27557945251465,0.999865710735321
310,13,left_knee,87.45290756225586,101.65830612182617,0.9361591339111328
310,14,right_knee,82.2176742553711,103.42283248901367,0.9736688137054443
310,15,left_ankle,87.92719841003418,120.19284248352051,0.9788351058959961
310,16,right_ankle,67.07666873931885,117.43541717529297,0.9850093126296997
311,0,nose,77.20781803131104,51.00261211395264,0.999355137348175
311,1,left_eye,75.85657596588135,49.87103462219238,0.9986791610717773
311,2,right_eye,75.72347164154053,50.621299743652344,0.9993785619735718
311,3,left_ear,75.81999778747559,51.34353160858154,0.9982094764709473
311,4,right_ear,74.9355411529541,52.402801513671875,0.9989644289016724
311,5,left_shoulder,78.34829807281494,57.69600868225098,0.9998456835746765
311,6,right_shoulder,76.99175834655762,59.36386585235596,0.9997190833091736
311,7,left_elbow,88.22610855102539,54.446282386779785,0.41467055678367615
311,8,right_elbow,88.23951721191406,53.71852397918701,0.9840423464775085
311,9,left_wrist,91.33508682250977,44.916367530822754,0.6110005974769592
311,10,right_wrist,92.42472648620605,43.289079666137695,0.9568333029747009
311,11,left_hip,86.53297424316406,83.93545150756836,0.9999753832817078
311,12,right_hip,83.96525382995605,84.1016960144043,0.9998648762702942
311,13,left_knee,87.40630149841309,101.7591667175293,0.9298772215843201
311,14,right_knee,82.42802619934082,102.98100471496582,0.9732903838157654
311,15,left_ankle,87.55459785461426,120.24075508117676,0.9770272970199585
311,16,right_ankle,67.29368686676025,117.43494033813477,0.985196053981781
312,0,nose,77.73067474365234,51.24051094055176,0.9993906617164612
312,1,left_eye,76.25393867492676,50.30035972595215,0.9987743496894836
312,2,right_eye,77.03299522399902,50.64014911651611,0.9994218945503235
312,3,left_ear,75.39953708648682,51.61360740661621,0.9983661770820618
312,4,right_ear,76.36164665222168,52.148847579956055,0.999043881893158
312,5,left_shoulder,75.16634941101074,59.20473575592041,0.9998315572738647
312,6,right_shoulder,80.42348861694336,57.72706985473633,0.9997131824493408
312,7,left_elbow,84.90796089172363,64.93178367614746,0.37635186314582825
312,8,right_elbow,89.05027389526367,48.39301586151123,0.9839839339256287
312,9,left_wrist,87.72172927856445,65.30332088470459,0.5557169914245605
312,10,right_wrist,90.85966110229492,40.827860832214355,0.9505383372306824
312,11,left_hip,85.43976783752441,83.85372161865234,0.9999721050262451
312,12,right_hip,85.21455764770508,83.89296531677246,0.9998677372932434
312,13,left_knee,87.39443778991699,101.86052322387695,0.9237411618232727
312,14,right_knee,83.92362594604492,102.94635772705078,0.9734587669372559
312,15,left_ankle,87.71252632141113,120.34472465515137,0.9764922857284546
312,16,right_ankle,67.885422706604,117.26164817810059,0.9855712056159973
313,0,nose,78.29763889312744,51.01290225982666,0.9994330406188965
313,1,left_eye,76.8007755279541,50.22219657897949,0.9988721013069153
313,2,right_eye,77.4406909942627,50.33768653869629,0.9994679093360901
313,3,left_ear,75.4928970336914,51.36246681213379,0.9985133409500122
313,4,right_ear,77.23747253417969,51.71623706817627,0.999125063419342
313,5,left_shoulder,74.91856575012207,59.194841384887695,0.9998365640640259
313,6,right_shoulder,80.7278823852539,56.995506286621094,0.9997270107269287
313,7,left_elbow,83.38521003723145,64.91958618164062,0.3424888253211975
313,8,right_elbow,90.15413284301758,48.24854850769043,0.9843069314956665
313,9,left_wrist,87.00215339660645,65.12007713317871,0.5083279013633728
313,10,right_wrist,90.84024429321289,40.24470806121826,0.9475119709968567
313,11,left_hip,85.13130187988281,83.82231712341309,0.9999727010726929
313,12,right_hip,85.28882026672363,83.42411994934082,0.9998750686645508
313,13,left_knee,87.8762149810791,101.83134078979492,0.9211784601211548
313,14,right_knee,84.33998107910156,102.86791801452637,0.9736475944519043
313,15,left_ankle,87.84701347351074,120.34452438354492,0.9770021438598633
313,16,right_ankle,68.13488960266113,117.15803146362305,0.986020565032959
314,0,nose,79.21943664550781,50.89216709136963,0.9994081854820251
314,1,left_eye,77.66781806945801,50.40200233459473,0.9988718628883362
314,2,right_eye,79.26998138427734,50.466694831848145,0.9994592666625977
314,3,left_ear,75.8529806137085,51.32385730743408,0.9985942244529724
314,4,right_ear,77.86176204681396,50.873117446899414,0.9991410970687866
314,5,left_shoulder,73.79528045654297,59.16386604309082,0.9997851252555847
314,6,right_shoulder,82.06738471984863,55.097880363464355,0.9996996521949768
314,7,left_elbow,82.71148681640625,63.983449935913086,0.31026792526245117
314,8,right_elbow,90.63460350036621,45.45390605926514,0.9799524545669556
314,9,left_wrist,86.88497543334961,66.66377067565918,0.46115395426750183
314,10,right_wrist,90.17232894897461,40.4251766204834,0.9254282712936401
314,11,left_hip,84.89575386047363,83.76962661743164,0.999967634677887
314,12,right_hip,85.84009170532227,82.7461051940918,0.9998761415481567
314,13,left_knee,87.39248275756836,101.84567451477051,0.9064597487449646
314,14,right_knee,84.98055458068848,102.82739639282227,0.9717522859573364
314,15,left_ankle,87.19563484191895,120.32937049865723,0.9743902087211609
314,16,right_ankle,68.51459503173828,117.08452224731445,0.9858027100563049
315,0,nose,79.54869747161865,50.47610282897949,0.9994409084320068
315,1,left_eye,77.76757717132568,49.91534233093262,0.9989396333694458
315,2,right_eye,78.49745273590088,49.67531204223633,0.9994948506355286
315,3,left_ear,75.81877708435059,51.14184856414795,0.9987048506736755
315,4,right_ear,77.3769998550415,50.83279609680176,0.9992009997367859
315,5,left_shoulder,75.84685325622559,59.07414436340332,0.9997690916061401
315,6,right_shoulder,81.60558700561523,55.91259002685547,0.9996979832649231
315,7,left_elbow,82.58193969726562,62.590999603271484,0.28314974904060364
315,8,right_elbow,90.52865028381348,47.69888877868652,0.9805822968482971
315,9,left_wrist,86.71531677246094,62.56917476654053,0.4229620099067688
315,10,right_wrist,90.00327110290527,41.008973121643066,0.924065351486206
315,11,left_hip,85.36133766174316,83.66727828979492,0.9999667406082153
315,12,right_hip,85.68126678466797,82.82289505004883,0.9998801350593567
315,13,left_knee,87.3909854888916,101.99153900146484,0.8991958498954773
315,14,right_knee,84.85179901123047,102.82824516296387,0.9722577333450317
315,15,left_ankle,87.32110977172852,120.38737297058105,0.9738056659698486
315,16,right_ankle,68.4730052947998,116.94770812988281,0.9860206246376038
316,0,nose,79.32661533355713,50.66703796386719,0.9994728565216064
316,1,left_eye,77.76747226715088,50.05099296569824,0.9990116953849792
316,2,right_eye,78.40016841888428,49.891390800476074,0.9995327591896057
316,3,left_ear,75.86435794830322,51.24802589416504,0.9988158941268921
316,4,right_ear,77.10638999938965,51.06502056121826,0.9992643594741821
316,5,left_shoulder,75.9189224243164,59.0670108795166,0.9997355341911316
316,6,right_shoulder,81.8033218383789,56.43624305725098,0.9996639490127563
316,7,left_elbow,81.61697387695312,60.33761024475098,0.26045718789100647
316,8,right_elbow,90.69887161254883,47.95299530029297,0.97967529296875
316,9,left_wrist,84.5942211151123,61.33432388305664,0.3905447721481323
316,10,right_wrist,89.19109344482422,40.09411811828613,0.9166951179504395
316,11,left_hip,85.36718368530273,83.55123519897461,0.999967098236084
316,12,right_hip,85.65093040466309,82.89022445678711,0.9998856782913208
316,13,left_knee,87.13072776794434,102.09456443786621,0.8901325464248657
316,14,right_knee,85.45990943908691,102.83665657043457,0.9711071252822876
316,15,left_ankle,86.77704811096191,120.40848731994629,0.9711451530456543
316,16,right_ankle,68.87319087982178,116.94625854492188,0.9857648611068726
317,0,nose,79.08421993255615,50.68669319152832,0.9995155334472656
317,1,left_eye,77.51420021057129,50.16763210296631,0.999095618724823
317,2,right_eye,78.19615840911865,50.09532928466797,0.9995747804641724
317,3,left_ear,75.75846672058105,51.31609916687012,0.9989275932312012
317,4,right_ear,77.0278549194336,51.24039649963379,0.9993314146995544
317,5,left_shoulder,74.73719120025635,59.3463134765625,0.999713659286499
317,6,right_shoulder,82.25828170776367,56.61935329437256,0.9996628761291504
317,7,left_elbow,78.7584400177002,60.058794021606445,0.24529507756233215
317,8,right_elbow,90.75952529907227,48.39563846588135,0.9802281856536865
317,9,left_wrist,79.57984924316406,60.03664970397949,0.36789950728416443
317,10,right_wrist,89.43281173706055,40.16186714172363,0.9152952432632446
317,11,left_hip,84.99056816101074,83.55223655700684,0.9999665021896362
317,12,right_hip,86.01957321166992,82.93246269226074,0.9998911023139954
317,13,left_knee,86.86659812927246,102.20763206481934,0.8748653531074524
317,14,right_knee,85.61971664428711,102.91923522949219,0.9712481498718262
317,15,left_ankle,83.28808784484863,120.17725944519043,0.9680721759796143
317,16,right_ankle,69.15115356445312,117.06490516662598,0.9860360622406006
318,0,nose,80.03000259399414,51.30809307098389,0.9995518326759338
318,1,left_eye,78.72965335845947,51.000118255615234,0.9991570711135864
318,2,right_eye,79.00713920593262,51.497230529785156,0.9996095299720764
318,3,left_ear,76.97630882263184,51.74879550933838,0.9990087747573853
318,4,right_ear,77.0350170135498,53.23525905609131,0.9993864297866821
318,5,left_shoulder,77.77121067047119,58.83784770965576,0.9997261166572571
318,6,right_shoulder,80.93422889709473,59.082159996032715,0.9996817708015442
318,7,left_elbow,83.2136344909668,56.38786315917969,0.24677565693855286
318,8,right_elbow,88.31973075866699,52.87974834442139,0.9818593263626099
318,9,left_wrist,85.31274795532227,50.58253765106201,0.3832326829433441
318,10,right_wrist,89.11084175109863,40.51162242889404,0.9220854640007019
318,11,left_hip,86.09228134155273,83.40782165527344,0.9999680519104004
318,12,right_hip,85.61113357543945,83.15978050231934,0.9998961091041565
318,13,left_knee,87.03154563903809,102.01604843139648,0.8789121508598328
318,14,right_knee,85.18383979797363,102.92050361633301,0.9722481966018677
318,15,left_ankle,85.69978713989258,120.15231132507324,0.9686277508735657
318,16,right_ankle,69.24518585205078,116.93120002746582,0.9865119457244873
319,0,nose,80.66240310668945,51.9081974029541,0.9995177984237671
319,1,left_eye,79.58252906799316,51.81139945983887,0.9990618228912354
319,2,right_eye,79.29826259613037,52.284555435180664,0.9996024966239929
319,3,left_ear,77.92062282562256,52.16114044189453,0.998944878578186
319,4,right_ear,76.97829246520996,53.72859001159668,0.9993869662284851
319,5,left_shoulder,79.51757907867432,57.93741226196289,0.9996970891952515
319,6,right_shoulder,78.99122714996338,59.832048416137695,0.9996572136878967
319,7,left_elbow,85.61595916748047,51.23843193054199,0.25246462225914
319,8,right_elbow,86.72204971313477,53.74699592590332,0.9825963973999023
319,9,left_wrist,86.10055923461914,42.846479415893555,0.3965083062648773
319,10,right_wrist,87.2130298614502,40.90775012969971,0.924656093120575
319,11,left_hip,86.99844360351562,83.06096076965332,0.9999667406082153
319,12,right_hip,84.73566055297852,83.17998886108398,0.999893844127655
319,13,left_knee,87.49212265014648,101.94231033325195,0.8776918649673462
319,14,right_knee,84.93526458740234,102.83649444580078,0.9718577861785889
319,15,left_ankle,86.64840698242188,120.0924015045166,0.9671791195869446
319,16,right_ankle,69.12530422210693,116.91614151000977,0.9864740371704102
320,0,nose,80.68181991577148,51.91254138946533,0.9995492696762085
320,1,left_eye,79.1394567489624,51.74086093902588,0.9991315603256226
320,2,right_eye,79.8346471786499,52.2053337097168,0.999631404876709
320,3,left_ear,77.68885612487793,52.16559410095215,0.9990355372428894
320,4,right_ear,79.09842014312744,52.99801826477051,0.9994341731071472
320,5,left_shoulder,75.86414337158203,58.53209972381592,0.9996506571769714
320,6,right_shoulder,82.89689064025879,57.85862445831299,0.9996384978294373
320,7,left_elbow,77.77806282043457,57.52875328063965,0.239911749958992
320,8,right_elbow,87.28311538696289,49.73005294799805,0.9829821586608887
320,9,left_wrist,79.85843658447266,53.113579750061035,0.37743592262268066
320,10,right_wrist,87.6381778717041,40.403032302856445,0.924562394618988
320,11,left_hip,85.21069526672363,83.07536125183105,0.9999638199806213
320,12,right_hip,86.09399795532227,83.1981086730957,0.999896764755249
320,13,left_knee,83.89737129211426,101.5488338470459,0.8550649285316467
320,14,right_knee,85.32659530639648,102.85008430480957,0.9696165323257446
320,15,left_ankle,77.53418922424316,119.31046485900879,0.9607494473457336
320,16,right_ankle,69.64341640472412,117.06315994262695,0.985958456993103
321,0,nose,79.06351566314697,51.62623882293701,0.9995779395103455
321,1,left_eye,77.23224639892578,51.222777366638184,0.9991915225982666
321,2,right_eye,79.16216850280762,51.270713806152344,0.9996577501296997
321,3,left_ear,76.33336544036865,52.161622047424316,0.999116837978363
321,4,right_ear,78.6444616317749,51.98213577270508,0.9994770884513855
321,5,left_shoulder,74.92271423339844,59.40207481384277,0.9995386004447937
321,6,right_shoulder,84.1413688659668,56.518874168395996,0.9996010661125183
321,7,left_elbow,77.716965675354,58.76171588897705,0.2259562462568283
321,8,right_elbow,87.66461372375488,45.85148334503174,0.9816173911094666
321,9,left_wrist,79.85917091369629,55.16934394836426,0.35490894317626953
321,10,right_wrist,86.49125099182129,40.020976066589355,0.9148114919662476
321,11,left_hip,84.09619331359863,83.10636520385742,0.9999606013298035
321,12,right_hip,87.46389389038086,83.16944122314453,0.9998998045921326
321,13,left_knee,84.29658889770508,101.54714584350586,0.8392893075942993
321,14,right_knee,85.52684783935547,102.85628318786621,0.9701212048530579
321,15,left_ankle,79.5391321182251,119.08998489379883,0.9578226804733276
321,16,right_ankle,69.8064661026001,117.10940361022949,0.9860252141952515
322,0,nose,78.80175113677979,51.62722587585449,0.9995992183685303
322,1,left_eye,76.87061309814453,51.22241020202637,0.9992333650588989
322,2,right_eye,79.03645992279053,51.13361358642578,0.99967360496521
322,3,left_ear,76.26382350921631,52.1657657623291,0.9991814494132996
322,4,right_ear,78.6377477645874,51.901488304138184,0.999505341053009
322,5,left_shoulder,74.59070682525635,59.383254051208496,0.9995121955871582
322,6,right_shoulder,84.67953681945801,56.01244926452637,0.9995640516281128
322,7,left_elbow,77.90231227874756,59.42159175872803,0.21351182460784912
322,8,right_elbow,87.57683753967285,45.58703422546387,0.9811158776283264
322,9,left_wrist,80.38620948791504,56.40328884124756,0.33470413088798523
322,10,right_wrist,86.40666961669922,39.26610231399536,0.9113886952400208
322,11,left_hip,83.85876655578613,82.70793914794922,0.9999586343765259
322,12,right_hip,87.15474128723145,82.70333290100098,0.9998983144760132
322,13,left_knee,84.60023880004883,101.47825241088867,0.8393735885620117
322,14,right_knee,85.36477088928223,102.60259628295898,0.9703683853149414
322,15,left_ankle,85.17943382263184,119.13138389587402,0.958748996257782
322,16,right_ankle,70.11624336242676,116.98328018188477,0.9860822558403015
323,0,nose,78.90079498291016,51.90535068511963,0.9996338486671448
323,1,left_eye,77.28762626647949,51.26602649688721,0.999300479888916
323,2,right_eye,78.95801544189453,51.24611854553223,0.9997028708457947
323,3,left_ear,76.30096435546875,52.39529609680176,0.99925696849823
323,4,right_ear,78.34032535552979,52.8395414352417,0.9995500445365906
323,5,left_shoulder,77.73673057556152,59.759225845336914,0.999542772769928
323,6,right_shoulder,84.07963752746582,56.93710803985596,0.999592125415802
323,7,left_elbow,78.70745182037354,60.459160804748535,0.20424212515354156
323,8,right_elbow,87.70689010620117,47.5577974319458,0.9826527833938599
323,9,left_wrist,80.47417640686035,57.13289737701416,0.3230191767215729
323,10,right_wrist,86.81607246398926,39.51231002807617,0.9179523587226868
323,11,left_hip,84.28811073303223,82.73571968078613,0.9999604225158691
323,12,right_hip,86.35467529296875,82.7238941192627,0.9999026656150818
323,13,left_knee,85.02152442932129,101.40206336975098,0.8437301516532898
323,14,right_knee,85.2521800994873,102.61044502258301,0.9712734818458557
323,15,left_ankle,85.68157196044922,119.44175720214844,0.9599964618682861
323,16,right_ankle,70.22054195404053,116.8050479888916,0.9862198233604431
324,0,nose,79.3024206161499,52.476797103881836,0.9996086359024048
324,1,left_eye,77.40982055664062,51.647067070007324,0.9992499947547913
324,2,right_eye,79.39473152160645,51.34219169616699,0.9996808767318726
324,3,left_ear,76.32021427154541,52.6425838470459,0.999232292175293
324,4,right_ear,79.41201210021973,53.20611000061035,0.9995277523994446
324,5,left_shoulder,77.51187801361084,59.727864265441895,0.9994444251060486
324,6,right_shoulder,84.7182846069336,56.73403263092041,0.9995050430297852
324,7,left_elbow,72.92859554290771,56.26461982727051,0.25431081652641296
324,8,right_elbow,87.3406982421875,46.95061683654785,0.9828819632530212
324,9,left_wrist,71.14776611328125,49.6115779876709,0.37214839458465576
324,10,right_wrist,85.39949417114258,39.719111919403076,0.9186456203460693
324,11,left_hip,83.92660140991211,82.69410133361816,0.9999510645866394
324,12,right_hip,86.36444091796875,82.61541366577148,0.9998894333839417
324,13,left_knee,84.92249488830566,101.21033668518066,0.8294335603713989
324,14,right_knee,85.51740646362305,102.46194839477539,0.971278965473175
324,15,left_ankle,80.68044662475586,119.39372062683105,0.9576985836029053
324,16,right_ankle,70.55298805236816,117.01970100402832,0.9860068559646606
325,0,nose,79.33114051818848,52.50603675842285,0.9996355772018433
325,1,left_eye,77.45463371276855,51.796913146972656,0.9992894530296326
325,2,right_eye,79.26151275634766,51.80919647216797,0.9997021555900574
325,3,left_ear,76.56125068664551,52.87280559539795,0.9992773532867432
325,4,right_ear,79.12701606750488,53.586931228637695,0.9995608925819397
325,5,left_shoulder,78.52681636810303,59.697794914245605,0.999444305896759
325,6,right_shoulder,84.60314750671387,57.31367111206055,0.9995246529579163
325,7,left_elbow,77.63315677642822,53.89440059661865,0.2599406838417053
325,8,right_elbow,87.46477127075195,49.004597663879395,0.9839106202125549
325,9,left_wrist,77.02410221099854,44.56316947937012,0.3917555809020996
325,10,right_wrist,85.41977882385254,39.928176403045654,0.923427939414978
325,11,left_hip,84.11202430725098,82.66515731811523,0.9999495148658752
325,12,right_hip,85.56509971618652,82.6448917388916,0.9998878836631775
325,13,left_knee,85.59470176696777,101.18660926818848,0.8276607990264893
325,14,right_knee,85.45530319213867,102.43185043334961,0.9724254012107849
325,15,left_ankle,86.37710571289062,119.88898277282715,0.9575793743133545
325,16,right_ankle,70.42360782623291,117.16934204101562,0.9861621856689453
326,0,nose,79.56679344177246,52.220354080200195,0.999619722366333
326,1,left_eye,78.25965881347656,51.48442268371582,0.9991961121559143
326,2,right_eye,79.05991554260254,51.71497821807861,0.9996892213821411
326,3,left_ear,77.77091979980469,52.44302749633789,0.9991822242736816
326,4,right_ear,78.17036628723145,53.433542251586914,0.9995602965354919
326,5,left_shoulder,81.72870635986328,58.34156513214111,0.9993330240249634
326,6,right_shoulder,79.09494876861572,57.64081954956055,0.999501645565033
326,7,left_elbow,83.75631332397461,47.646727561950684,0.27215859293937683
326,8,right_elbow,80.82033157348633,51.318602561950684,0.9847334027290344
326,9,left_wrist,80.67505836486816,40.58711051940918,0.40994301438331604
326,10,right_wrist,81.7274284362793,41.63432598114014,0.9267099499702454
326,11,left_hip,85.93792915344238,82.31012344360352,0.9999417066574097
326,12,right_hip,84.93197441101074,82.6578426361084,0.9998767971992493
326,13,left_knee,86.74001693725586,100.88733673095703,0.8280068039894104
326,14,right_knee,85.20406723022461,102.2901725769043,0.9733061194419861
326,15,left_ankle,87.67667770385742,120.10828018188477,0.957388699054718
326,16,right_ankle,70.39442539215088,117.17049598693848,0.9864268898963928
327,0,nose,79.62336540222168,52.21315860748291,0.9996073246002197
327,1,left_eye,78.24784278869629,51.44418716430664,0.9991531372070312
327,2,right_eye,79.02295589447021,51.710710525512695,0.9996776580810547
327,3,left_ear,77.59775638580322,52.416348457336426,0.9991653561592102
327,4,right_ear,78.5153865814209,53.41165542602539,0.9995437264442444
327,5,left_shoulder,79.91469383239746,58.40184688568115,0.9992303252220154
327,6,right_shoulder,81.88749313354492,57.58087635040283,0.9994167685508728
327,7,left_elbow,78.09622287750244,51.20421886444092,0.2643556296825409
327,8,right_elbow,83.38113784790039,50.608224868774414,0.9835046529769897
327,9,left_wrist,78.85638236999512,43.4703254699707,0.40956878662109375
327,10,right_wrist,82.49765396118164,40.87010860443115,0.9225031733512878
327,11,left_hip,85.02877235412598,82.3386001586914,0.9999373555183411
327,12,right_hip,84.96943473815918,82.67280578613281,0.9998689889907837
327,13,left_knee,86.68218612670898,100.8732795715332,0.8155691623687744
327,14,right_knee,85.16620635986328,102.29707717895508,0.9723381400108337
327,15,left_ankle,87.28658676147461,120.14036178588867,0.9547526836395264
327,16,right_ankle,70.33864498138428,117.78241157531738,0.9856035709381104
328,0,nose,79.62838649749756,51.94994926452637,0.9996128082275391
328,1,left_eye,78.20964813232422,51.119818687438965,0.9991396069526672
328,2,right_eye,78.97950649261475,51.46273136138916,0.9996781945228577
328,3,left_ear,77.4627161026001,52.09873676300049,0.9991618990898132
328,4,right_ear,78.57232093811035,53.058180809020996,0.9995474219322205
328,5,left_shoulder,79.57144260406494,58.21393013000488,0.9991241693496704
328,6,right_shoulder,82.91865348815918,56.800971031188965,0.9993715882301331
328,7,left_elbow,76.69352531433105,51.08136177062988,0.26582071185112
328,8,right_elbow,84.52762603759766,49.30598258972168,0.9827699065208435
328,9,left_wrist,77.86338806152344,42.77821063995361,0.4164070188999176
328,10,right_wrist,82.32648849487305,40.595712661743164,0.9168274402618408
328,11,left_hip,84.89166259765625,82.3344898223877,0.9999334216117859
328,12,right_hip,85.00040054321289,82.59201049804688,0.9998642206192017
328,13,left_knee,86.67544364929199,100.87295532226562,0.8062578439712524
328,14,right_knee,85.20780563354492,102.26072311401367,0.9728092551231384
328,15,left_ankle,87.76771545410156,120.4758071899414,0.9539363384246826
328,16,right_ankle,70.27525901794434,117.95110702514648,0.9854593276977539
329,0,nose,80.92796325683594,49.953627586364746,0.9994277358055115
329,1,left_eye,79.15692806243896,48.85465621948242,0.9986996650695801
329,2,right_eye,80.31171798706055,49.0360164642334,0.9994825720787048
329,3,left_ear,77.76442527770996,49.86632823944092,0.9985523223876953
329,4,right_ear,79.90464210510254,50.331997871398926,0.9992465972900391
329,5,left_shoulder,78.82766723632812,57.58645534515381,0.9987226724624634
329,6,right_shoulder,83.12414169311523,55.492048263549805,0.9991986155509949
329,7,left_elbow,73.48312377929688,55.10563850402832,0.24878637492656708
329,8,right_elbow,84.5216178894043,49.47672367095947,0.976648211479187
329,9,left_wrist,74.82683658599854,48.11476707458496,0.3951245844364166
329,10,right_wrist,81.3100814819336,41.15241527557373,0.8980334997177124
329,11,left_hip,84.82629776000977,82.27474212646484,0.9999188780784607
329,12,right_hip,85.02573013305664,81.54723167419434,0.999852180480957
329,13,left_knee,86.71125411987305,100.61656951904297,0.7933946251869202
329,14,right_knee,85.19278526306152,101.67279243469238,0.9712550640106201
329,15,left_ankle,87.89926528930664,120.57314872741699,0.9525222778320312
329,16,right_ankle,70.23694038391113,117.92854309082031,0.9845446348190308
330,0,nose,81.2460708618164,49.91039752960205,0.9993923306465149
330,1,left_eye,79.2398738861084,48.84364128112793,0.9986398220062256
330,2,right_eye,80.50907135009766,48.98510456085205,0.9994634985923767
330,3,left_ear,77.65096187591553,49.85719680786133,0.9985062479972839
330,4,right_ear,80.0322151184082,50.24152755737305,0.999225378036499
330,5,left_shoulder,77.70811557769775,57.620482444763184,0.9986133575439453
330,6,right_shoulder,83.13980102539062,55.394792556762695,0.9991646409034729
330,7,left_elbow,73.15075874328613,55.8242130279541,0.23370467126369476
330,8,right_elbow,84.26220893859863,48.844666481018066,0.9750162363052368
330,9,left_wrist,75.27585506439209,48.165388107299805,0.3791328966617584
330,10,right_wrist,81.89970016479492,41.28119945526123,0.8910704851150513
330,11,left_hip,84.49309349060059,82.28777885437012,0.9999145269393921
330,12,right_hip,85.04186630249023,81.08412742614746,0.999850869178772
330,13,left_knee,86.62616729736328,100.45318603515625,0.7733702659606934
330,14,right_knee,85.35606384277344,101.6164779663086,0.9690215587615967
330,15,left_ankle,84.04901504516602,120.14171600341797,0.9477753639221191
330,16,right_ankle,71.0934591293335,118.75112533569336,0.9835284948348999
331,0,nose,82.39201545715332,50.078678131103516,0.9992125630378723
331,1,left_eye,81.12096786499023,48.90746593475342,0.9981517791748047
331,2,right_eye,80.9170150756836,49.07060146331787,0.9993357062339783
331,3,left_ear,79.94303226470947,49.69212532043457,0.9979284405708313
331,4,right_ear,79.86092567443848,50.14296054840088,0.9991112351417542
331,5,left_shoulder,81.82877540588379,57.26914405822754,0.9983254075050354
331,6,right_shoulder,79.72696781158447,55.5681037902832,0.9991068243980408
331,7,left_elbow,81.31590843200684,54.210710525512695,0.22023974359035492
331,8,right_elbow,77.92546272277832,50.01059532165527,0.9742186069488525
331,9,left_wrist,82.37911224365234,47.0711612701416,0.3575557470321655
331,10,right_wrist,78.30543518066406,43.448848724365234,0.8789854645729065
331,11,left_hip,86.11498832702637,81.96438789367676,0.9998916983604431
331,12,right_hip,84.51022148132324,81.2299919128418,0.9998175501823425
331,13,left_knee,87.37836837768555,100.43642044067383,0.7711459994316101
331,14,right_knee,85.19247055053711,101.73105239868164,0.9683321118354797
331,15,left_ankle,86.71281814575195,120.40691375732422,0.9479851126670837
331,16,right_ankle,70.69512844085693,118.67796897888184,0.9837384223937988
332,0,nose,82.60140419006348,48.65769386291504,0.9991157054901123
332,1,left_eye,81.45627975463867,48.05065155029297,0.9978850483894348
332,2,right_eye,81.5463638305664,48.22976112365723,0.9992529153823853
332,3,left_ear,79.94223117828369,48.75444412231445,0.9975352883338928
332,4,right_ear,80.25819778442383,49.227261543273926,0.9990388751029968
332,5,left_shoulder,80.76287269592285,56.73218250274658,0.9981021881103516
332,6,right_shoulder,80.26053428649902,55.109543800354004,0.9990938305854797
332,7,left_elbow,80.12523651123047,54.51817989349365,0.20300352573394775
332,8,right_elbow,78.96275997161865,50.05209922790527,0.9740176796913147
332,9,left_wrist,80.21865844726562,47.82069206237793,0.3314305543899536
332,10,right_wrist,78.41724395751953,43.49788188934326,0.873539388179779
332,11,left_hip,86.36636734008789,81.76722526550293,0.9998776316642761
332,12,right_hip,84.49464797973633,80.78326225280762,0.9998067021369934
332,13,left_knee,87.87110328674316,100.38908958435059,0.7652269601821899
332,14,right_knee,85.29541969299316,101.60560607910156,0.9671856164932251
332,15,left_ankle,87.56167411804199,120.44939041137695,0.9465219378471375
332,16,right_ankle,70.68309783935547,118.64187240600586,0.9834972023963928
333,0,nose,82.84762382507324,48.682684898376465,0.9989002346992493
333,1,left_eye,81.60604476928711,47.61185646057129,0.9973939061164856
333,2,right_eye,81.43125534057617,47.76082992553711,0.9991228580474854
333,3,left_ear,80.10945320129395,48.356404304504395,0.9969889521598816
333,4,right_ear,80.12429237365723,48.78040790557861,0.9989166855812073
333,5,left_shoulder,81.34774208068848,56.5041446685791,0.9978015422821045
333,6,right_shoulder,78.62835884094238,55.239481925964355,0.9990822672843933
333,7,left_elbow,79.69708919525146,54.60041522979736,0.18652817606925964
333,8,right_elbow,75.27796745300293,51.74435615539551,0.9732763171195984
333,9,left_wrist,80.26688575744629,48.79470348358154,0.30557796359062195
333,10,right_wrist,74.3295431137085,45.140886306762695,0.8667415976524353
333,11,left_hip,86.77008628845215,81.75460815429688,0.9998557567596436
333,12,right_hip,83.94609451293945,80.92385292053223,0.9997937679290771
333,13,left_knee,87.85393714904785,100.16096115112305,0.762675404548645
333,14,right_knee,85.26960372924805,101.56988143920898,0.9670503735542297
333,15,left_ankle,87.66691207885742,120.4537582397461,0.9457325339317322
333,16,right_ankle,70.44629096984863,118.5420036315918,0.9839649796485901
334,0,nose,83.0889892578125,49.022698402404785,0.9988747239112854
334,1,left_eye,81.99718475341797,47.92483329772949,0.9973134398460388
334,2,right_eye,81.53709411621094,48.0068302154541,0.9991248846054077
334,3,left_ear,80.5842113494873,48.66461753845215,0.9968942999839783
334,4,right_ear,80.02760887145996,49.183244705200195,0.9989445209503174
334,5,left_shoulder,81.6957950592041,56.15765571594238,0.9978426098823547
334,6,right_shoulder,77.85000801086426,55.769033432006836,0.9991371631622314
334,7,left_elbow,79.66596126556396,53.665432929992676,0.1781967133283615
334,8,right_elbow,73.53487968444824,53.227176666259766,0.9735696911811829
334,9,left_wrist,80.1190185546875,47.81012535095215,0.28877753019332886
334,10,right_wrist,72.90511131286621,48.044466972351074,0.8591991662979126
334,11,left_hip,86.97877883911133,81.42370223999023,0.9998520612716675
334,12,right_hip,83.60762596130371,81.00344657897949,0.9997943639755249
334,13,left_knee,87.83015251159668,100.03134727478027,0.7619967460632324
334,14,right_knee,85.17117500305176,101.55112266540527,0.9653292894363403
334,15,left_ankle,87.61994361877441,120.47237396240234,0.9448830485343933
334,16,right_ankle,70.35054683685303,118.42916488647461,0.9838035106658936
335,0,nose,82.84551620483398,48.96897315979004,0.9987159371376038
335,1,left_eye,81.64859771728516,47.556161880493164,0.9969939589500427
335,2,right_eye,81.41544342041016,47.56092071533203,0.9989497065544128
335,3,left_ear,80.23303031921387,48.006324768066406,0.9963489174842834
335,4,right_ear,79.97197151184082,48.1630802154541,0.9987016320228577
335,5,left_shoulder,81.17578506469727,56.08658313751221,0.9975871443748474
335,6,right_shoulder,78.4677791595459,54.542741775512695,0.99910968542099
335,7,left_elbow,79.52080726623535,60.290141105651855,0.16441833972930908
335,8,right_elbow,75.58607578277588,53.96493434906006,0.968407154083252
335,9,left_wrist,80.0147533416748,59.280972480773926,0.2657626271247864
335,10,right_wrist,74.02398109436035,49.80778694152832,0.8391469717025757
335,11,left_hip,86.8174934387207,80.85306167602539,0.9998192191123962
335,12,right_hip,83.65761756896973,80.08026123046875,0.9997729659080505
335,13,left_knee,87.79401779174805,99.66577529907227,0.7565650939941406
335,14,right_knee,85.07859230041504,100.6893253326416,0.9642332792282104
335,15,left_ankle,87.0450496673584,120.13890266418457,0.942456066608429
335,16,right_ankle,70.372314453125,118.06219100952148,0.9835741519927979
336,0,nose,83.19985389709473,49.010043144226074,0.9986711144447327
336,1,left_eye,81.71385765075684,47.758402824401855,0.9968850612640381
336,2,right_eye,81.78239822387695,47.6406192779541,0.9989106059074402
336,3,left_ear,80.13285636901855,48.30521583557129,0.9961917400360107
336,4,right_ear,80.3212833404541,48.39371681213379,0.9986744523048401
336,5,left_shoulder,80.87560653686523,55.980868339538574,0.9974215030670166
336,6,right_shoulder,78.96967887878418,54.6746301651001,0.9990803599357605
336,7,left_elbow,77.3589038848877,59.009599685668945,0.15270957350730896
336,8,right_elbow,76.98211669921875,53.76436233520508,0.9681954383850098
336,9,left_wrist,77.35036373138428,56.06415271759033,0.24826045334339142
336,10,right_wrist,75.07677555084229,48.95041465759277,0.8369432687759399
336,11,left_hip,86.71479225158691,80.58638572692871,0.9998078942298889
336,12,right_hip,84.0766716003418,80.16891479492188,0.9997607469558716
336,13,left_knee,87.82430648803711,98.82245063781738,0.7575090527534485
336,14,right_knee,85.29253005981445,100.56376457214355,0.9647733569145203
336,15,left_ankle,87.57600784301758,119.8361587524414,0.9429007172584534
336,16,right_ankle,70.41474342346191,118.01687240600586,0.9836157560348511
337,0,nose,83.21683883666992,50.48961162567139,0.9978647828102112
337,1,left_eye,81.67577743530273,49.43751335144043,0.9951002597808838
337,2,right_eye,81.69195175170898,48.9626407623291,0.9981968402862549
337,3,left_ear,80.76897621154785,48.919782638549805,0.9934966564178467
337,4,right_ear,80.26935577392578,49.49358940124512,0.9978882074356079
337,5,left_shoulder,82.71702766418457,56.12759590148926,0.9967325925827026
337,6,right_shoulder,78.50356101989746,55.96935272216797,0.9988096952438354
337,7,left_elbow,80.54804801940918,58.68105888366699,0.14411158859729767
337,8,right_elbow,75.85030555725098,53.207454681396484,0.9650969505310059
337,9,left_wrist,80.26444435119629,53.74627113342285,0.2319784015417099
337,10,right_wrist,75.46356201171875,47.916975021362305,0.8171833157539368
337,11,left_hip,87.47259140014648,80.89048385620117,0.9997624754905701
337,12,right_hip,83.88202667236328,80.87215423583984,0.9997018575668335
337,13,left_knee,87.82011032104492,98.9250373840332,0.7604998350143433
337,14,right_knee,84.7701358795166,100.6724739074707,0.9637312889099121
337,15,left_ankle,87.51317024230957,119.82992172241211,0.9437709450721741
337,16,right_ankle,70.36923885345459,117.96314239501953,0.9833217859268188
338,0,nose,81.25127792358398,53.18659782409668,0.9979656338691711
338,1,left_eye,81.56164169311523,50.17726421356201,0.9954349398612976
338,2,right_eye,78.81158351898193,50.84739685058594,0.9983052611351013
338,3,left_ear,81.69156074523926,49.61918354034424,0.9939567446708679
338,4,right_ear,78.38930606842041,51.20357036590576,0.998031735420227
338,5,left_shoulder,84.27602767944336,56.19133949279785,0.9966192245483398
338,6,right_shoulder,77.09175109863281,57.12897300720215,0.9988123774528503
338,7,left_elbow,81.64995193481445,57.66705513000488,0.1386897712945938
338,8,right_elbow,73.38961601257324,53.412089347839355,0.9569918513298035
338,9,left_wrist,81.1088752746582,53.1752347946167,0.21489238739013672
338,10,right_wrist,74.82880592346191,47.85222053527832,0.7705318331718445
338,11,left_hip,87.82917976379395,80.9233283996582,0.9997673034667969
338,12,right_hip,83.03834915161133,80.75419425964355,0.9997068047523499
338,13,left_knee,87.80893325805664,99.25759315490723,0.7674034833908081
338,14,right_knee,84.44718360900879,100.68292617797852,0.9621440172195435
338,15,left_ankle,87.49597549438477,119.83719825744629,0.9445292949676514
338,16,right_ankle,70.35691261291504,117.66587257385254,0.983041524887085
339,0,nose,81.17728233337402,49.26047325134277,0.997667670249939
339,1,left_eye,81.38764381408691,47.2286319732666,0.9945564866065979
339,2,right_eye,79.13977146148682,47.475647926330566,0.9980587959289551
339,3,left_ear,81.38427734375,47.27562427520752,0.9921924471855164
339,4,right_ear,78.41772556304932,47.881784439086914,0.9976964592933655
339,5,left_shoulder,83.71720314025879,55.09665489196777,0.9965713024139404
339,6,right_shoulder,76.74191474914551,55.2125883102417,0.9988688826560974
339,7,left_elbow,81.79208755493164,60.590410232543945,0.13666532933712006
339,8,right_elbow,73.31888675689697,59.83492374420166,0.9472089409828186
339,9,left_wrist,79.90055084228516,59.200501441955566,0.2181272804737091
339,10,right_wrist,70.39873600006104,60.72662353515625,0.7625609636306763
339,11,left_hip,87.72489547729492,80.29471397399902,0.9997648596763611
339,12,right_hip,83.01080703735352,80.52835464477539,0.9997082352638245
339,13,left_knee,87.81023025512695,99.23174858093262,0.7740755081176758
339,14,right_knee,84.45517539978027,100.75152397155762,0.96249920129776
339,15,left_ankle,87.72686004638672,119.89934921264648,0.9463678002357483
339,16,right_ankle,70.2391529083252,117.55401611328125,0.9836621284484863
340,0,nose,81.0359001159668,49.37583923339844,0.9976165890693665
340,1,left_eye,80.86780548095703,47.45720863342285,0.9944255352020264
340,2,right_eye,79.11555290222168,47.723708152770996,0.998027503490448
340,3,left_ear,80.7948112487793,47.5197696685791,0.9921055436134338
340,4,right_ear,78.0001449584961,48.19316864013672,0.9976804852485657
340,5,left_shoulder,83.25593948364258,55.198774337768555,0.9966847896575928
340,6,right_shoulder,76.72401428222656,54.72602367401123,0.9989205598831177
340,7,left_elbow,82.74290084838867,59.65085506439209,0.1297527402639389
340,8,right_elbow,74.34490203857422,58.72172832489014,0.9483048319816589
340,9,left_wrist,80.33292770385742,58.803701400756836,0.20448949933052063
340,10,right_wrist,70.74455261230469,55.238423347473145,0.7561109066009521
340,11,left_hip,87.66708374023438,80.05584716796875,0.9997616410255432
340,12,right_hip,82.97491073608398,79.94098663330078,0.9997044205665588
340,13,left_knee,87.97553062438965,99.26652908325195,0.780795156955719
340,14,right_knee,84.4593620300293,100.74548721313477,0.9631039500236511
340,15,left_ankle,87.76030540466309,119.99889373779297,0.9485856890678406
340,16,right_ankle,70.21016120910645,117.55751609802246,0.9842576384544373
341,0,nose,81.09212875366211,47.91104793548584,0.9975202679634094
341,1,left_eye,80.86063385009766,46.114935874938965,0.9942501783370972
341,2,right_eye,79.24884796142578,46.344242095947266,0.9979835152626038
341,3,left_ear,80.67140579223633,46.39636516571045,0.9918359518051147
341,4,right_ear,77.94391632080078,46.98293685913086,0.9975988268852234
341,5,left_shoulder,83.35281372070312,54.87942695617676,0.9967142343521118
341,6,right_shoulder,76.58573150634766,53.66559028625488,0.9989656209945679
341,7,left_elbow,84.21436309814453,61.303205490112305,0.12092965841293335
341,8,right_elbow,75.01705169677734,56.756510734558105,0.9488471746444702
341,9,left_wrist,82.05469131469727,63.958377838134766,0.19210046529769897
341,10,right_wrist,72.42714881896973,53.97841453552246,0.7591560482978821
341,11,left_hip,87.51755714416504,79.87081050872803,0.9997694492340088
341,12,right_hip,83.01115036010742,79.67726230621338,0.9997150301933289
341,13,left_knee,87.94748306274414,99.29244041442871,0.7833361625671387
341,14,right_knee,84.19675827026367,100.77811241149902,0.9628406167030334
341,15,left_ankle,87.7631664276123,119.99937057495117,0.9498664736747742
341,16,right_ankle,69.97427463531494,117.70463943481445,0.9848718047142029
342,0,nose,81.82188987731934,50.52937984466553,0.9975231289863586
342,1,left_eye,81.35519981384277,48.879666328430176,0.9943289160728455
342,2,right_eye,79.8351001739502,49.51462745666504,0.9980353116989136
342,3,left_ear,81.14706039428711,49.251389503479004,0.9919594526290894
342,4,right_ear,78.47524166107178,50.57818412780762,0.9976515173912048
342,5,left_shoulder,84.30171966552734,56.600332260131836,0.9968040585517883
342,6,right_shoulder,77.51039981842041,57.109785079956055,0.9989762902259827
342,7,left_elbow,83.58565330505371,61.05185031890869,0.11555516719818115
342,8,right_elbow,77.57589817047119,56.51102066040039,0.949224591255188
342,9,left_wrist,82.43699073791504,56.42890930175781,0.18617479503154755
342,10,right_wrist,76.93735599517822,52.5181770324707,0.7588238716125488
342,11,left_hip,88.12417984008789,81.91309928894043,0.9997807741165161
342,12,right_hip,83.2230281829834,81.10509872436523,0.9997193813323975
342,13,left_knee,87.92726516723633,99.93745803833008,0.7885496020317078
342,14,right_knee,83.90820503234863,101.45074844360352,0.9614630341529846
342,15,left_ankle,87.79718399047852,120.04270553588867,0.9505433440208435
342,16,right_ankle,69.78613376617432,117.72178649902344,0.9841511249542236
343,0,nose,81.23868942260742,49.1428804397583,0.9975649118423462
343,1,left_eye,80.66617965698242,47.724246978759766,0.9944551587104797
343,2,right_eye,79.45122718811035,48.22827339172363,0.9980964660644531
343,3,left_ear,80.69868087768555,48.26498508453369,0.99211186170578
343,4,right_ear,78.31362247467041,49.3605899810791,0.9977052807807922
343,5,left_shoulder,84.09459114074707,56.261820793151855,0.9969823956489563
343,6,right_shoulder,77.59809017181396,56.02871894836426,0.9990388751029968
343,7,left_elbow,85.26433944702148,61.68625831604004,0.10765508562326431
343,8,right_elbow,78.76982688903809,58.077287673950195,0.9496543407440186
343,9,left_wrist,84.53915596008301,61.61717891693115,0.17455685138702393
343,10,right_wrist,78.54609489440918,55.0211238861084,0.7619243860244751
343,11,left_hip,88.10052871704102,81.34710311889648,0.9997934699058533
343,12,right_hip,83.33699226379395,81.09640121459961,0.9997352957725525
343,13,left_knee,87.98349380493164,99.9125862121582,0.7929410934448242
343,14,right_knee,84.00382995605469,101.22447967529297,0.9622540473937988
343,15,left_ankle,87.8512954711914,120.07513999938965,0.9522683620452881
343,16,right_ankle,69.7318172454834,117.73107528686523,0.9846619367599487
344,0,nose,81.55694961547852,49.15999889373779,0.997617781162262
344,1,left_eye,80.95178604125977,47.835693359375,0.994533121585846
344,2,right_eye,79.80635166168213,48.30214977264404,0.9981843829154968
344,3,left_ear,80.87056159973145,48.45308780670166,0.9923306107521057
344,4,right_ear,78.67218017578125,49.44777488708496,0.9978199601173401
344,5,left_shoulder,84.35250282287598,56.30476951599121,0.9971542954444885
344,6,right_shoulder,77.82827854156494,56.16386890411377,0.9991045594215393
344,7,left_elbow,84.58017349243164,58.074493408203125,0.10473381727933884
344,8,right_elbow,78.78572940826416,58.233065605163574,0.9516228437423706
344,9,left_wrist,83.68207931518555,53.14883232116699,0.17633891105651855
344,10,right_wrist,78.83689880371094,55.130300521850586,0.7720392942428589
344,11,left_hip,87.94245719909668,81.36008262634277,0.9998067617416382
344,12,right_hip,83.42279434204102,81.1225700378418,0.9997490644454956
344,13,left_knee,87.98502922058105,100.13193130493164,0.7953550815582275
344,14,right_knee,83.99893760681152,101.50155067443848,0.962623119354248
344,15,left_ankle,87.83744812011719,120.09114265441895,0.9531916975975037
344,16,right_ankle,69.5556116104126,117.75773048400879,0.9851318001747131
345,0,nose,81.55019760131836,53.69124412536621,0.9977099299430847
345,1,left_eye,81.47923469543457,51.899375915527344,0.9946792125701904
345,2,right_eye,79.86676216125488,52.54229545593262,0.9982548952102661
345,3,left_ear,81.57967567443848,51.22161865234375,0.9925187826156616
345,4,right_ear,78.88325691223145,52.5118350982666,0.9979180693626404
345,5,left_shoulder,85.24876594543457,57.893290519714355,0.997259259223938
345,6,right_shoulder,77.89068698883057,58.5341739654541,0.9991461634635925
345,7,left_elbow,84.09902572631836,56.10861778259277,0.11384518444538116
345,8,right_elbow,78.56626033782959,57.70187854766846,0.9536588788032532
345,9,left_wrist,81.00828170776367,48.42151641845703,0.1874336302280426
345,10,right_wrist,78.4479284286499,54.817166328430176,0.7762958407402039
345,11,left_hip,87.84988403320312,81.66902542114258,0.9998086094856262
345,12,right_hip,83.47845077514648,81.5018367767334,0.9997493028640747
345,13,left_knee,88.01772117614746,100.83512306213379,0.7987944483757019
345,14,right_knee,83.84081840515137,102.06926345825195,0.9622899889945984
345,15,left_ankle,87.88151741027832,120.1632308959961,0.9536303281784058
345,16,right_ankle,69.41081047058105,117.76723861694336,0.9845693111419678
346,0,nose,81.48393630981445,53.61471176147461,0.9979008436203003
346,1,left_eye,81.24950408935547,51.38043403625488,0.9951065182685852
346,2,right_eye,79.74827766418457,51.89064979553223,0.9984106421470642
346,3,left_ear,80.99812507629395,51.12855911254883,0.9931474328041077
346,4,right_ear,78.74187469482422,51.857876777648926,0.9981048703193665
346,5,left_shoulder,84.93908882141113,57.66651153564453,0.9974596500396729
346,6,right_shoulder,77.91659355163574,58.06710720062256,0.9992192983627319
346,7,left_elbow,84.02861595153809,55.812978744506836,0.11573893576860428
346,8,right_elbow,77.54485130310059,59.09351348876953,0.9567596316337585
346,9,left_wrist,81.02083206176758,49.42556858062744,0.19774581491947174
346,10,right_wrist,78.24954032897949,54.99105453491211,0.7898543477058411
346,11,left_hip,87.82224655151367,81.8464469909668,0.9998234510421753
346,12,right_hip,83.58926773071289,81.72231674194336,0.9997687935829163
346,13,left_knee,88.06047439575195,100.82945823669434,0.7995250821113586
346,14,right_knee,84.15412902832031,102.06246376037598,0.9635860919952393
346,15,left_ankle,87.86482810974121,120.33767700195312,0.9544633030891418
346,16,right_ankle,69.3259334564209,117.79336929321289,0.9854897856712341
347,0,nose,82.10445404052734,53.49038124084473,0.9980382919311523
347,1,left_eye,81.60929679870605,50.81712245941162,0.9953719973564148
347,2,right_eye,80.34141540527344,51.33651256561279,0.9985204935073853
347,3,left_ear,81.09659194946289,50.68549156188965,0.9935770034790039
347,4,right_ear,79.15602207183838,51.52101516723633,0.9982449412345886
347,5,left_shoulder,84.7177791595459,57.53690242767334,0.9975930452346802
347,6,right_shoulder,78.28348636627197,57.84346103668213,0.9992713332176208
347,7,left_elbow,83.86709213256836,53.40010643005371,0.12339054048061371
347,8,right_elbow,76.92014217376709,56.1114501953125,0.9598095417022705
347,9,left_wrist,79.12588596343994,45.8721923828125,0.21040078997612
347,10,right_wrist,77.31860160827637,50.52845478057861,0.8006636500358582
347,11,left_hip,87.76871681213379,81.8838119506836,0.9998297095298767
347,12,right_hip,83.64354133605957,81.6788387298584,0.9997785687446594
347,13,left_knee,88.00097465515137,100.84980010986328,0.7961676716804504
347,14,right_knee,84.42207336425781,102.03718185424805,0.9644930958747864
347,15,left_ankle,87.8547477722168,120.33585548400879,0.953353226184845
347,16,right_ankle,69.42946434020996,117.77829170227051,0.9859079122543335
348,0,nose,82.29729652404785,53.08692455291748,0.9982307553291321
348,1,left_eye,82.06657409667969,50.81409454345703,0.9958237409591675
348,2,right_eye,80.58005332946777,51.35611534118652,0.9986661672592163
348,3,left_ear,81.8612289428711,50.54719924926758,0.9942073822021484
348,4,right_ear,79.26461696624756,52.09935188293457,0.998417854309082
348,5,left_shoulder,85.54656982421875,58.57588768005371,0.9978002905845642
348,6,right_shoulder,77.75465488433838,58.892107009887695,0.9993400573730469
348,7,left_elbow,83.74236106872559,54.35873031616211,0.1419905126094818
348,8,right_elbow,74.07132148742676,57.98562049865723,0.9633392691612244
348,9,left_wrist,79.28512573242188,48.27497959136963,0.2419019341468811
348,10,right_wrist,74.65624809265137,50.24428367614746,0.8172140121459961
348,11,left_hip,88.15838813781738,81.98408126831055,0.9998438954353333
348,12,right_hip,83.6739444732666,82.09997177124023,0.9997973442077637
348,13,left_knee,88.02010536193848,101.04578971862793,0.7945834398269653
348,14,right_knee,84.46890830993652,102.02585220336914,0.9646714329719543
348,15,left_ankle,87.84576416015625,120.48681259155273,0.9530267715454102
348,16,right_ankle,69.32074069976807,117.52739906311035,0.9862218499183655
349,0,nose,82.27262496948242,55.71969985961914,0.9984016418457031
349,1,left_eye,82.51577377319336,53.28315258026123,0.9962256550788879
349,2,right_eye,80.61932563781738,53.98013114929199,0.9987958073616028
349,3,left_ear,82.86918640136719,53.27296257019043,0.9947729110717773
349,4,right_ear,79.40503597259521,54.81799125671387,0.9985730051994324
349,5,left_shoulder,85.7335090637207,61.14135265350342,0.9979959726333618
349,6,right_shoulder,77.76168823242188,61.51130676269531,0.9994022846221924
349,7,left_elbow,83.49384307861328,54.606876373291016,0.16800329089164734
349,8,right_elbow,73.46285343170166,57.691054344177246,0.9667866826057434
349,9,left_wrist,77.64278411865234,47.109313011169434,0.27277132868766785
349,10,right_wrist,73.495774269104,47.90332317352295,0.8331853747367859
349,11,left_hip,87.99888610839844,82.95796394348145,0.9998549818992615
349,12,right_hip,84.08778190612793,83.19265365600586,0.9998127818107605
349,13,left_knee,87.52058982849121,101.14019393920898,0.7905771732330322
349,14,right_knee,84.81010437011719,102.00228691101074,0.9660555124282837
349,15,left_ankle,87.0257568359375,120.36266326904297,0.9508188962936401
349,16,right_ankle,69.52796936035156,117.07455635070801,0.986255407333374
350,0,nose,83.43842506408691,52.44868278503418,0.9985489249229431
350,1,left_eye,82.94586181640625,50.80894947052002,0.9965669512748718
350,2,right_eye,81.62356376647949,51.060919761657715,0.9989085793495178
350,3,left_ear,82.60479927062988,51.56057357788086,0.9952656030654907
350,4,right_ear,79.81884956359863,52.071523666381836,0.9987074732780457
350,5,left_shoulder,85.51825523376465,60.8237361907959,0.9981871843338013
350,6,right_shoulder,77.79035091400146,59.60325241088867,0.9994603395462036
350,7,left_elbow,88.52663040161133,62.21217155456543,0.17176398634910583
350,8,right_elbow,74.10665035247803,58.749094009399414,0.9697964191436768
350,9,left_wrist,86.86488151550293,61.93621635437012,0.285110205411911
350,10,right_wrist,73.91531467437744,47.97891139984131,0.847775399684906
350,11,left_hip,88.05864334106445,82.79806137084961,0.999868631362915
350,12,right_hip,84.12219047546387,82.59510040283203,0.9998303055763245
350,13,left_knee,87.53019332885742,101.23466491699219,0.7973002791404724
350,14,right_knee,84.63625907897949,102.01770782470703,0.9672585129737854
350,15,left_ankle,87.08582878112793,120.37211418151855,0.95320725440979
350,16,right_ankle,69.43514347076416,116.91208839416504,0.9872470498085022
351,0,nose,83.7984561920166,51.17307662963867,0.9986727237701416
351,1,left_eye,82.96276092529297,50.53602695465088,0.99684077501297
351,2,right_eye,82.05589294433594,50.555076599121094,0.9990038275718689
351,3,left_ear,82.51745223999023,51.34787559509277,0.995673418045044
351,4,right_ear,80.54046630859375,51.15081787109375,0.9988226890563965
351,5,left_shoulder,85.46403884887695,60.0762939453125,0.998310923576355
351,6,right_shoulder,78.21913242340088,58.56209754943848,0.999505877494812
351,7,left_elbow,86.90105438232422,60.80636024475098,0.16659748554229736
351,8,right_elbow,74.37752723693848,58.717031478881836,0.9722553491592407
351,9,left_wrist,85.02592086791992,57.66632556915283,0.2863539457321167
351,10,right_wrist,73.91956329345703,48.7081241607666,0.8595401644706726
351,11,left_hip,87.88488388061523,82.6038932800293,0.9998766779899597
351,12,right_hip,84.17765617370605,82.48623847961426,0.9998393654823303
351,13,left_knee,87.58454322814941,101.23337745666504,0.8051034212112427
351,14,right_knee,84.52667236328125,102.05904960632324,0.9686872363090515
351,15,left_ankle,87.37153053283691,120.39541244506836,0.9556989073753357
351,16,right_ankle,69.11997318267822,117.02289581298828,0.988070011138916
352,0,nose,83.63429069519043,51.149115562438965,0.9987781643867493
352,1,left_eye,82.46151924133301,50.479230880737305,0.9970877170562744
352,2,right_eye,81.92652702331543,50.53023338317871,0.9990893006324768
352,3,left_ear,82.43996620178223,51.47862434387207,0.9960323572158813
352,4,right_ear,80.40053367614746,51.81002616882324,0.998925507068634
352,5,left_shoulder,85.35641670227051,59.629759788513184,0.9983986020088196
352,6,right_shoulder,78.52969169616699,58.91789436340332,0.9995408058166504
352,7,left_elbow,85.37909507751465,60.57476043701172,0.16339126229286194
352,8,right_elbow,75.11984348297119,58.95119667053223,0.9745520353317261
352,9,left_wrist,82.00373649597168,52.96308994293213,0.29199182987213135
352,10,right_wrist,74.11114692687988,49.10609722137451,0.8713400363922119
352,11,left_hip,87.76460647583008,82.83890724182129,0.9998856782913208
352,12,right_hip,84.27536964416504,82.64106750488281,0.9998499155044556
352,13,left_knee,87.90217399597168,101.25722885131836,0.8081449270248413
352,14,right_knee,84.33521270751953,102.21692085266113,0.9697390198707581
352,15,left_ankle,87.56890296936035,120.37667274475098,0.957025945186615
352,16,right_ankle,68.80780220031738,117.06685066223145,0.9884805679321289
353,0,nose,83.76626968383789,51.071481704711914,0.9988497495651245
353,1,left_eye,82.9716968536377,50.38013458251953,0.9972492456436157
353,2,right_eye,82.0569896697998,50.4130220413208,0.9991432428359985
353,3,left_ear,82.66122817993164,50.928311347961426,0.9962756633758545
353,4,right_ear,80.60378074645996,51.65372848510742,0.9989928007125854
353,5,left_shoulder,86.18070602416992,59.400672912597656,0.9985002875328064
353,6,right_shoulder,78.92416954040527,58.1815767288208,0.9995763301849365
353,7,left_elbow,87.51101493835449,60.51133632659912,0.17029951512813568
353,8,right_elbow,75.18225193023682,55.31562805175781,0.9763298034667969
353,9,left_wrist,85.48687934875488,57.653541564941406,0.2980845272541046
353,10,right_wrist,74.27900791168213,47.73444652557373,0.8777840733528137
353,11,left_hip,87.7824878692627,82.02887535095215,0.999890148639679
353,12,right_hip,84.28441047668457,82.01868057250977,0.999858021736145
353,13,left_knee,87.80606269836426,101.09651565551758,0.8071972131729126
353,14,right_knee,84.20488357543945,101.91930770874023,0.9697685241699219
353,15,left_ankle,87.21565246582031,120.3603744506836,0.95695960521698
353,16,right_ankle,69.0277099609375,117.16238975524902,0.9888437986373901
354,0,nose,83.68009567260742,50.70244312286377,0.9989569187164307
354,1,left_eye,82.89911270141602,49.9818229675293,0.997501015663147
354,2,right_eye,82.04854965209961,50.02077579498291,0.9992242455482483
354,3,left_ear,82.56691932678223,50.09203910827637,0.9966236352920532
354,4,right_ear,80.5372142791748,51.42909049987793,0.9990881681442261
354,5,left_shoulder,85.99861145019531,59.37286376953125,0.9986023902893066
354,6,right_shoulder,78.89627933502197,58.10612678527832,0.9996128082275391
354,7,left_elbow,86.78178787231445,60.22099494934082,0.17093579471111298
354,8,right_elbow,74.45055484771729,56.15065097808838,0.9783620238304138
354,9,left_wrist,85.02832412719727,56.490912437438965,0.3072741627693176
354,10,right_wrist,74.2186975479126,48.15176963806152,0.8879379630088806
354,11,left_hip,87.91975021362305,82.07392692565918,0.9998987317085266
354,12,right_hip,84.2827320098877,82.10665702819824,0.9998689889907837
354,13,left_knee,87.80548095703125,101.33479118347168,0.8121668696403503
354,14,right_knee,83.97234916687012,102.13406562805176,0.9702174663543701
354,15,left_ankle,87.43791580200195,120.54719924926758,0.9585197567939758
354,16,right_ankle,68.98277282714844,117.15667724609375,0.9892173409461975
355,0,nose,82.79932022094727,50.42258262634277,0.9990543723106384
355,1,left_eye,82.00009346008301,49.5776891708374,0.9977281093597412
355,2,right_eye,80.99143981933594,49.7953987121582,0.999297559261322
355,3,left_ear,81.83915138244629,50.00753879547119,0.9969416856765747
355,4,right_ear,79.61791038513184,51.23410701751709,0.9991742968559265
355,5,left_shoulder,85.8773136138916,58.59663963317871,0.9987313747406006
355,6,right_shoulder,78.72210502624512,57.88937568664551,0.9996494054794312
355,7,left_elbow,88.79307746887207,60.42189598083496,0.18074297904968262
355,8,right_elbow,74.48050498962402,57.51320838928223,0.9802747964859009
355,9,left_wrist,88.92427444458008,59.23075199127197,0.3247734606266022
355,10,right_wrist,74.65749263763428,49.610114097595215,0.8972388505935669
355,11,left_hip,87.96297073364258,82.00572967529297,0.9999080300331116
355,12,right_hip,84.22494888305664,82.05530166625977,0.999880850315094
355,13,left_knee,87.80506134033203,101.29064559936523,0.8185033798217773
355,14,right_knee,83.90298843383789,101.99974060058594,0.9716697931289673
355,15,left_ankle,87.68329620361328,120.57354927062988,0.9605608582496643
355,16,right_ankle,68.88211250305176,117.24387168884277,0.989990770816803
356,0,nose,83.17922592163086,52.37926959991455,0.9990946054458618
356,1,left_eye,82.65629768371582,50.499491691589355,0.9977933168411255
356,2,right_eye,81.69239044189453,50.88731288909912,0.9993312358856201
356,3,left_ear,82.55740165710449,50.59854030609131,0.9970217943191528
356,4,right_ear,80.2548885345459,52.08209037780762,0.9992210268974304
356,5,left_shoulder,85.47266006469727,58.35299015045166,0.9987364411354065
356,6,right_shoulder,79.00025367736816,58.30914497375488,0.9996696710586548
356,7,left_elbow,82.85806655883789,58.44926357269287,0.18210074305534363
356,8,right_elbow,74.58245277404785,57.513413429260254,0.981572687625885
356,9,left_wrist,78.5031795501709,52.8421688079834,0.33492761850357056
356,10,right_wrist,74.39633846282959,49.283761978149414,0.9044562578201294
356,11,left_hip,87.96937942504883,82.0016098022461,0.999911904335022
356,12,right_hip,84.2405891418457,82.21281051635742,0.9998853206634521
356,13,left_knee,87.80401229858398,101.36698722839355,0.8193599581718445
356,14,right_knee,83.86695861816406,102.06579208374023,0.970770537853241
356,15,left_ankle,87.71645545959473,120.58411598205566,0.9609564542770386
356,16,right_ankle,68.72421264648438,117.25837707519531,0.9899389147758484
357,0,nose,83.15242767333984,52.30465888977051,0.9991140961647034
357,1,left_eye,82.61914253234863,50.70469379425049,0.9978021383285522
357,2,right_eye,81.62790298461914,50.99321365356445,0.999337375164032
357,3,left_ear,82.53918647766113,51.03549003601074,0.9970874190330505
357,4,right_ear,80.20574569702148,52.040162086486816,0.9992408156394958
357,5,left_shoulder,85.47428131103516,58.44977855682373,0.9987697601318359
357,6,right_shoulder,78.9188003540039,58.03484916687012,0.9996826648712158
357,7,left_elbow,85.57336807250977,57.74253845214844,0.18713590502738953
357,8,right_elbow,74.59836006164551,52.87501335144043,0.9824400544166565
357,9,left_wrist,83.43185424804688,53.1541633605957,0.33017274737358093
357,10,right_wrist,74.95816230773926,46.86419486999512,0.9028502106666565
357,11,left_hip,88.06014060974121,81.92176818847656,0.9999073147773743
357,12,right_hip,84.20381546020508,82.11459159851074,0.9998807311058044
357,13,left_knee,87.97611236572266,101.35139465332031,0.8183557987213135
357,14,right_knee,83.69696617126465,102.00281143188477,0.9706176519393921
357,15,left_ankle,87.7053165435791,120.77264785766602,0.9612609148025513
357,16,right_ankle,68.69875431060791,117.26400375366211,0.9898355603218079
358,0,nose,83.25149536132812,52.22158908843994,0.9991051554679871
358,1,left_eye,82.73935317993164,50.52847862243652,0.997744083404541
358,2,right_eye,81.65776252746582,50.93963623046875,0.9993320107460022
358,3,left_ear,82.25717544555664,50.71056842803955,0.9970366954803467
358,4,right_ear,80.19936561584473,52.030205726623535,0.9992519021034241
358,5,left_shoulder,85.4672908782959,58.42160224914551,0.9987030029296875
358,6,right_shoulder,78.91439914703369,57.8372859954834,0.9996861815452576
358,7,left_elbow,85.01176834106445,56.28727912902832,0.18743465840816498
358,8,right_elbow,74.42629814147949,52.64431953430176,0.9831781983375549
358,9,left_wrist,81.6462230682373,51.371164321899414,0.3250249922275543
358,10,right_wrist,74.7634744644165,47.14261531829834,0.9027379751205444
358,11,left_hip,88.06142807006836,81.8448543548584,0.9999028444290161
358,12,right_hip,84.22187805175781,82.12652206420898,0.9998767971992493
358,13,left_knee,87.96464920043945,101.39245986938477,0.8142759799957275
358,14,right_knee,83.69380950927734,102.17700004577637,0.9695804715156555
358,15,left_ankle,87.7471923828125,120.7412338256836,0.9603531956672668
358,16,right_ankle,68.70553493499756,117.39936828613281,0.9896504878997803
359,0,nose,83.82211685180664,51.961050033569336,0.9991534948348999
359,1,left_eye,82.9725456237793,50.22768974304199,0.9978398680686951
359,2,right_eye,82.1839714050293,50.867037773132324,0.9993655681610107
359,3,left_ear,82.51810073852539,50.46681880950928,0.9971678853034973
359,4,right_ear,80.52484512329102,51.83992862701416,0.9992979764938354
359,5,left_shoulder,85.43725967407227,58.4047269821167,0.9987009763717651
359,6,right_shoulder,78.41336727142334,57.66505241394043,0.9997002482414246
359,7,left_elbow,83.34471702575684,55.360589027404785,0.18858253955841064
359,8,right_elbow,74.32560920715332,52.74864196777344,0.9842213988304138
359,9,left_wrist,79.30746555328369,50.04452705383301,0.3239870071411133
359,10,right_wrist,75.02989768981934,47.38358497619629,0.9064590334892273
359,11,left_hip,88.0573844909668,81.84328079223633,0.999902069568634
359,12,right_hip,84.21182632446289,82.06291198730469,0.999876856803894
359,13,left_knee,87.95857429504395,101.31473541259766,0.8149426579475403
359,14,right_knee,83.68133544921875,102.1567153930664,0.9700068235397339
359,15,left_ankle,87.75701522827148,120.73861122131348,0.9603668451309204
359,16,right_ankle,68.67538452148438,117.7247428894043,0.989764928817749
360,0,nose,83.77325057983398,51.48871421813965,0.9992082715034485
360,1,left_eye,82.96575546264648,49.87644672393799,0.9979562759399414
360,2,right_eye,81.97405815124512,50.306782722473145,0.9994076490402222
360,3,left_ear,82.18181610107422,49.92836952209473,0.9973709583282471
360,4,right_ear,80.20238876342773,51.152448654174805,0.9993489980697632
360,5,left_shoulder,85.67060470581055,57.932372093200684,0.998813271522522
360,6,right_shoulder,77.24174499511719,56.65797233581543,0.9997268319129944
360,7,left_elbow,88.19791793823242,56.87276363372803,0.19319535791873932
360,8,right_elbow,73.21610927581787,53.37423324584961,0.9854685664176941
360,9,left_wrist,88.92141342163086,57.12885856628418,0.3208237886428833
360,10,right_wrist,75.03599643707275,49.501657485961914,0.9102898836135864
360,11,left_hip,88.20691108703613,81.83262825012207,0.9999083876609802
360,12,right_hip,84.05328750610352,81.98190689086914,0.999884307384491
360,13,left_knee,88.07387351989746,101.29491806030273,0.8195500373840332
360,14,right_knee,83.55756759643555,102.15779304504395,0.970238208770752
360,15,left_ankle,88.0131721496582,120.82695007324219,0.9615065455436707
360,16,right_ankle,68.61399173736572,117.75382041931152,0.9899691939353943
361,0,nose,81.47366523742676,50.92765808105469,0.9992437958717346
361,1,left_eye,80.61727523803711,49.43778991699219,0.9980261921882629
361,2,right_eye,79.40751075744629,50.018696784973145,0.9994366765022278
361,3,left_ear,80.49408912658691,49.6600866317749,0.9975272417068481
361,4,right_ear,78.070387840271,50.9960412979126,0.9993880987167358
361,5,left_shoulder,85.44792175292969,56.667490005493164,0.9988980293273926
361,6,right_shoulder,76.71860694885254,56.403584480285645,0.9997442364692688
361,7,left_elbow,88.1019401550293,55.324087142944336,0.20123010873794556
361,8,right_elbow,72.770676612854,53.53273391723633,0.9864595532417297
361,9,left_wrist,87.61423110961914,56.187782287597656,0.3199739456176758
361,10,right_wrist,74.01185035705566,49.45659160614014,0.9125078320503235
361,11,left_hip,88.20294380187988,81.6209602355957,0.9999127984046936
361,12,right_hip,83.97735595703125,81.59939765930176,0.9998883008956909
361,13,left_knee,88.26147079467773,101.00976943969727,0.8215339779853821
361,14,right_knee,83.5504150390625,102.15418815612793,0.9703827500343323
361,15,left_ankle,88.07520866394043,120.8127212524414,0.9621273279190063
361,16,right_ankle,68.61785888671875,117.7168083190918,0.990008533000946
362,0,nose,81.3780689239502,49.96387004852295,0.999281108379364
362,1,left_eye,80.51790237426758,48.3187198638916,0.9981212615966797
362,2,right_eye,79.30529594421387,48.94186496734619,0.9994728565216064
362,3,left_ear,80.27093887329102,48.59508991241455,0.9976845979690552
362,4,right_ear,77.84096717834473,49.977407455444336,0.9994307160377502
362,5,left_shoulder,85.30020713806152,55.89657783508301,0.9989731907844543
362,6,right_shoulder,76.08193397521973,56.075706481933594,0.9997613430023193
362,7,left_elbow,87.73717880249023,55.73439598083496,0.19593137502670288
362,8,right_elbow,73.00672054290771,55.76275825500488,0.9873976707458496
362,9,left_wrist,86.81713104248047,55.93649864196777,0.31583553552627563
362,10,right_wrist,73.43605041503906,49.98530387878418,0.9182823300361633
362,11,left_hip,88.21122169494629,81.51323318481445,0.9999198317527771
362,12,right_hip,83.93514633178711,81.52495384216309,0.9998957514762878
362,13,left_knee,88.22628021240234,101.02209091186523,0.8291000723838806
362,14,right_knee,83.24138641357422,102.49547004699707,0.9703340530395508
362,15,left_ankle,88.16080093383789,120.77672004699707,0.9641216993331909
362,16,right_ankle,68.57626914978027,117.76466369628906,0.9903625249862671
363,0,nose,82.92657852172852,50.605621337890625,0.9993082880973816
363,1,left_eye,82.26633071899414,48.81765365600586,0.998177170753479
363,2,right_eye,80.74954986572266,49.22214984893799,0.9994863271713257
363,3,left_ear,82.02244758605957,48.73467445373535,0.9977787137031555
363,4,right_ear,78.84928226470947,50.027151107788086,0.999453067779541
363,5,left_shoulder,85.38740158081055,56.072754859924316,0.9990174770355225
363,6,right_shoulder,76.33878231048584,56.16225719451904,0.9997723698616028
363,7,left_elbow,87.69516944885254,55.97147464752197,0.1969703733921051
363,8,right_elbow,72.18495845794678,54.03477668762207,0.9880821108818054
363,9,left_wrist,86.95882797241211,56.10304355621338,0.30631422996520996
363,10,right_wrist,73.40219974517822,49.924702644348145,0.9173778891563416
363,11,left_hip,88.23088645935059,81.59180641174316,0.9999181628227234
363,12,right_hip,83.91748428344727,81.66901588439941,0.999890923500061
363,13,left_knee,87.9243278503418,101.45081520080566,0.8313499689102173
363,14,right_knee,82.8962516784668,102.52433776855469,0.9688853621482849
363,15,left_ankle,88.18760871887207,120.74899673461914,0.9647949934005737
363,16,right_ankle,68.51029872894287,117.7802848815918,0.9900422096252441
364,0,nose,83.43180656433105,52.562479972839355,0.9993705749511719
364,1,left_eye,83.41829299926758,50.31867027282715,0.9983394742012024
364,2,right_eye,81.21282577514648,50.94645023345947,0.9995314478874207
364,3,left_ear,83.29977035522461,50.20961284637451,0.9979841709136963
364,4,right_ear,79.28778171539307,51.693949699401855,0.9995015859603882
364,5,left_shoulder,85.99176406860352,56.863465309143066,0.999104380607605
364,6,right_shoulder,77.71749019622803,57.57103443145752,0.9997913837432861
364,7,left_elbow,89.70564842224121,56.100921630859375,0.20443095266819
364,8,right_elbow,72.35596656799316,54.24643516540527,0.9889053106307983
364,9,left_wrist,90.5123519897461,56.956777572631836,0.3004104495048523
364,10,right_wrist,73.5484790802002,50.410966873168945,0.9182976484298706
364,11,left_hip,88.22840690612793,82.15484619140625,0.9999233484268188
364,12,right_hip,83.91919136047363,82.01027870178223,0.999897301197052
364,13,left_knee,87.86074638366699,101.44950866699219,0.8342549800872803
364,14,right_knee,82.34055519104004,102.60735511779785,0.9688513875007629
364,15,left_ankle,88.25039863586426,120.7526683807373,0.9656252264976501
364,16,right_ankle,68.49301338195801,117.79230117797852,0.9899786710739136
365,0,nose,84.07007217407227,52.466793060302734,0.9994292855262756
365,1,left_eye,84.43869590759277,50.37200450897217,0.9984899759292603
365,2,right_eye,82.38656044006348,50.860300064086914,0.9995753765106201
365,3,left_ear,84.35234069824219,50.19939422607422,0.9981746077537537
365,4,right_ear,80.36664962768555,51.43589973449707,0.9995486736297607
365,5,left_shoulder,86.49141311645508,56.83693885803223,0.9991902709007263
365,6,right_shoulder,77.03964233398438,57.43805408477783,0.9998118877410889
365,7,left_elbow,91.79123878479004,60.74125289916992,0.23095092177391052
365,8,right_elbow,71.13539695739746,56.36702060699463,0.9899306297302246
365,9,left_wrist,95.08977890014648,63.849754333496094,0.3388362228870392
365,10,right_wrist,72.69432067871094,50.390567779541016,0.9258389472961426
365,11,left_hip,88.23347091674805,82.20744132995605,0.9999304413795471
365,12,right_hip,83.55305671691895,82.13031768798828,0.9999068379402161
365,13,left_knee,87.79932022094727,101.48055076599121,0.8393783569335938
365,14,right_knee,82.06636428833008,103.01606178283691,0.9682009816169739
365,15,left_ankle,88.2472038269043,120.75122833251953,0.9667675495147705
365,16,right_ankle,68.27551364898682,117.87507057189941,0.9903814792633057
366,0,nose,84.40741539001465,52.32511520385742,0.9994765520095825
366,1,left_eye,84.11337852478027,50.320730209350586,0.9986105561256409
366,2,right_eye,82.24123001098633,50.85125923156738,0.9996122717857361
366,3,left_ear,83.9693546295166,50.21370887756348,0.998336672782898
366,4,right_ear,80.57923316955566,51.40763282775879,0.9995892643928528
366,5,left_shoulder,86.48867607116699,57.088866233825684,0.9992619752883911
366,6,right_shoulder,77.06173896789551,57.45103359222412,0.9998294115066528
366,7,left_elbow,90.48999786376953,59.95453357696533,0.22609943151474
366,8,right_elbow,71.25231742858887,56.20227336883545,0.9907562136650085
366,9,left_wrist,91.8916130065918,63.08825969696045,0.32815760374069214
366,10,right_wrist,72.86087989807129,50.52964210510254,0.929999589920044
366,11,left_hip,88.2197380065918,82.30612754821777,0.9999358057975769
366,12,right_hip,83.56027603149414,82.38653182983398,0.9999136924743652
366,13,left_knee,87.87973403930664,101.48879051208496,0.8443742990493774
366,14,right_knee,82.10001945495605,103.0018424987793,0.9686405658721924
366,15,left_ankle,88.2457447052002,120.75490951538086,0.9682512283325195
366,16,right_ankle,68.28509330749512,117.88504600524902,0.9906549453735352
367,0,nose,84.2886734008789,52.23427772521973,0.9995242357254028
367,1,left_eye,83.96191596984863,50.31296730041504,0.9987342953681946
367,2,right_eye,82.17596054077148,50.613741874694824,0.9996477365493774
367,3,left_ear,83.8349723815918,50.20251274108887,0.9984925985336304
367,4,right_ear,80.5185317993164,51.413469314575195,0.9996269941329956
367,5,left_shoulder,86.7501163482666,57.34102249145508,0.999331533908844
367,6,right_shoulder,77.07756042480469,57.53349304199219,0.9998457431793213
367,7,left_elbow,92.23734855651855,60.6068754196167,0.24422316253185272
367,8,right_elbow,71.38774871826172,57.03822612762451,0.9915786385536194
367,9,left_wrist,94.71517562866211,61.80803298950195,0.34938833117485046
367,10,right_wrist,72.77813911437988,49.57448959350586,0.9359108209609985
367,11,left_hip,88.18326950073242,82.39670753479004,0.9999411106109619
367,12,right_hip,83.57150077819824,82.39507675170898,0.9999209046363831
367,13,left_knee,87.87739753723145,101.50163650512695,0.8472435474395752
367,14,right_knee,82.22630500793457,102.95564651489258,0.9694215655326843
367,15,left_ankle,88.27888488769531,120.72729110717773,0.9689033627510071
367,16,right_ankle,68.29405307769775,117.87652015686035,0.9910030364990234
368,0,nose,84.91453170776367,52.00202465057373,0.9995567798614502
368,1,left_eye,84.80840682983398,50.090579986572266,0.9988188743591309
368,2,right_eye,83.39532852172852,49.89044189453125,0.9996740221977234
368,3,left_ear,83.67369651794434,50.194406509399414,0.9985864162445068
368,4,right_ear,82.15856552124023,50.655574798583984,0.999655544757843
368,5,left_shoulder,86.18891716003418,57.369346618652344,0.9993403553962708
368,6,right_shoulder,78.19253444671631,57.50213146209717,0.9998535513877869
368,7,left_elbow,86.95869445800781,59.175968170166016,0.23665189743041992
368,8,right_elbow,75.08019924163818,58.00649642944336,0.9917932748794556
368,9,left_wrist,82.5188159942627,52.07242488861084,0.3500233292579651
368,10,right_wrist,74.82246398925781,52.124528884887695,0.9394697546958923
368,11,left_hip,87.95577049255371,82.45656967163086,0.9999457597732544
368,12,right_hip,83.69537353515625,82.50943183898926,0.9999271035194397
368,13,left_knee,87.87827491760254,101.45130157470703,0.8501794338226318
368,14,right_knee,82.90228843688965,102.80645370483398,0.9699578881263733
368,15,left_ankle,88.27737808227539,120.52352905273438,0.969345211982727
368,16,right_ankle,68.51052284240723,117.6038646697998,0.9913444519042969
369,0,nose,85.03850936889648,51.76013469696045,0.9995805025100708
369,1,left_eye,84.76792335510254,49.854421615600586,0.9988759756088257
369,2,right_eye,83.42900276184082,49.761037826538086,0.9996927976608276
369,3,left_ear,83.55610847473145,50.122365951538086,0.998654842376709
369,4,right_ear,81.87986373901367,50.36117076873779,0.9996767044067383
369,5,left_shoulder,86.3206672668457,57.34158515930176,0.9993653893470764
369,6,right_shoulder,77.82694816589355,57.31086730957031,0.9998615980148315
369,7,left_elbow,89.04339790344238,59.023141860961914,0.237362802028656
369,8,right_elbow,74.7170639038086,58.23075294494629,0.9921340942382812
369,9,left_wrist,85.87955474853516,53.04547309875488,0.35890278220176697
369,10,right_wrist,74.78073120117188,52.3569393157959,0.9424865245819092
369,11,left_hip,87.7650260925293,82.47526168823242,0.9999493956565857
369,12,right_hip,83.70901107788086,82.57994651794434,0.9999316930770874
369,13,left_knee,87.87604331970215,101.4496898651123,0.8514780402183533
369,14,right_knee,83.42805862426758,102.78532028198242,0.9695239067077637
369,15,left_ankle,88.27639579772949,120.52233695983887,0.9694100618362427
369,16,right_ankle,68.53936672210693,117.66953468322754,0.9915127158164978
370,0,nose,85.03013610839844,51.74939155578613,0.9996192455291748
370,1,left_eye,84.59295272827148,49.871273040771484,0.9989774823188782
370,2,right_eye,83.30521583557129,49.793701171875,0.9997218251228333
370,3,left_ear,83.52358818054199,50.13789176940918,0.9987800121307373
370,4,right_ear,81.68001174926758,50.368547439575195,0.9997074604034424
370,5,left_shoulder,86.50452613830566,57.36797332763672,0.9994187355041504
370,6,right_shoulder,77.70413398742676,57.338624000549316,0.9998745322227478
370,7,left_elbow,89.13496017456055,57.746591567993164,0.24188320338726044
370,8,right_elbow,72.91491508483887,57.486443519592285,0.9928082823753357
370,9,left_wrist,86.40140533447266,53.03153038024902,0.3663799464702606
370,10,right_wrist,74.61728572845459,52.093305587768555,0.9468967914581299
370,11,left_hip,87.8221321105957,82.62589454650879,0.9999539256095886
370,12,right_hip,83.71138572692871,82.74585723876953,0.999937891960144
370,13,left_knee,87.87199020385742,101.48390769958496,0.8534570336341858
370,14,right_knee,83.23037147521973,102.77058601379395,0.9700546860694885
370,15,left_ankle,88.27496528625488,120.52152633666992,0.9701967835426331
370,16,right_ankle,68.47268581390381,117.6705551147461,0.9918919205665588
371,0,nose,84.98407363891602,51.590256690979004,0.9996492862701416
371,1,left_eye,84.5335865020752,49.84848976135254,0.9990550875663757
371,2,right_eye,83.26421737670898,49.7952938079834,0.9997453093528748
371,3,left_ear,82.73557662963867,50.15425682067871,0.9988813996315002
371,4,right_ear,81.4507007598877,50.385894775390625,0.9997329115867615
371,5,left_shoulder,85.61941146850586,57.353901863098145,0.999461829662323
371,6,right_shoulder,77.66133785247803,57.29632377624512,0.999884843826294
371,7,left_elbow,89.52857971191406,56.92960739135742,0.24246001243591309
371,8,right_elbow,73.26964378356934,57.571048736572266,0.9933392405509949
371,9,left_wrist,86.42594337463379,53.011412620544434,0.36812824010849
371,10,right_wrist,74.60234642028809,52.21134662628174,0.9503864645957947
371,11,left_hip,87.75925636291504,82.62812614440918,0.9999576807022095
371,12,right_hip,83.74740600585938,82.73307800292969,0.9999428391456604
371,13,left_knee,87.91802406311035,101.43693923950195,0.8552666902542114
371,14,right_knee,83.24936866760254,102.76205062866211,0.9708942770957947
371,15,left_ankle,88.27898979187012,120.51263809204102,0.9706560373306274
371,16,right_ankle,68.47541809082031,117.80811309814453,0.992259681224823
372,0,nose,85.47677040100098,51.37351036071777,0.9996675848960876
372,1,left_eye,84.44756507873535,49.7080135345459,0.9991235733032227
372,2,right_eye,84.18731689453125,49.616265296936035,0.9997594356536865
372,3,left_ear,82.3672103881836,49.991841316223145,0.998967170715332
372,4,right_ear,83.60526084899902,50.04814147949219,0.9997518062591553
372,5,left_shoulder,79.24078464508057,57.08468437194824,0.9994939565658569
372,6,right_shoulder,85.62872886657715,57.20381259918213,0.9998852014541626
372,7,left_elbow,77.38945007324219,56.952505111694336,0.24905110895633698
372,8,right_elbow,90.49135208129883,57.99664497375488,0.9858006834983826
372,9,left_wrist,76.95122718811035,49.63906288146973,0.36767393350601196
372,10,right_wrist,86.38427734375,53.46778869628906,0.9183801412582397
372,11,left_hip,85.61605453491211,82.59537696838379,0.9999580383300781
372,12,right_hip,85.06219863891602,82.6386547088623,0.9999419450759888
372,13,left_knee,87.94462203979492,100.8799934387207,0.8487271070480347
372,14,right_knee,84.62778091430664,102.15063095092773,0.9710695147514343
372,15,left_ankle,88.28700065612793,120.51872253417969,0.9703210592269897
372,16,right_ankle,68.71683597564697,117.80717849731445,0.9915575981140137
373,0,nose,85.52888870239258,51.8394136428833,0.9996962547302246
373,1,left_eye,84.58348274230957,50.25308609008789,0.9991963505744934
373,2,right_eye,84.24540519714355,49.99434471130371,0.9997802376747131
373,3,left_ear,82.63167381286621,50.39165496826172,0.9990593791007996
373,4,right_ear,83.18509101867676,51.046152114868164,0.9997739195823669
373,5,left_shoulder,79.83811378479004,57.953763008117676,0.9995298385620117
373,6,right_shoulder,83.0632209777832,57.611236572265625,0.9998943209648132
373,7,left_elbow,80.85729598999023,55.15300750732422,0.2394578456878662
373,8,right_elbow,88.75588417053223,56.008758544921875,0.9866570830345154
373,9,left_wrist,79.12842750549316,49.81785774230957,0.3468645513057709
373,10,right_wrist,82.05902099609375,53.1373929977417,0.9173098802566528
373,11,left_hip,85.95479011535645,82.8661060333252,0.9999587535858154
373,12,right_hip,84.9824333190918,82.81915664672852,0.9999445676803589
373,13,left_knee,88.12114715576172,100.78970909118652,0.8446031212806702
373,14,right_knee,84.6587085723877,102.12661743164062,0.9721081256866455
373,15,left_ankle,88.38262557983398,120.46815872192383,0.9694185853004456
373,16,right_ankle,68.87360572814941,117.52776145935059,0.9916754364967346
374,0,nose,84.4442367553711,51.0905647277832,0.9997209310531616
374,1,left_eye,82.88188934326172,49.057087898254395,0.99925696849823
374,2,right_eye,81.98541641235352,49.126787185668945,0.9997986555099487
374,3,left_ear,81.72767639160156,50.19137382507324,0.9991375207901001
374,4,right_ear,81.69198989868164,51.026573181152344,0.9997934103012085
374,5,left_shoulder,82.54340171813965,57.87091255187988,0.9995619058609009
374,6,right_shoulder,81.5750503540039,57.594661712646484,0.9999032616615295
374,7,left_elbow,84.91266250610352,55.44196128845215,0.23635399341583252
374,8,right_elbow,78.26557159423828,56.08262062072754,0.9876939058303833
374,9,left_wrist,83.42514038085938,50.508432388305664,0.34097278118133545
374,10,right_wrist,81.52779579162598,52.94880390167236,0.9221309423446655
374,11,left_hip,86.14498138427734,82.86001205444336,0.9999610185623169
374,12,right_hip,84.67764854431152,82.62954711914062,0.9999483823776245
374,13,left_knee,88.23984146118164,100.57199478149414,0.8437440991401672
374,14,right_knee,84.59884643554688,101.83468818664551,0.973173975944519
374,15,left_ankle,88.38927268981934,120.4383659362793,0.9692870378494263
374,16,right_ankle,68.90277862548828,117.2962474822998,0.9919529557228088
375,0,nose,84.23482894897461,51.203789710998535,0.9997374415397644
375,1,left_eye,82.89422035217285,49.56636905670166,0.9992937445640564
375,2,right_eye,82.02421188354492,49.90767478942871,0.999810516834259
375,3,left_ear,81.75375938415527,50.50854682922363,0.9991905689239502
375,4,right_ear,81.4317512512207,51.423587799072266,0.9998074173927307
375,5,left_shoulder,83.402099609375,57.84137725830078,0.9995754361152649
375,6,right_shoulder,81.10600471496582,57.80830383300781,0.9999082088470459
375,7,left_elbow,85.13079643249512,55.238037109375,0.23455634713172913
375,8,right_elbow,76.24690055847168,55.640573501586914,0.9884750247001648
375,9,left_wrist,82.83937454223633,50.25336265563965,0.3324679732322693
375,10,right_wrist,79.56625938415527,52.57187843322754,0.9232702255249023
375,11,left_hip,86.28076553344727,82.84222602844238,0.9999597072601318
375,12,right_hip,84.46630477905273,82.70840644836426,0.9999476671218872
375,13,left_knee,88.36329460144043,100.58819770812988,0.8423975706100464
375,14,right_knee,84.53866958618164,101.79363250732422,0.9737967252731323
375,15,left_ankle,88.36051940917969,120.42352676391602,0.9688453078269958
375,16,right_ankle,68.94039154052734,117.2999382019043,0.9919255971908569
376,0,nose,84.39255714416504,52.2957706451416,0.9997603893280029
376,1,left_eye,83.91186714172363,50.544490814208984,0.9993553161621094
376,2,right_eye,82.27437973022461,51.10389232635498,0.9998276233673096
376,3,left_ear,83.60471725463867,51.35231018066406,0.9992623329162598
376,4,right_ear,81.42930030822754,52.28567123413086,0.9998250007629395
376,5,left_shoulder,85.61573028564453,57.816147804260254,0.9996010065078735
376,6,right_shoulder,79.43541526794434,58.46267223358154,0.9999159574508667
376,7,left_elbow,83.11582565307617,54.41179275512695,0.23016822338104248
376,8,right_elbow,74.0201473236084,55.699872970581055,0.9892880320549011
376,9,left_wrist,79.19910430908203,49.44129467010498,0.3273203670978546
376,10,right_wrist,77.03569889068604,52.316951751708984,0.9268497824668884
376,11,left_hip,86.82838439941406,82.83188819885254,0.9999620914459229
376,12,right_hip,84.0609073638916,82.70380973815918,0.9999517202377319
376,13,left_knee,88.38360786437988,100.56130409240723,0.8389660716056824
376,14,right_knee,84.43360328674316,101.60226821899414,0.9743045568466187
376,15,left_ankle,88.34098815917969,120.32733917236328,0.9680514931678772
376,16,right_ankle,68.95525455474854,117.24058151245117,0.9920966625213623
377,0,nose,84.39469337463379,52.244954109191895,0.9997735619544983
377,1,left_eye,83.91018867492676,50.56788921356201,0.9993912577629089
377,2,right_eye,82.2886848449707,51.105594635009766,0.9998394250869751
377,3,left_ear,83.57094764709473,51.43048286437988,0.9993022680282593
377,4,right_ear,81.3330078125,52.244629859924316,0.999836802482605
377,5,left_shoulder,85.73192596435547,58.10181140899658,0.9996055960655212
377,6,right_shoulder,78.23955535888672,58.454484939575195,0.9999209642410278
377,7,left_elbow,83.07424545288086,54.4331693649292,0.21870161592960358
377,8,right_elbow,74.06160831451416,56.39503002166748,0.9897260069847107
377,9,left_wrist,79.73128318786621,50.07769584655762,0.31931251287460327
377,10,right_wrist,75.30402183532715,52.298173904418945,0.9298694133758545
377,11,left_hip,86.98046684265137,82.79400825500488,0.9999642968177795
377,12,right_hip,83.90322685241699,82.67526626586914,0.9999552369117737
377,13,left_knee,88.47807884216309,100.53171157836914,0.8352898359298706
377,14,right_knee,84.39208984375,101.66014671325684,0.9740433096885681
377,15,left_ankle,88.34415435791016,120.31903266906738,0.967143177986145
377,16,right_ankle,68.95773410797119,117.29787826538086,0.992190420627594
378,0,nose,84.86321449279785,53.728718757629395,0.9997920989990234
378,1,left_eye,85.1891040802002,51.83206081390381,0.9994418025016785
378,2,right_eye,82.76487350463867,52.165231704711914,0.99985271692276
378,3,left_ear,84.39534187316895,52.11763858795166,0.9993605017662048
378,4,right_ear,81.30769729614258,53.076205253601074,0.999849796295166
378,5,left_shoulder,85.82684516906738,58.54586124420166,0.99961256980896
378,6,right_shoulder,78.25209617614746,59.23777103424072,0.9999234676361084
378,7,left_elbow,83.88908386230469,54.89947319030762,0.20961923897266388
378,8,right_elbow,74.14180755615234,56.55640125274658,0.9898403882980347
378,9,left_wrist,82.93127059936523,51.782989501953125,0.3048442304134369
378,10,right_wrist,75.15057563781738,52.255754470825195,0.9264519810676575
378,11,left_hip,86.97949409484863,82.74820327758789,0.9999648332595825
378,12,right_hip,83.85805130004883,82.61087417602539,0.9999571442604065
378,13,left_knee,88.22368621826172,100.37544250488281,0.835070013999939
378,14,right_knee,84.44211006164551,101.34454727172852,0.973774254322052
378,15,left_ankle,88.33498001098633,120.19807815551758,0.9668053388595581
378,16,right_ankle,68.96121978759766,117.30414390563965,0.9922647476196289
379,0,nose,85.56750297546387,53.87908458709717,0.9998100996017456
379,1,left_eye,86.54207229614258,51.945719718933105,0.999489426612854
379,2,right_eye,83.24091911315918,52.07979679107666,0.9998654127120972
379,3,left_ear,85.41029930114746,52.00235366821289,0.9994166493415833
379,4,right_ear,81.50818824768066,52.99027442932129,0.9998626112937927
379,5,left_shoulder,85.98626136779785,58.89054775238037,0.9996418952941895
379,6,right_shoulder,78.11047554016113,59.088144302368164,0.9999299645423889
379,7,left_elbow,87.72124290466309,60.53110122680664,0.21157236397266388
379,8,right_elbow,72.67547607421875,56.647868156433105,0.9906197786331177
379,9,left_wrist,88.10567855834961,57.845168113708496,0.30957239866256714
379,10,right_wrist,74.98095512390137,52.31708526611328,0.9306221008300781
379,11,left_hip,87.14388847351074,82.61843681335449,0.9999667406082153
379,12,right_hip,83.78268241882324,82.52981185913086,0.9999599456787109
379,13,left_knee,88.10178756713867,100.1285171508789,0.8350284099578857
379,14,right_knee,84.43940162658691,101.36664390563965,0.972266435623169
379,15,left_ankle,88.29397201538086,120.14199256896973,0.9662089943885803
379,16,right_ankle,68.99991035461426,117.27409362792969,0.9922806024551392
380,0,nose,85.37851333618164,52.275190353393555,0.9998175501823425
380,1,left_eye,86.49225234985352,50.668039321899414,0.9995061159133911
380,2,right_eye,83.14976692199707,50.639333724975586,0.9998714327812195
380,3,left_ear,84.37153816223145,50.57093143463135,0.9994346499443054
380,4,right_ear,81.03046417236328,51.28767490386963,0.9998700618743896
380,5,left_shoulder,85.17217636108398,58.01326274871826,0.9996610879898071
380,6,right_shoulder,77.10890769958496,57.921271324157715,0.9999344944953918
380,7,left_elbow,88.2650089263916,60.204501152038574,0.21983566880226135
380,8,right_elbow,73.10404777526855,57.38480567932129,0.9913473129272461
380,9,left_wrist,87.49309539794922,56.75729274749756,0.3332800567150116
380,10,right_wrist,75.26817321777344,52.59514808654785,0.9356020092964172
380,11,left_hip,87.22204208374023,82.08744049072266,0.999968409538269
380,12,right_hip,83.73478889465332,82.03741073608398,0.9999614953994751
380,13,left_knee,87.83201217651367,100.13593673706055,0.8378663063049316
380,14,right_knee,84.30513381958008,101.3848876953125,0.9716418981552124
380,15,left_ankle,88.20500373840332,120.1827335357666,0.9658659100532532
380,16,right_ankle,69.01090145111084,117.27721214294434,0.9924077391624451
381,0,nose,86.0151481628418,52.54685401916504,0.9998236298561096
381,1,left_eye,87.01387405395508,50.842671394348145,0.9995185732841492
381,2,right_eye,84.70128059387207,50.72159767150879,0.9998772144317627
381,3,left_ear,84.97187614440918,50.54226875305176,0.9994526505470276
381,4,right_ear,81.65644645690918,50.915446281433105,0.9998777508735657
381,5,left_shoulder,85.23246765136719,56.70700550079346,0.9996852278709412
381,6,right_shoulder,77.21199035644531,56.373796463012695,0.9999402761459351
381,7,left_elbow,87.84492492675781,59.70244884490967,0.21322625875473022
381,8,right_elbow,72.87798881530762,57.34445571899414,0.9918641448020935
381,9,left_wrist,86.82168006896973,56.608991622924805,0.3276861310005188
381,10,right_wrist,74.68687534332275,52.39987850189209,0.9383009672164917
381,11,left_hip,87.31294631958008,81.66669845581055,0.9999696612358093
381,12,right_hip,83.53841781616211,81.76412582397461,0.9999629855155945
381,13,left_knee,87.82339096069336,100.22832870483398,0.8415012359619141
381,14,right_knee,83.58235359191895,101.6844654083252,0.9711950421333313
381,15,left_ankle,88.35432052612305,120.30228614807129,0.9664190411567688
381,16,right_ankle,68.87681484222412,117.42453575134277,0.992550790309906
382,0,nose,86.72134399414062,52.30539798736572,0.9998228549957275
382,1,left_eye,86.69379234313965,50.676608085632324,0.9995121955871582
382,2,right_eye,85.33348083496094,50.45919418334961,0.999879002571106
382,3,left_ear,85.04240989685059,50.06168842315674,0.9994378685951233
382,4,right_ear,83.52413177490234,50.04660606384277,0.9998803734779358
382,5,left_shoulder,84.40242767333984,55.85237979888916,0.9996939301490784
382,6,right_shoulder,77.97341346740723,55.38458824157715,0.9999445080757141
382,7,left_elbow,84.30431365966797,59.43949222564697,0.20090371370315552
382,8,right_elbow,73.23071479797363,57.503509521484375,0.9921513199806213
382,9,left_wrist,83.55038642883301,54.927897453308105,0.3203079104423523
382,10,right_wrist,74.05676364898682,52.382192611694336,0.9420101046562195
382,11,left_hip,86.7945384979248,81.44697189331055,0.9999710917472839
382,12,right_hip,83.75965118408203,81.21649742126465,0.9999648332595825
382,13,left_knee,87.6931095123291,99.99027252197266,0.8427484631538391
382,14,right_knee,83.58867645263672,101.63856506347656,0.970963180065155
382,15,left_ankle,88.3559799194336,120.30237197875977,0.9668430685997009
382,16,right_ankle,68.87084007263184,117.58018493652344,0.9927096366882324
383,0,nose,86.51395797729492,52.69559383392334,0.9997998476028442
383,1,left_eye,86.43537521362305,51.00741386413574,0.99945068359375
383,2,right_eye,85.27743339538574,50.462374687194824,0.9998656511306763
383,3,left_ear,85.06803512573242,50.10910511016846,0.9993550777435303
383,4,right_ear,83.38756561279297,50.18776893615723,0.9998694062232971
383,5,left_shoulder,84.68851089477539,56.05435371398926,0.9996625781059265
383,6,right_shoulder,78.64185333251953,55.7175874710083,0.9999443888664246
383,7,left_elbow,82.32691764831543,57.88423538208008,0.19979450106620789
383,8,right_elbow,73.29733848571777,57.74956226348877,0.9921828508377075
383,9,left_wrist,79.17176246643066,51.395134925842285,0.3275110125541687
383,10,right_wrist,73.81854057312012,52.331199645996094,0.9446670413017273
383,11,left_hip,86.82222366333008,81.2415885925293,0.9999682903289795
383,12,right_hip,83.79627227783203,81.24880790710449,0.999962568283081
383,13,left_knee,87.5011157989502,100.01409530639648,0.8419676423072815
383,14,right_knee,83.88155937194824,101.68046951293945,0.9689987897872925
383,15,left_ankle,88.01987648010254,120.25717735290527,0.9652712941169739
383,16,right_ankle,69.00628089904785,117.57899284362793,0.9922256469726562
384,0,nose,86.41192436218262,52.682671546936035,0.9997701644897461
384,1,left_eye,86.27904891967773,51.00165367126465,0.9993704557418823
384,2,right_eye,85.50561904907227,50.473670959472656,0.9998375177383423
384,3,left_ear,84.88994598388672,50.09242534637451,0.9992434978485107
384,4,right_ear,84.36793327331543,50.264387130737305,0.9998365640640259
384,5,left_shoulder,82.46565818786621,56.147446632385254,0.9996541142463684
384,6,right_shoulder,81.84557914733887,55.741024017333984,0.9999396204948425
384,7,left_elbow,78.22234153747559,57.60951519012451,0.20167651772499084
384,8,right_elbow,80.2580451965332,57.854247093200684,0.989763081073761
384,9,left_wrist,76.33785247802734,51.35000228881836,0.3361475169658661
384,10,right_wrist,76.15126132965088,53.585448265075684,0.9390000700950623
384,11,left_hip,86.13367080688477,81.23737335205078,0.9999654293060303
384,12,right_hip,84.33014869689941,81.26030921936035,0.9999587535858154
384,13,left_knee,87.25329399108887,100.0340747833252,0.839607298374176
384,14,right_knee,84.32727813720703,101.4543342590332,0.9685285091400146
384,15,left_ankle,88.01477432250977,120.20331382751465,0.9641268253326416
384,16,right_ankle,69.32940483093262,117.5877571105957,0.9915803670883179
385,0,nose,86.3282585144043,53.37536334991455,0.9997705817222595
385,1,left_eye,86.42631530761719,51.562509536743164,0.9993700385093689
385,2,right_eye,85.32732009887695,51.3051700592041,0.9998395442962646
385,3,left_ear,85.55788040161133,50.503196716308594,0.9992492198944092
385,4,right_ear,83.99415016174316,50.30912399291992,0.9998396039009094
385,5,left_shoulder,85.9239387512207,56.343374252319336,0.9996436834335327
385,6,right_shoulder,78.60491752624512,55.86728572845459,0.9999430775642395
385,7,left_elbow,82.21765518188477,58.28293800354004,0.2068527787923813
385,8,right_elbow,74.16371822357178,57.608633041381836,0.9900612235069275
385,9,left_wrist,76.68243408203125,52.718400955200195,0.3467104434967041
385,10,right_wrist,74.44143772125244,52.77503490447998,0.9406811594963074
385,11,left_hip,87.07368850708008,81.26772880554199,0.9999638199806213
385,12,right_hip,84.01219367980957,81.2736988067627,0.9999582171440125
385,13,left_knee,87.1160888671875,100.25921821594238,0.839393138885498
385,14,right_knee,83.86960983276367,101.45841598510742,0.9658659100532532
385,15,left_ankle,87.98583030700684,120.20868301391602,0.9633249640464783
385,16,right_ankle,69.3365478515625,117.60902404785156,0.9911133050918579
386,0,nose,86.35712623596191,53.32481384277344,0.9997826218605042
386,1,left_eye,86.38999938964844,51.51135444641113,0.9994022250175476
386,2,right_eye,85.19417762756348,51.281447410583496,0.9998504519462585
386,3,left_ear,85.40468215942383,50.40011405944824,0.999289870262146
386,4,right_ear,83.81921768188477,50.303101539611816,0.9998504519462585
386,5,left_shoulder,85.91907501220703,56.30837440490723,0.9996491074562073
386,6,right_shoulder,78.60832214355469,56.21716022491455,0.9999472498893738
386,7,left_elbow,81.65518760681152,56.82291507720947,0.2067849338054657
386,8,right_elbow,73.73734474182129,58.98265838623047,0.9906668663024902
386,9,left_wrist,77.17217922210693,50.04523277282715,0.3597392439842224
386,10,right_wrist,74.26255226135254,52.48642921447754,0.9453902244567871
386,11,left_hip,87.23443984985352,81.28706932067871,0.9999662637710571
386,12,right_hip,83.95116806030273,81.36133193969727,0.9999614357948303
386,13,left_knee,87.13775634765625,100.35199165344238,0.8417499661445618
386,14,right_knee,83.9665412902832,101.45998001098633,0.9664257764816284
386,15,left_ankle,87.91153907775879,120.21320343017578,0.9635012149810791
386,16,right_ankle,69.40381526947021,117.61144638061523,0.9914107322692871
387,0,nose,86.3282585144043,53.34628105163574,0.9997863173484802
387,1,left_eye,86.33129119873047,51.507086753845215,0.9994075894355774
387,2,right_eye,84.92025375366211,51.385064125061035,0.9998538494110107
387,3,left_ear,85.34707069396973,50.41459560394287,0.9992979764938354
387,4,right_ear,83.78877639770508,50.33561706542969,0.999854326248169
387,5,left_shoulder,86.4937973022461,56.289801597595215,0.9996529221534729
387,6,right_shoulder,77.72132873535156,56.224122047424316,0.9999503493309021
387,7,left_elbow,83.82174491882324,58.057870864868164,0.2039625346660614
387,8,right_elbow,73.49016666412354,58.667001724243164,0.9908463358879089
387,9,left_wrist,80.19108772277832,53.871493339538574,0.3556720018386841
387,10,right_wrist,74.26314353942871,52.293877601623535,0.9454289674758911
387,11,left_hip,87.26366996765137,81.33049964904785,0.9999655485153198
387,12,right_hip,83.86812210083008,81.38290405273438,0.9999616742134094
387,13,left_knee,87.1424674987793,100.50841331481934,0.8404862284660339
387,14,right_knee,84.04504776000977,101.46711349487305,0.9654632806777954
387,15,left_ankle,87.9069709777832,120.22394180297852,0.9632096886634827
387,16,right_ankle,69.46221828460693,117.59531021118164,0.9913305044174194
388,0,nose,85.55418968200684,51.84844970703125,0.9997954368591309
388,1,left_eye,85.5040168762207,50.196146965026855,0.9994308948516846
388,2,right_eye,84.11822319030762,50.18441677093506,0.9998611211776733
388,3,left_ear,85.07858276367188,50.10439395904541,0.9993188381195068
388,4,right_ear,82.68877029418945,50.16023635864258,0.9998610019683838
388,5,left_shoulder,86.36778831481934,56.743173599243164,0.9996023178100586
388,6,right_shoulder,77.83659934997559,56.33720397949219,0.999949038028717
388,7,left_elbow,83.41533660888672,57.61810779571533,0.2083345353603363
388,8,right_elbow,73.46805572509766,58.67398262023926,0.9912195205688477
388,9,left_wrist,79.94078636169434,50.05429744720459,0.37134572863578796
388,10,right_wrist,73.86590480804443,51.456146240234375,0.9491453170776367
388,11,left_hip,87.21390724182129,81.67710304260254,0.9999665021896362
388,12,right_hip,83.84684562683105,81.67268753051758,0.9999630451202393
388,13,left_knee,86.93592071533203,100.9343147277832,0.8418619632720947
388,14,right_knee,84.01776313781738,102.06965446472168,0.9658564925193787
388,15,left_ankle,87.86214828491211,120.27867317199707,0.9625341892242432
388,16,right_ankle,69.46967124938965,117.61253356933594,0.9913249015808105
389,0,nose,85.55728912353516,53.52604389190674,0.9997760653495789
389,1,left_eye,85.66203117370605,50.99741458892822,0.9993892312049866
389,2,right_eye,83.86794090270996,51.04064464569092,0.9998508095741272
389,3,left_ear,85.34287452697754,50.13017654418945,0.9992963671684265
389,4,right_ear,82.75779724121094,50.19787788391113,0.9998540878295898
389,5,left_shoulder,86.95161819458008,56.19128227233887,0.9996218681335449
389,6,right_shoulder,77.05647468566895,55.839223861694336,0.9999526143074036
389,7,left_elbow,86.01554870605469,57.99169063568115,0.20773282647132874
389,8,right_elbow,73.21349143981934,58.594584465026855,0.9910616874694824
389,9,left_wrist,82.62689590454102,55.30993461608887,0.3586679697036743
389,10,right_wrist,73.992018699646,51.48958683013916,0.9445029497146606
389,11,left_hip,87.28697776794434,80.9535026550293,0.9999601244926453
389,12,right_hip,83.49899291992188,80.85996627807617,0.9999597072601318
389,13,left_knee,86.96287155151367,100.2859115600586,0.8373444676399231
389,14,right_knee,84.01643753051758,101.63727760314941,0.9640641212463379
389,15,left_ankle,87.91131973266602,120.25795936584473,0.9610004425048828
389,16,right_ankle,69.46618556976318,117.54818916320801,0.9908132553100586
390,0,nose,85.56059837341309,51.73043251037598,0.9997625946998596
390,1,left_eye,85.77608108520508,50.55129051208496,0.9993628859519958
390,2,right_eye,84.15605545043945,49.636969566345215,0.9998416900634766
390,3,left_ear,85.29538154602051,48.89681816101074,0.9992523193359375
390,4,right_ear,82.57940292358398,49.33394432067871,0.9998476505279541
390,5,left_shoulder,87.16854095458984,55.14615058898926,0.9996382594108582
390,6,right_shoulder,76.68836116790771,55.13619422912598,0.9999552965164185
390,7,left_elbow,88.08016777038574,60.488152503967285,0.2085879147052765
390,8,right_elbow,74.40018653869629,58.57594013214111,0.9913643002510071
390,9,left_wrist,85.4148006439209,58.7874174118042,0.36171233654022217
390,10,right_wrist,79.77547645568848,54.00942325592041,0.9453707337379456
390,11,left_hip,87.8167724609375,80.68504333496094,0.9999603629112244
390,12,right_hip,83.38874816894531,80.8564567565918,0.9999598264694214
390,13,left_knee,86.95913314819336,100.29240608215332,0.8371480703353882
390,14,right_knee,83.66973876953125,101.7350959777832,0.9611173868179321
390,15,left_ankle,87.89320945739746,120.23130416870117,0.9585416316986084
390,16,right_ankle,69.50814247131348,117.5078296661377,0.9900235533714294
391,0,nose,85.57920455932617,52.813477516174316,0.9997472167015076
391,1,left_eye,85.82217216491699,51.156601905822754,0.9993239045143127
391,2,right_eye,84.10836219787598,50.99677085876465,0.9998345375061035
391,3,left_ear,85.24396896362305,49.532976150512695,0.999209463596344
391,4,right_ear,82.58611679077148,50.162129402160645,0.9998409152030945
391,5,left_shoulder,87.03583717346191,55.877957344055176,0.9996442794799805
391,6,right_shoulder,76.82209968566895,56.00053787231445,0.9999568462371826
391,7,left_elbow,87.38497734069824,58.5292387008667,0.21307700872421265
391,8,right_elbow,74.82953548431396,58.5288143157959,0.9914690256118774
391,9,left_wrist,84.72501754760742,53.86281490325928,0.3707115352153778
391,10,right_wrist,78.44193935394287,52.794575691223145,0.945902407169342
391,11,left_hip,87.6717758178711,80.74464797973633,0.9999588131904602
391,12,right_hip,83.39654922485352,80.89899063110352,0.9999588131904602
391,13,left_knee,86.96952819824219,100.29301643371582,0.8257846236228943
391,14,right_knee,84.04311180114746,101.5880298614502,0.9582575559616089
391,15,left_ankle,87.0493221282959,120.0605583190918,0.9544901251792908
391,16,right_ankle,69.6623706817627,117.62602806091309,0.9895434975624084
392,0,nose,83.21733474731445,51.28767967224121,0.9996862411499023
392,1,left_eye,83.25631141662598,49.34000492095947,0.9991906881332397
392,2,right_eye,81.58816337585449,49.67402458190918,0.9997968077659607
392,3,left_ear,83.51484298706055,48.793559074401855,0.9990370869636536
392,4,right_ear,80.23386001586914,49.68167304992676,0.9998068809509277
392,5,left_shoulder,87.00170516967773,55.71171760559082,0.9995927810668945
392,6,right_shoulder,76.93619728088379,55.91603755950928,0.9999507665634155
392,7,left_elbow,87.05556869506836,58.30454349517822,0.21667872369289398
392,8,right_elbow,74.8059606552124,58.48648548126221,0.991175651550293
392,9,left_wrist,84.20886039733887,53.53149890899658,0.3747418522834778
392,10,right_wrist,77.9280948638916,52.75599956512451,0.9448131322860718
392,11,left_hip,87.62138366699219,80.7658576965332,0.9999526143074036
392,12,right_hip,83.11739921569824,80.84650993347168,0.999952495098114
392,13,left_knee,86.85294151306152,100.37221908569336,0.821751058101654
392,14,right_knee,84.0391731262207,101.7711067199707,0.9564225673675537
392,15,left_ankle,86.92679405212402,120.05044937133789,0.9520971775054932
392,16,right_ankle,69.66450691223145,117.62310981750488,0.9889448285102844
393,0,nose,83.63340377807617,49.64907169342041,0.9994980096817017
393,1,left_eye,83.3339786529541,47.908806800842285,0.9987430572509766
393,2,right_eye,81.92743301391602,48.22667121887207,0.9996618032455444
393,3,left_ear,82.98500061035156,48.034396171569824,0.9981861114501953
393,4,right_ear,80.69086074829102,48.7785530090332,0.9996482133865356
393,5,left_shoulder,84.32555198669434,55.48171043395996,0.999422550201416
393,6,right_shoulder,80.44445037841797,55.524420738220215,0.9999186396598816
393,7,left_elbow,80.8393669128418,58.32174777984619,0.20750172436237335
393,8,right_elbow,79.62394714355469,59.25196647644043,0.9877006411552429
393,9,left_wrist,78.96578311920166,51.988606452941895,0.3659125566482544
393,10,right_wrist,79.52344417572021,54.8496150970459,0.9369667172431946
393,11,left_hip,86.21193885803223,80.78988075256348,0.9999446868896484
393,12,right_hip,83.88051986694336,80.72893142700195,0.9999421238899231
393,13,left_knee,86.83334350585938,100.3757095336914,0.816814661026001
393,14,right_knee,84.0384292602539,101.75649642944336,0.955120861530304
393,15,left_ankle,87.2978401184082,120.05389213562012,0.9500156044960022
393,16,right_ankle,69.66683387756348,117.69015312194824,0.9879373908042908
394,0,nose,84.04092788696289,50.365047454833984,0.9995275735855103
394,1,left_eye,83.6347484588623,48.71007442474365,0.9988089799880981
394,2,right_eye,83.08038711547852,48.806843757629395,0.9996789693832397
394,3,left_ear,83.08959007263184,48.75353813171387,0.9982707500457764
394,4,right_ear,82.4969482421875,49.668898582458496,0.9996641874313354
394,5,left_shoulder,84.22475814819336,56.94877624511719,0.9994010925292969
394,6,right_shoulder,81.27184867858887,57.185916900634766,0.9999131560325623
394,7,left_elbow,79.91887092590332,57.55215644836426,0.22934257984161377
394,8,right_elbow,79.73856925964355,59.935545921325684,0.9879863858222961
394,9,left_wrist,76.44973754882812,47.07066535949707,0.40077468752861023
394,10,right_wrist,79.08531188964844,53.031954765319824,0.9405814409255981
394,11,left_hip,85.61010360717773,81.35062217712402,0.9999449849128723
394,12,right_hip,84.08600807189941,81.71220779418945,0.9999417662620544
394,13,left_knee,86.64051055908203,100.45716285705566,0.8183044195175171
394,14,right_knee,84.12005424499512,102.07789421081543,0.9567285180091858
394,15,left_ankle,86.87934875488281,120.07988929748535,0.949229896068573
394,16,right_ankle,69.67459201812744,117.69064903259277,0.987980842590332
395,0,nose,84.11998748779297,50.51067352294922,0.9995597004890442
395,1,left_eye,84.13100242614746,48.85757923126221,0.9988880157470703
395,2,right_eye,83.10422897338867,48.89294624328613,0.9997026324272156
395,3,left_ear,83.42796325683594,48.77523422241211,0.9983900189399719
395,4,right_ear,82.41768836975098,49.61756706237793,0.9996885657310486
395,5,left_shoulder,86.28642082214355,56.481261253356934,0.9993948340415955
395,6,right_shoulder,79.65574741363525,57.095069885253906,0.9999175071716309
395,7,left_elbow,80.89960098266602,57.58721351623535,0.23641017079353333
395,8,right_elbow,76.89155578613281,60.490875244140625,0.9883669018745422
395,9,left_wrist,77.96981811523438,48.81289482116699,0.4184015095233917
395,10,right_wrist,77.55786895751953,52.935218811035156,0.9442638158798218
395,11,left_hip,85.72111129760742,81.49599075317383,0.9999465942382812
395,12,right_hip,83.85041236877441,81.69013023376465,0.9999440312385559
395,13,left_knee,86.64167404174805,100.66141128540039,0.8183515667915344
395,14,right_knee,84.15176391601562,102.0687484741211,0.9568508267402649
395,15,left_ankle,86.66448593139648,120.08787155151367,0.948586642742157
395,16,right_ankle,69.65223789215088,117.72663116455078,0.9878600835800171
396,0,nose,84.3400764465332,50.00469207763672,0.9995518922805786
396,1,left_eye,84.2038345336914,48.3234977722168,0.998877227306366
396,2,right_eye,83.1212043762207,48.51494789123535,0.9997052550315857
396,3,left_ear,83.51253509521484,48.71333122253418,0.9983793497085571
396,4,right_ear,82.20850944519043,49.33474063873291,0.9996880292892456
396,5,left_shoulder,86.26688003540039,56.48392200469971,0.999390184879303
396,6,right_shoulder,79.53089714050293,57.04482078552246,0.9999174475669861
396,7,left_elbow,82.5953483581543,59.27031993865967,0.23293451964855194
396,8,right_elbow,78.39406490325928,62.84804344177246,0.9883620142936707
396,9,left_wrist,78.51725578308105,52.21491813659668,0.4202124774456024
396,10,right_wrist,79.84688758850098,56.9066047668457,0.9461328983306885
396,11,left_hip,85.84184646606445,81.51212692260742,0.9999455809593201
396,12,right_hip,83.65187644958496,81.65549278259277,0.9999426007270813
396,13,left_knee,86.64976119995117,100.73022842407227,0.8199419975280762
396,14,right_knee,84.15140151977539,102.06279754638672,0.957038402557373
396,15,left_ankle,86.67768478393555,120.07073402404785,0.9476593732833862
396,16,right_ankle,69.61804389953613,117.72298812866211,0.9878116846084595
397,0,nose,84.35273170471191,49.6561861038208,0.9995567202568054
397,1,left_eye,84.20366287231445,47.97869682312012,0.9988906383514404
397,2,right_eye,82.94134140014648,48.267621994018555,0.9997139573097229
397,3,left_ear,83.56791496276855,48.453030586242676,0.9984040856361389
397,4,right_ear,81.6226577758789,49.18243408203125,0.999695360660553
397,5,left_shoulder,86.2517261505127,56.48490905761719,0.9993951320648193
397,6,right_shoulder,78.5054874420166,56.8318510055542,0.9999194145202637
397,7,left_elbow,83.55713844299316,59.16270732879639,0.2330852895975113
397,8,right_elbow,78.7322998046875,62.886199951171875,0.9884147644042969
397,9,left_wrist,78.85730743408203,52.17644691467285,0.4274601340293884
397,10,right_wrist,81.17164611816406,56.531357765197754,0.9478840827941895
397,11,left_hip,85.87968826293945,81.51076316833496,0.9999455213546753
397,12,right_hip,83.48926544189453,81.63858413696289,0.9999423623085022
397,13,left_knee,86.6790771484375,100.80205917358398,0.8205081820487976
397,14,right_knee,84.15836334228516,102.0572280883789,0.9570995569229126
397,15,left_ankle,86.80062294006348,120.10610580444336,0.946954071521759
397,16,right_ankle,69.55332279205322,117.72099494934082,0.9877487421035767
398,0,nose,84.7291088104248,51.46056652069092,0.9995875954627991
398,1,left_eye,84.87432479858398,49.53475475311279,0.9989709258079529
398,2,right_eye,83.13862800598145,49.62752819061279,0.9997342228889465
398,3,left_ear,84.54944610595703,49.13985252380371,0.9985212087631226
398,4,right_ear,82.07987785339355,49.77433204650879,0.9997172951698303
398,5,left_shoulder,87.5556468963623,56.51467800140381,0.9994372725486755
398,6,right_shoulder,78.54283332824707,56.81844234466553,0.9999264478683472
398,7,left_elbow,85.88464736938477,61.214680671691895,0.23959501087665558
398,8,right_elbow,77.8298282623291,62.469520568847656,0.9885887503623962
398,9,left_wrist,81.5087890625,56.22445106506348,0.43653592467308044
398,10,right_wrist,80.93965530395508,56.138014793395996,0.9482448101043701
398,11,left_hip,85.91794013977051,81.50757789611816,0.9999470710754395
398,12,right_hip,83.37459564208984,81.58136367797852,0.9999458193778992
398,13,left_knee,86.24855041503906,100.79568862915039,0.8094750642776489
398,14,right_knee,84.67403411865234,101.95771217346191,0.9558705687522888
398,15,left_ankle,80.38423538208008,118.90413284301758,0.9415792226791382
398,16,right_ankle,75.65508365631104,118.14249992370605,0.9878636002540588
